<dir>
        <title>AFI's 100 Most Thrilling American Films</title>

        <link>https://pastebin.com/raw/MJvfPktr</link>
          
        <animated_thumbnail></animated_thumbnail>
          
        <thumbnail></thumbnail>
          
        <animated_fanart></animated_fanart>
          
        <fanart></fanart>
		
		<summary>Part of the AFI 100 Years… series, AFI's 100 Years…100 Thrills is a list of the top 100 heart-pounding movies in American cinema. The list was unveiled by the American Film Institute on June 12, 2001, during a CBS special hosted by Harrison Ford.</summary>

</dir>
<dir>
      <title>Cosa Nostra, Bloods, Crips and Mexican Mafia Mob Movies</title>
      <link>file://movie/genre-mafia-ghetto.xml</link>
	  <thumbnail></thumbnail>
</dir>

<dir>
        <name>Chick Flicks</name>

        <link>file://bossshowcase/Chicks.xml</link>
          
          
        <thumbnail></thumbnail>
          
          
        <fanart></fanart>
        
		<summary>Movies for the woman of the house</summary>

</dir>

<dir>
        <title>Horror or Thriller Films</title>

        <link>https://pastebin.com/raw/4DrTM6gq</link>
          
        <animated_thumbnail></animated_thumbnail>
          
        <thumbnail></thumbnail>
          
        <animated_fanart></animated_fanart>
          
        <fanart></fanart>
		
		<summary>Not all strictly science-fiction, this is still a good list of a lot of movies for those who enjoy the science-fiction genre.</summary>

</dir>

<dir>
        <title>Kung Fu movies</title>

        <link>file://formats/kung fu.xml</link>
          
        <animated_thumbnail></animated_thumbnail>
          
        <thumbnail></thumbnail>
          
        <animated_fanart></animated_fanart>
          
        <fanart></fanart>
		
		<summary></summary>

</dir>

<dir>
      <title>IMDB: 250 Top Rated Movies</title>
      <link>file://movie/imdb-top-rated.xml</link>
	  <thumbnail>https://trakt.tv/assets/lists/imdb/logo-58dce03006c42efa30725b1aa83d38a6.png</thumbnail>
</dir>

<dir>
      <title>Rotten Tomatoes: Best of 2018</title>
      <link>file://movie/rotten-tomatoes-best-of-2018.xml</link>
	  <thumbnail>https://encrypted-tbn0.gstatic.com/images?q=tbn:ANd9GcQY63lvryluQluzrQeW9RjNG6E4T0mcgGeM1elj4nY4MU4nqpqF</thumbnail>
</dir>

<dir>
      <title>Rotten Tomatoes: Best Horror Movies of All Time</title>
      <trakt>https://api.trakt.tv/users/blackstar3000/lists/</trakt>
	  <thumbnail>https://encrypted-tbn0.gstatic.com/images?q=tbn:ANd9GcQY63lvryluQluzrQeW9RjNG6E4T0mcgGeM1elj4nY4MU4nqpqF</thumbnail>
</dir>

<dir>
        <title>Science Fiction</title>

        <link>file://movie/Good Science Fiction Flicks.xml</link>
          
        <animated_thumbnail></animated_thumbnail>
          
        <thumbnail></thumbnail>
          
        <animated_fanart></animated_fanart>
          
        <fanart></fanart>
		
		<summary>Not all strictly science-fiction, this is still a good list of a lot of movies for those who enjoy the science-fiction genre.</summary>

</dir>

<dir>
        <title>Top 50 Grossing Films of All Time (Worldwide)</title>

        <link>file://movie/Top 50 Grossing Films of All Time Worldwide.xml</link>
          
        <animated_thumbnail></animated_thumbnail>
          
        <thumbnail></thumbnail>
          
        <animated_fanart></animated_fanart>
          
        <fanart></fanart>
		
		<summary>Name pretty much says it all, here's the top 50 grossing films of all time.</summary>

</dir>

<dir>
        <title>The Golden Globes</title>

        <link>file://movie/Best Picture Winners The Golden Globe.xml</link>
          
        <animated_thumbnail></animated_thumbnail>
          
        <thumbnail></thumbnail>
          
        <animated_fanart></animated_fanart>
          
        <fanart>http://cimg.tvgcdn.net/i/2017/01/04/d672091b-dba2-4fb1-b740-83e20c8c2944/goldenglobe-news.jpg</fanart>
		
		<summary>Best Picture Winners</summary>

</dir>

<dir>
        <title>Westerns</title>

        <link>file://movie/Favourite Westerns.xml</link>
          
        <animated_thumbnail>special://home/addons/plugin.video.boss/resources/media/icon.jpg</animated_thumbnail>
          
        
          
        <animated_fanart></animated_fanart>
          
        <fanart></fanart>
		
		<summary>Quite simple, really - it's my favourite westerns, in a very liquid, ever-shifting order.</summary>

</dir>

<plugin>
<title>Hunting Fishing TV</title>
<link>plugin://plugin.video.youtube/channel/UC0BBWq29RtRFKmmlz0thhdQ/playlists/</link>
<thumbnail></thumbnail>
</plugin>


<item>
        <title>Testing </title>

        <link>http://ekasiwap.com/files/Ekasi_Adult_Videos/Ekasi_Nudes_Videos/</link>
          

</item>