<dir>
      <title>****************Boss Newest Releases*****************</title>
    
      <link></link> 
          
      <thumbnail></thumbnail>
          
          
      <fanart></fanart>
        
      <summary></summary>

</dir>
<item>
<title>[COLOR gold]Newest Releases (Direct Links) [/COLOR]</title>
</item>

<dir>
    <title>Newest Releases</title>
    <Airtable>newest_releases2</Airtable>
</dir>


<item>
   <title>[COLOR gold]Scoob 2020 1080p[/COLOR]S</title>
   <link>
       <sublink>https://rapidgator.net/file/b725f835ed1625343bd9b0e0f9862812/s.2020.1080p.bluray.x264-drones.mkv.html([COLOR=gold] Scoob.2020 1080p [/COLOR][Openload][COLOR=blue] [RD][/COLOR])</sublink>
      <sublink>https://rapidgator.net/file/5c7fd8210350f3e523881f9997a8be72/s.2020.bdrip.x264-drones.mkv.html</sublink>
      <sublink>https://rapidgator.net/file/39c48450c9db0ea638a6243d227b4c1e/S.2020.720p.BluRay.H264.AAC-RARBG.mp4.html</sublink>
   </link>
   <thumbnail>https://rlsbb.unblockit.id/imgp/images/ZIQMAukV1.jpg</thumbnail>
   <fanart>https://rlsbb.unblockit.id/imgp/images/M3FXEp.jpg</fanart>
   <summary>Plot: Scooby-Doo is the hero of his own story in “SCOOB!,” the first full-length, theatrical animated Scooby-Doo adventure, which reveals how he and his best friend Shaggy became two of the world’s most beloved crime busters. The story takes us back to where it all began, when a young Scooby and Shaggy first meet, and team up with Velma, Daphne, and Fred to launch Mystery Incorporated.</summary>
</item>
