<dir>
      <title>****************Boss Blacked.com*****************</title>
    
      <link></link> 
          
      <thumbnail></thumbnail>
          
          
      <fanart></fanart>
        
      <summary></summary>

</dir>


<item>
<title>$$[BLACKED] Brooke Benz – Internet Crush
Released: August 18, 2018</title>

<link>https://rapidgator.net/file/bc05b681d2894d16a31d2b48a6f305d6/Blacked.18.08.18.Brooke.Benz.XXX.SD.MP4-KLEENEX.mp4.html?referer=https://adultbay.org/?cat=215</link>

<thumbnail>http://pixhost.to/show/226/79111870_100824.jpg</thumbnail>
<fanart>http://pron.tv/thumbnailsource/711b8ae5c468d013290fcd0a1f5b5b0f</fanart>
<summary>Ariana Marie, Adria Rae - Two Girlfriends Share a BBC</summary>
</item>