<dir>
      <title>****************Boss Full Movies*****************</title>
    
      <link></link> 
          
      <thumbnail></thumbnail>
          
          
      <fanart></fanart>
        
      <summary></summary>

</dir>


<item>
<title>Lexs Anal Champions 2</title>
<meta>
<content>movie</content>
<imdb></imdb>
<title>Lexs Anal Champions 2</title>
<year>2017</year>
    
</meta>
<link>
<sublink>http://144.217.254.50/myfiles/28457686/28457686-1479478576_1.mp4_1.mp4/?h=hJM3iv281EGRcI1fXJ-_ow&e=1517824800(BOSS-Part 1)</sublink>
<sublink>http://144.217.254.39/myfiles/28457686/28457686-1479478576_1.mp4_2.mp4/?h=0YnBakuJ7O2t5IBkzzhXwg&e=1517824800(BOSS-Part 2)</sublink>
<sublink>http://144.217.254.52/myfiles/28457686/28457686-1479478576_1.mp4_3.mp4/?h=nznIkileVMWKLyVlK1KwTw&e=1517824800(BOSS-Part 3)</sublink>
<sublink>http://144.217.254.40/myfiles/28457686/28457686-1479478576_2.mp4_1.mp4/?h=-FuqV4bnXtVWiGqKU2zDdQ&e=1517824800(BOSS-Part 4)</sublink>
<sublink>http://144.217.254.50/myfiles/28457686/28457686-1479478576_2.mp4_2.mp4/?h=t36MDgOr7GrYt3iNx9MjWQ&e=1517824800(BOSS-Part 5)</sublink>
<sublink>search</sublink>
<sublink>searchsd</sublink>
</link>
        
<thumbnail>http://cdn.hdporn4.me/hdporn4me_img/21160/1-430x0.jpg</thumbnail>
<fanart>https://caps2cdn.adultempire.com/o/3740/1920/1863740_05410_1920c.jpg</fanart>
</item>

<item>
<title>Phatty Girls Collection</title>
<meta>
<content>movie</content>
<imdb>tt1710444</imdb>
<title>Phatty Girls</title>
<year>2004</year>
    
</meta>
<link>
<sublink>https://vcdn118.spankbang.com/1/2/1273797-320p.mp4?st=3w_VtECDq7OcLZNKmV2olA&e=1533622459&name=SpankBang_phatty+girls+4+justin+slayer_320p.mp4(BOSS-Phatty Girls 4)</sublink>
<sublink>https://vcdn54.spankbang.com/3/1/3173573-480p.mp4?st=ZtuKVAxOQ8EzAZijpxG4dA&e=1517977830&name=SpankBang_p+girls+5_480p.mp4(BOSS-Phatty Girls 5)</sublink>
<sublink>https://vcdn54.spankbang.com/3/1/3173573-480p.mp4?st=ZtuKVAxOQ8EzAZijpxG4dA&e=1517977830&name=SpankBang_p+girls+5_480p.mp4(BOSS-Phatty Girls 5)</sublink>
<sublink>https://vcdn236.spankbang.com/2/0/2053195-480p.mp4?st=cc9eCIsxLsd7PdgAhnH-3Q&e=1517978269&name=SpankBang_phatty+girls+10_480p.mp4(BOSS-Phatty Girls 10)</sublink>
<sublink>search</sublink>
<sublink>searchsd</sublink>
</link>
        
<thumbnail>https://imgs3cdn.adultempire.com/products/20/613820h.jpg</thumbnail>
<fanart>http://s5.depic.me/01487/12gj4s4ilwh2_o/phatty_girls_4_scene_2.mp4.jpg</fanart>
</item>


        
<thumbnail>hhttps://c8.cduniverse.ws/resized/380x570/ice/729/6849729.jpg</thumbnail>
<fanart>http://s5.depic.me/01506/rv36gm0znj9k_o/phatty_girls_5_scene_2.mp4.jpg</fanart>
</item>



<item>
          <title>Booty Clappin' Superfreaks 8

</title>
          <link>http://dm.phncdn.com/videos/201512/20/64214631/480P_400k_64214631.mp4?ttl=1533538481&ri=7168000&rs=728&hash=1ce6ee017879787ab0f5f103a0df84e6 </link>
          
          <thumbnail>https://imgs3cdn.adultempire.com/products/43/1688243h.jpg</thumbnail>
          <fanart>https://imgs3cdn.adultempire.com/products/43/1688243bh.jpg</fanart>
		  <summary>Nothing like ass clapping in yo face! Mia has such a big round ass, it reminds you of Serena Williams beautiful buns and she can clap it so you can hear it smacking! This is Mia's first scene and she is so excited, she creams all over Asante's dick! Ceimone is a thick Georgia Peach with hot pussy, the junk in her trunk is round, brown and ohh so juicy! She loves to shake her ass on a dick! Just a cutie pie/keeper, Ceimone shakes her ass for 20 mins straight bad ass dime! Plus chocolate will make your mouth drop with the way she slams her ass on the concrete she is off the chain!</summary>
</item>

<item>
          <title>Big Black Booty Cakes



</title>
<link>
https://cdn-us3.vporn.com/vid2/IzR1GIeV59whNBsa8bSmew/1533542721/sn1-s291/38/1495238/1495238_720x406_500k.mp4
</link>
          
          <thumbnail>https://imgs3cdn.adultempire.com/products/51/1700651h.jpg</thumbnail>
          <fanart>https://imgs3cdn.adultempire.com/products/51/1700651bh.jpg</fanart>
  
	<summary>Cake is something sweet you eat when you have a big juicy ass like Ambitious Booty's and she loves her pussy and ass eaten up! She is sweet as sugar! Pleasure is another girl with serious cake and of course a wet sugar pussy! Yasmine is a sweet 18 year old with big D tits and a face that makes you bust quick! Her cake is so juicy and moist you won't stop eating it! Plus more!</summary>
</item>