<xml>
<dir>
      <title>****************Boss Adult Content*****************</title>
    
      <link></link> 
          
      <thumbnail></thumbnail>
          
          
      <fanart></fanart>
        
      <summary></summary>

</dir>

<dir> 
       <title>Live</title>
        <link>file://xxx/livetv.xml</link>
</dir>

<dir> 
       <title>Collection of Best Porn</title>
        <link>file://cobp/main.xml</link>
</dir>

    <dir>
        <title>Celebs Nude World</title>
        <link>file://cnw/main.xml</link>
        <thumbnail>special://home/addons/plugin.video.boss/resources/media/cnw.jpg</thumbnail>
    </dir>

<dir>
        <title>Random Movies</title>

        <tmdb>list/39359</tmdb>
          
          
        <thumbnail></thumbnail>
          
          
        <fanart></fanart>
        
		<summary>No Kids Allowed</summary>

</dir>

<dir>
        <title>Unsimulated Sex Movies</title>

        <tmdb>list/ls085082172/</tmdb>
          
          
        <thumbnail></thumbnail>
          
          
        <fanart></fanart>
        
		<summary>No Kids Allowed</summary>

</dir>

<dir>
        <title>IMDB Unsimulated Sex Movies</title>
        <imdburl>list/ls085082172</imdburl>
    </dir>

<dir>
        <title>Movies By Actors and Actresses</title>

        <link>file://xxx/actorsxxx.xml</link>
          
          
        <thumbnail></thumbnail>
          
          
        <fanart></fanart>
        
		<summary>No Kids Allowed</summary>

</dir>

<dir>
        <title>Rape Zombie: Lust of the Dead Collection (2012-2014)</title>

        <tmdb>collection/363386</tmdb>
          
          
        <thumbnail>https://image.tmdb.org/t/p/original/qVnYTF4l7esdZSsl3GQ0SR51MNt.jpg</thumbnail>
          
          
        <fanart>https://image.tmdb.org/t/p/original/tTNiHIi4nvvBWVLx51k6r99aBwo.jpg</fanart>
        
		<summary>No Kids Allowed</summary>

</dir>

<dir>
          <name>Blacked.Com</name>
          <link>file://xxx/blacked.xml</link>
          <animated_thumbnail></animated_thumbnail>
          <thumbnail>https://thumb.oloadcdn.net/splash/zjRMle8tgeI/Qvoctl8FlJU.jpg</thumbnail>
          <animated_fanart></animated_fanart>
          <fanart>https://d3jjg4nf4bbybe.cloudfront.net/u/140119/a6b26928017509b1ec1b51b9628f7c70a53da8d2/original/logo-1.jpg</fanart>
		  <summary>Blacked.Com</summary>
</dir>

<dir>
          <name>Full Movies</name>
          <link>file://xxx/full.xml</link>
          <animated_thumbnail></animated_thumbnail>
          <thumbnail></thumbnail>
          <animated_fanart></animated_fanart>
          <fanart></fanart>
		  <summary>Full Adult Movies</summary>
</dir>

<dir>
          <name>Worldstar Candy</name>
          <link>file://formats/WSHHDIR.xml</link>
          <animated_thumbnail></animated_thumbnail>
          <thumbnail>http://hw-static.worldstarhiphop.com/u/pic/2015/03/15/FixedColombia4482akuyhstgbwysws.jpg</thumbnail>
          <animated_fanart></animated_fanart>
          <fanart>http://hw-static.worldstarhiphop.com/u/pic/2014/13/13/FixedColombia4alkduytfgdyhewtdrgdweddewdeew.jpg</fanart>
		  <summary>W S H H 'S MOST FINEST</summary>
</dir>

<dir>
          <name>WorldStar HipHop</name>
          <link>file://shared lists/wshh.xml</link>
          <animated_thumbnail></animated_thumbnail>
          <thumbnail>http://hw-static.worldstarhiphop.com/u/pic/2015/03/15/FixedColombia4482akuyhstgbwysws.jpg</thumbnail>
          <animated_fanart></animated_fanart>
          <fanart>http://hw-static.worldstarhiphop.com/u/pic/2014/13/13/FixedColombia4alkduytfgdyhewtdrgdweddewdeew.jpg</fanart>
		  <summary>W S H H 'S MOST FINEST</summary>
</dir>

</xml>