<item>
	<title>[COLOR=white]25th Hour[/COLOR]</title>
	<meta>
	<imdb>tt0307901</imdb>
	<content>movie</content>
	<title>25th Hour</title>
	<year>2002</year>
	</meta>
	<link>
	<sublink>search</sublink>
	<sublink>searchsd</sublink>
	</link>
	<thumbnail>https://image.tmdb.org/t/p/w1280/hf3KpQ13Z8HS0ZodzooMiR8PBqD.jpg</thumbnail>
	<fanart>https://image.tmdb.org/t/p/w1280/wPD6fl1WS81XPpGEnQOrrJHIsFe.jpg</fanart>
</item>
<item>
	<title>[COLOR=white]36th Precinct[/COLOR]</title>
	<meta>
	<imdb>tt0390808</imdb>
	<content>movie</content>
	<title>36th Precinct</title>
	<year>2004</year>
	</meta>
	<link>
	<sublink>search</sublink>
	<sublink>searchsd</sublink>
	</link>
	<thumbnail>https://image.tmdb.org/t/p/w1280/5W9f6HDYUuzxKYkO7stA0z7Dhdz.jpg</thumbnail>
	<fanart>https://image.tmdb.org/t/p/w1280/uTy1AkXdQm0vG0DqjNkMy7btAU2.jpg</fanart>
</item>
<item>
	<title>[COLOR=white]A Better Tomorrow[/COLOR]</title>
	<meta>
	<imdb>tt0092263</imdb>
	<content>movie</content>
	<title>A Better Tomorrow</title>
	<year>1986</year>
	</meta>
	<link>
	<sublink>search</sublink>
	<sublink>searchsd</sublink>
	</link>
	<thumbnail>https://image.tmdb.org/t/p/w1280/vAhUCI5s9qT6dkWHudjfxnKdQYj.jpg</thumbnail>
	<fanart>https://image.tmdb.org/t/p/w1280/sQvNt0aVXs7X3gR0BMjliEnlym8.png</fanart>
</item>
<item>
	<title>[COLOR=white]A Bittersweet Life[/COLOR]</title>
	<meta>
	<imdb>tt0456912</imdb>
	<content>movie</content>
	<title>A Bittersweet Life</title>
	<year>2005</year>
	</meta>
	<link>
	<sublink>search</sublink>
	<sublink>searchsd</sublink>
	</link>
	<thumbnail>https://image.tmdb.org/t/p/w1280/faWrxjYaYfh9Ee4Vc3XrwoT3fOf.jpg</thumbnail>
	<fanart>https://image.tmdb.org/t/p/w1280/i0WQzYXMVCFRaGqZm8pRP9PCTsQ.jpg</fanart>
</item>
<item>
	<title>[COLOR=white]A Bronx Tale[/COLOR]</title>
	<meta>
	<imdb>tt0106489</imdb>
	<content>movie</content>
	<title>A Bronx Tale</title>
	<year>1993</year>
	</meta>
	<link>
	<sublink>search</sublink>
	<sublink>searchsd</sublink>
	</link>
	<thumbnail>https://image.tmdb.org/t/p/w1280/sDbO6LmLYtyqAoFTPpRcMgPSCEO.jpg</thumbnail>
	<fanart>https://image.tmdb.org/t/p/w1280/aRMZOhLj6IjnmDnRGjblXYMOPxR.jpg</fanart>
</item>
<item>
	<title>[COLOR=white]A History of Violence[/COLOR]</title>
	<meta>
	<imdb>tt0399146</imdb>
	<content>movie</content>
	<title>A History of Violence</title>
	<year>2005</year>
	</meta>
	<link>
	<sublink>search</sublink>
	<sublink>searchsd</sublink>
	</link>
	<thumbnail>https://image.tmdb.org/t/p/w1280/mz1qCHXxTUJm2AqOdW3IIpwYdo3.jpg</thumbnail>
	<fanart>https://image.tmdb.org/t/p/w1280/8rbvmhGmUqEjLmo2mDycTazEaAc.jpg</fanart>
</item>
<item>
	<title>[COLOR=white]A Prophet[/COLOR]</title>
	<meta>
	<imdb>tt1235166</imdb>
	<content>movie</content>
	<title>A Prophet</title>
	<year>2009</year>
	</meta>
	<link>
	<sublink>search</sublink>
	<sublink>searchsd</sublink>
	</link>
	<thumbnail>https://image.tmdb.org/t/p/w1280/o2P7a795t4WeLT7IMf19t7ZRbXd.jpg</thumbnail>
	<fanart>https://image.tmdb.org/t/p/w1280/iKZ7ZSYeTkIftzlq8Uf0waYXChh.jpg</fanart>
</item>
<item>
	<title>[COLOR=white]Alpha Dog[/COLOR]</title>
	<meta>
	<imdb>tt0426883</imdb>
	<content>movie</content>
	<title>Alpha Dog</title>
	<year>2006</year>
	</meta>
	<link>
	<sublink>search</sublink>
	<sublink>searchsd</sublink>
	</link>
	<thumbnail>https://image.tmdb.org/t/p/w1280/t9pirEsDxe102mSQGoDZWBbdcCD.jpg</thumbnail>
	<fanart>https://image.tmdb.org/t/p/w1280/sdgTJvzWSAnd0ic9y9kWRpdLLcS.jpg</fanart>
</item>
<item>
	<title>[COLOR=white]American Gangster[/COLOR]</title>
	<meta>
	<imdb>tt0765429</imdb>
	<content>movie</content>
	<title>American Gangster</title>
	<year>2007</year>
	</meta>
	<link>
	<sublink>search</sublink>
	<sublink>searchsd</sublink>
	</link>
	<thumbnail>https://image.tmdb.org/t/p/w1280/uDSP5H5akJ85xMGSHRtaqHGBRLD.jpg</thumbnail>
	<fanart>https://image.tmdb.org/t/p/w1280/uSWzHRan14Kxe7AgbA43CSN1fXw.jpg</fanart>
</item>
<item>
	<title>[COLOR=white]American History X[/COLOR]</title>
	<meta>
	<imdb>tt0120586</imdb>
	<content>movie</content>
	<title>American History X</title>
	<year>1998</year>
	</meta>
	<link>
	<sublink>search</sublink>
	<sublink>searchsd</sublink>
	</link>
	<thumbnail>https://image.tmdb.org/t/p/w1280/fXepRAYOx1qC3wju7XdDGx60775.jpg</thumbnail>
	<fanart>https://image.tmdb.org/t/p/w1280/i9A0UMFg1hI2kLyCCwnmSbpT2cd.jpg</fanart>
</item>
<item>
	<title>[COLOR=white]American Me[/COLOR]</title>
	<meta>
	<imdb>tt0103671</imdb>
	<content>movie</content>
	<title>American Me</title>
	<year>1992</year>
	</meta>
	<link>
	<sublink>search</sublink>
	<sublink>searchsd</sublink>
	</link>
	<thumbnail>https://image.tmdb.org/t/p/w1280/1ZQQi5AQCo4ThYxHPy6bKIMOrLm.jpg</thumbnail>
	<fanart>https://image.tmdb.org/t/p/w1280/eJYh0ePAVWqFz1CooYPY8Akl6cH.jpg</fanart>
</item>
<item>
	<title>[COLOR=white]Amores Perros[/COLOR]</title>
	<meta>
	<imdb>tt0245712</imdb>
	<content>movie</content>
	<title>Amores Perros</title>
	<year>2000</year>
	</meta>
	<link>
	<sublink>search</sublink>
	<sublink>searchsd</sublink>
	</link>
	<thumbnail>https://image.tmdb.org/t/p/w1280/8gEXmIzw1tDnBfOaCFPimkNIkmm.jpg</thumbnail>
	<fanart>https://image.tmdb.org/t/p/w1280/AuXC0SsPZaAfddtSMnxSnbEeEjR.jpg</fanart>
</item>
<item>
	<title>[COLOR=white]Animal Kingdom[/COLOR]</title>
	<meta>
	<imdb>tt1313092</imdb>
	<content>movie</content>
	<title>Animal Kingdom</title>
	<year>2010</year>
	</meta>
	<link>
	<sublink>search</sublink>
	<sublink>searchsd</sublink>
	</link>
	<thumbnail>https://image.tmdb.org/t/p/w1280/zhj8YPQKuRev5N3KoHacsPnF4mB.jpg</thumbnail>
	<fanart>https://image.tmdb.org/t/p/w1280/1V8C68OvU7IDjZO9GtfwfmHa8X7.jpg</fanart>
</item>
<item>
	<title>[COLOR=white]Autoreiji[/COLOR]</title>
	<meta>
	<imdb>tt1462667</imdb>
	<content>movie</content>
	<title>Autoreiji</title>
	<year>2010</year>
	</meta>
	<link>
	<sublink>search</sublink>
	<sublink>searchsd</sublink>
	</link>
	<thumbnail>https://image.tmdb.org/t/p/w1280/gNW7mTbXYF11YNIgpqwcTYxzO49.jpg</thumbnail>
	<fanart>https://image.tmdb.org/t/p/w1280/mpzIULJhWFVrqylATpcAnGOviYc.jpg</fanart>
</item>
<item>
	<title>[COLOR=white]Bad Lieutenant Port of Call New Orleans[/COLOR]</title>
	<meta>
	<imdb>tt1095217</imdb>
	<content>movie</content>
	<title>Bad Lieutenant Port of Call New Orleans</title>
	<year>2009</year>
	</meta>
	<link>
	<sublink>search</sublink>
	<sublink>searchsd</sublink>
	</link>
	<thumbnail>https://image.tmdb.org/t/p/w1280/zRULXsd0rb1lVfnSyQkYPi2nLcB.jpg</thumbnail>
	<fanart>https://image.tmdb.org/t/p/w1280/8qF2Usao2AWD4EK4AWCGnD4GBX0.jpg</fanart>
</item>
<item>
	<title>[COLOR=white]Biyeolhan geori[/COLOR]</title>
	<meta>
	<imdb>tt0821442</imdb>
	<content>movie</content>
	<title>Biyeolhan geori</title>
	<year>2006</year>
	</meta>
	<link>
	<sublink>search</sublink>
	<sublink>searchsd</sublink>
	</link>
	<thumbnail>https://image.tmdb.org/t/p/w1280/xYw4kQFtsK9gh5LK59oYEYuZeGW.jpg</thumbnail>
	<fanart>https://image.tmdb.org/t/p/w1280/xTSTnLn5gLHytIoQxK9w1siJPW.jpg</fanart>
</item>
<item>
	<title>[COLOR=white]Blood In, Blood Out[/COLOR]</title>
	<meta>
	<imdb>tt0106469</imdb>
	<content>movie</content>
	<title>Blood In, Blood Out</title>
	<year>1993</year>
	</meta>
	<link>
	<sublink>search</sublink>
	<sublink>searchsd</sublink>
	</link>
	<thumbnail>https://image.tmdb.org/t/p/w1280/ljWRROEZCLrBlSa4eWUBHq7zvnm.jpg</thumbnail>
	<fanart>https://image.tmdb.org/t/p/w1280/zQhFkQBMnzFxddwpUTDVdCzSgf9.jpg</fanart>
</item>
<item>
	<title>[COLOR=white]Blow[/COLOR]</title>
	<meta>
	<imdb>tt0221027</imdb>
	<content>movie</content>
	<title>Blow</title>
	<year>2001</year>
	</meta>
	<link>
	<sublink>search</sublink>
	<sublink>searchsd</sublink>
	</link>
	<thumbnail>https://image.tmdb.org/t/p/w1280/yCLLbZzAa7jreGus7pvjZmL0bj7.jpg</thumbnail>
	<fanart>https://image.tmdb.org/t/p/w1280/lVlzUCVxMZCMnZxwauBK92jBS2b.jpg</fanart>
</item>
<item>
	<title>[COLOR=white]Bonnie and Clyde[/COLOR]</title>
	<meta>
	<imdb>tt0061418</imdb>
	<content>movie</content>
	<title>Bonnie and Clyde</title>
	<year>1967</year>
	</meta>
	<link>
	<sublink>search</sublink>
	<sublink>searchsd</sublink>
	</link>
	<thumbnail>https://image.tmdb.org/t/p/w1280/3tX1FJiXnk515NtRuF18PFC4CVy.jpg</thumbnail>
	<fanart>https://image.tmdb.org/t/p/w1280/lQPMBJ1rm9Qk0cHd1C1lAbJcXJj.jpg</fanart>
</item>
<item>
	<title>[COLOR=white]Boyz n the Hood[/COLOR]</title>
	<meta>
	<imdb>tt0101507</imdb>
	<content>movie</content>
	<title>Boyz n the Hood</title>
	<year>1991</year>
	</meta>
	<link>
	<sublink>search</sublink>
	<sublink>searchsd</sublink>
	</link>
	<thumbnail>https://image.tmdb.org/t/p/w1280/9qQdpidN33pTEaxAP5gaTmCPGFq.jpg</thumbnail>
	<fanart>https://image.tmdb.org/t/p/w1280/numVTm441JOv6d4rQMaNz9o3Gm6.jpg</fanart>
</item>
<item>
	<title>[COLOR=white]Bugsy[/COLOR]</title>
	<meta>
	<imdb>tt0101516</imdb>
	<content>movie</content>
	<title>Bugsy</title>
	<year>1991</year>
	</meta>
	<link>
	<sublink>search</sublink>
	<sublink>searchsd</sublink>
	</link>
	<thumbnail>https://image.tmdb.org/t/p/w1280/5G74G5xwovCa6V3FoLxQHkrNViR.jpg</thumbnail>
	<fanart>https://image.tmdb.org/t/p/w1280/qLM2O2YUtLxhjWUub91PG5ovDZ2.jpg</fanart>
</item>
<item>
	<title>[COLOR=white]Carlito s Way[/COLOR]</title>
	<meta>
	<imdb>tt0106519</imdb>
	<content>movie</content>
	<title>Carlito s Way</title>
	<year>1993</year>
	</meta>
	<link>
	<sublink>search</sublink>
	<sublink>searchsd</sublink>
	</link>
	<thumbnail>https://image.tmdb.org/t/p/w1280/tGPqPHuOCbyFxwllrYgKkPDu9xB.jpg</thumbnail>
	<fanart>https://image.tmdb.org/t/p/w1280/96SWzd50N2HavBkg07QLEcievZh.jpg</fanart>
</item>
<item>
	<title>[COLOR=white]Casino[/COLOR]</title>
	<meta>
	<imdb>tt0112641</imdb>
	<content>movie</content>
	<title>Casino</title>
	<year>1995</year>
	</meta>
	<link>
	<sublink>search</sublink>
	<sublink>searchsd</sublink>
	</link>
	<thumbnail>https://image.tmdb.org/t/p/w1280/jC0dqpkRMwh3A1X2PHahTxOaLbp.jpg</thumbnail>
	<fanart>https://image.tmdb.org/t/p/w1280/eP41pD4YfyVOjdpEaTmoNrL9DGx.jpg</fanart>
</item>
<item>
	<title>[COLOR=white]Celda 211[/COLOR]</title>
	<meta>
	<imdb>tt1242422</imdb>
	<content>movie</content>
	<title>Celda 211</title>
	<year>2009</year>
	</meta>
	<link>
	<sublink>search</sublink>
	<sublink>searchsd</sublink>
	</link>
	<thumbnail>https://image.tmdb.org/t/p/w1280/kIC41387ph63EIWaGkHxij6S68n.jpg</thumbnail>
	<fanart>https://image.tmdb.org/t/p/w1280/ktmOgR85nHbdUL3EBESus3YyKe4.jpg</fanart>
</item>
<item>
	<title>[COLOR=white]Chinatown[/COLOR]</title>
	<meta>
	<imdb>tt0071315</imdb>
	<content>movie</content>
	<title>Chinatown</title>
	<year>1974</year>
	</meta>
	<link>
	<sublink>search</sublink>
	<sublink>searchsd</sublink>
	</link>
	<thumbnail>https://image.tmdb.org/t/p/w1280/iIHO6FzF6lL4mA90rrmk3Y705XS.jpg</thumbnail>
	<fanart>https://image.tmdb.org/t/p/w1280/9UdSUcAVQQaffwbB0aDrbaMGsdQ.jpg</fanart>
</item>
<item>
	<title>[COLOR=white]City of God[/COLOR]</title>
	<meta>
	<imdb>tt0317248</imdb>
	<content>movie</content>
	<title>City of God</title>
	<year>2002</year>
	</meta>
	<link>
	<sublink>search</sublink>
	<sublink>searchsd</sublink>
	</link>
	<thumbnail>https://image.tmdb.org/t/p/w1280/gCqnQaq8T4CfioP9uETLx9iMJF4.jpg</thumbnail>
	<fanart>https://image.tmdb.org/t/p/w1280/k4BAPrE5WkNLvpsPsiMfu8W4Zyi.jpg</fanart>
</item>
<item>
	<title>[COLOR=white]Clockers[/COLOR]</title>
	<meta>
	<imdb>tt0112688</imdb>
	<content>movie</content>
	<title>Clockers</title>
	<year>1995</year>
	</meta>
	<link>
	<sublink>search</sublink>
	<sublink>searchsd</sublink>
	</link>
	<thumbnail>https://image.tmdb.org/t/p/w1280/c79uqLJleho2a7OQayfrW5Ypphf.jpg</thumbnail>
	<fanart>https://image.tmdb.org/t/p/w1280/cDtWJyPKdeZCDk0dZX2t61y3r0b.jpg</fanart>
</item>
<item>
	<title>[COLOR=white]Collateral[/COLOR]</title>
	<meta>
	<imdb>tt0369339</imdb>
	<content>movie</content>
	<title>Collateral</title>
	<year>2004</year>
	</meta>
	<link>
	<sublink>search</sublink>
	<sublink>searchsd</sublink>
	</link>
	<thumbnail>https://image.tmdb.org/t/p/w1280/fmkv2eRuYCTq7A5jzMBNgoNe1vA.jpg</thumbnail>
	<fanart>https://image.tmdb.org/t/p/w1280/whhU7492W0fcZE73r1HNhfyc5uV.jpg</fanart>
</item>
<item>
	<title>[COLOR=white]Colors[/COLOR]</title>
	<meta>
	<imdb>tt0094894</imdb>
	<content>movie</content>
	<title>Colors</title>
	<year>1988</year>
	</meta>
	<link>
	<sublink>search</sublink>
	<sublink>searchsd</sublink>
	</link>
	<thumbnail>https://image.tmdb.org/t/p/w1280/aK8kTpbsdY10GCimRt1dIaUq0e8.jpg</thumbnail>
	<fanart>https://image.tmdb.org/t/p/w1280/7cpeCNCYoHSFvZa1ziX0k5CakxI.jpg</fanart>
</item>
<item>
	<title>[COLOR=white]Cop Land[/COLOR]</title>
	<meta>
	<imdb>tt0118887</imdb>
	<content>movie</content>
	<title>Cop Land</title>
	<year>1997</year>
	</meta>
	<link>
	<sublink>search</sublink>
	<sublink>searchsd</sublink>
	</link>
	<thumbnail>https://image.tmdb.org/t/p/w1280/th2UDVewgUAfIXFUaWGWWBxCM91.jpg</thumbnail>
	<fanart>https://image.tmdb.org/t/p/w1280/ltq1i8ienPm7OSdOXl3o8ROgmKc.jpg</fanart>
</item>
<item>
	<title>[COLOR=white]Cowboy Bebop The Movie[/COLOR]</title>
	<meta>
	<imdb>tt0275277</imdb>
	<content>movie</content>
	<title>Cowboy Bebop The Movie</title>
	<year>2001</year>
	</meta>
	<link>
	<sublink>search</sublink>
	<sublink>searchsd</sublink>
	</link>
	<thumbnail>https://image.tmdb.org/t/p/w1280/xKTg1xbKC6BWpjS09FHNZShrP4v.jpg</thumbnail>
	<fanart>https://image.tmdb.org/t/p/w1280/vUbMwHE817lN2vUigBaZqHixnAt.jpg</fanart>
</item>
<item>
	<title>[COLOR=white]Desperado[/COLOR]</title>
	<meta>
	<imdb>tt0112851</imdb>
	<content>movie</content>
	<title>Desperado</title>
	<year>1995</year>
	</meta>
	<link>
	<sublink>search</sublink>
	<sublink>searchsd</sublink>
	</link>
	<thumbnail>https://image.tmdb.org/t/p/w1280/7eVo5DbP7gcsDzHcpRCTA6JAuF2.jpg</thumbnail>
	<fanart>https://image.tmdb.org/t/p/w1280/wA3qqVezyktBj92nTVXU7tYd1iG.jpg</fanart>
</item>
<item>
	<title>[COLOR=white]Donnie Brasco[/COLOR]</title>
	<meta>
	<imdb>tt0119008</imdb>
	<content>movie</content>
	<title>Donnie Brasco</title>
	<year>1997</year>
	</meta>
	<link>
	<sublink>search</sublink>
	<sublink>searchsd</sublink>
	</link>
	<thumbnail>https://image.tmdb.org/t/p/w1280/xtKLvpOfARi1XVm8u2FTdhY5Piq.jpg</thumbnail>
	<fanart>https://image.tmdb.org/t/p/w1280/1aVNngSHPmcYYCXS0NaqpcbUo9M.jpg</fanart>
</item>
<item>
	<title>[COLOR=white]Eastern Promises[/COLOR]</title>
	<meta>
	<imdb>tt0765443</imdb>
	<content>movie</content>
	<title>Eastern Promises</title>
	<year>2007</year>
	</meta>
	<link>
	<sublink>search</sublink>
	<sublink>searchsd</sublink>
	</link>
	<thumbnail>https://image.tmdb.org/t/p/w1280/uQduBOXqpC4XG8qK2pMcqz1OnQY.jpg</thumbnail>
	<fanart>https://image.tmdb.org/t/p/w1280/9KX4n538DJOXrvspKK5ZJI56RPt.jpg</fanart>
</item>
<item>
	<title>[COLOR=white]Elite Squad The Enemy Within[/COLOR]</title>
	<meta>
	<imdb>tt1555149</imdb>
	<content>movie</content>
	<title>Elite Squad The Enemy Within</title>
	<year>2010</year>
	</meta>
	<link>
	<sublink>search</sublink>
	<sublink>searchsd</sublink>
	</link>
	<thumbnail>https://image.tmdb.org/t/p/w1280/65Uy9xucPOAZDKa54RlojVyP24k.jpg</thumbnail>
	<fanart>https://image.tmdb.org/t/p/w1280/oMaCjoomZ1ZvFX7sASAbcDrkxU7.jpg</fanart>
</item>
<item>
	<title>[COLOR=white]Elite Squad[/COLOR]</title>
	<meta>
	<imdb>tt0861739</imdb>
	<content>movie</content>
	<title>Elite Squad</title>
	<year>2007</year>
	</meta>
	<link>
	<sublink>search</sublink>
	<sublink>searchsd</sublink>
	</link>
	<thumbnail>https://image.tmdb.org/t/p/w1280/soOOLcNFRHCKf1WD6T8psUY5Xgi.jpg</thumbnail>
	<fanart>https://image.tmdb.org/t/p/w1280/7hhmSkzktUm5GxuVUWXlJrVx81L.jpg</fanart>
</item>
<item>
	<title>[COLOR=white]Felon[/COLOR]</title>
	<meta>
	<imdb>tt1117385</imdb>
	<content>movie</content>
	<title>Felon</title>
	<year>2008</year>
	</meta>
	<link>
	<sublink>search</sublink>
	<sublink>searchsd</sublink>
	</link>
	<thumbnail>https://image.tmdb.org/t/p/w1280/zkigPPlTBGfZNyM6pbQ6nz721Zi.jpg</thumbnail>
	<fanart>https://image.tmdb.org/t/p/w1280/aINexyIrrESui8pzCKxRGkITgYn.jpg</fanart>
</item>
<item>
	<title>[COLOR=white]Fong juk[/COLOR]</title>
	<meta>
	<imdb>tt0796212</imdb>
	<content>movie</content>
	<title>Fong juk</title>
	<year>2006</year>
	</meta>
	<link>
	<sublink>search</sublink>
	<sublink>searchsd</sublink>
	</link>
	<thumbnail>https://image.tmdb.org/t/p/w1280/2civVyrwbilzNQRv2TRd3r6Fm2R.jpg</thumbnail>
	<fanart>https://image.tmdb.org/t/p/w1280/13ysrFFboFit79mKqySOgYK55bs.jpg</fanart>
</item>
<item>
	<title>[COLOR=white]Gangs of New York[/COLOR]</title>
	<meta>
	<imdb>tt0217505</imdb>
	<content>movie</content>
	<title>Gangs of New York</title>
	<year>2002</year>
	</meta>
	<link>
	<sublink>search</sublink>
	<sublink>searchsd</sublink>
	</link>
	<thumbnail>https://image.tmdb.org/t/p/w1280/ytKo2tLvKUd9Kbs0poXSQh6ft7d.jpg</thumbnail>
	<fanart>https://image.tmdb.org/t/p/w1280/a2Aj5ksEo2HOUH3FbGyZCtaJM4C.jpg</fanart>
</item>
<item>
	<title>[COLOR=white]Gangster s Paradise Jerusalema[/COLOR]</title>
	<meta>
	<imdb>tt0783532</imdb>
	<content>movie</content>
	<title>Gangster s Paradise Jerusalema</title>
	<year>2008</year>
	</meta>
	<link>
	<sublink>search</sublink>
	<sublink>searchsd</sublink>
	</link>
	<thumbnail>https://image.tmdb.org/t/p/w1280/7EzyCcjC9CIsCnbVVVX6BADRT2A.jpg</thumbnail>
	<fanart>https://image.tmdb.org/t/p/w1280/mMaGGu25KipvmvV7QD37qtjB6py.jpg</fanart>
</item>
<item>
	<title>[COLOR=white]Get Carter[/COLOR]</title>
	<meta>
	<imdb>tt0067128</imdb>
	<content>movie</content>
	<title>Get Carter</title>
	<year>1971</year>
	</meta>
	<link>
	<sublink>search</sublink>
	<sublink>searchsd</sublink>
	</link>
	<thumbnail>https://image.tmdb.org/t/p/w1280/mVDDWvu5PNVFaf6JCqIuj1HmZ1C.jpg</thumbnail>
	<fanart>https://image.tmdb.org/t/p/w1280/mU1wbpRA25lJch7GE5QKn3Bp96a.jpg</fanart>
</item>
<item>
	<title>[COLOR=white]Gomorrah[/COLOR]</title>
	<meta>
	<imdb>tt0929425</imdb>
	<content>movie</content>
	<title>Gomorrah</title>
	<year>2008</year>
	</meta>
	<link>
	<sublink>search</sublink>
	<sublink>searchsd</sublink>
	</link>
	<thumbnail>https://image.tmdb.org/t/p/w1280/6aVJi30jxywKXbrpcBD11AuVoKv.jpg</thumbnail>
	<fanart>https://image.tmdb.org/t/p/w1280/7p7FIvssqsYUAdmhbgHSExzNk9D.jpg</fanart>
</item>
<item>
	<title>[COLOR=white]Goodfellas[/COLOR]</title>
	<meta>
	<imdb>tt0099685</imdb>
	<content>movie</content>
	<title>Goodfellas</title>
	<year>1990</year>
	</meta>
	<link>
	<sublink>search</sublink>
	<sublink>searchsd</sublink>
	</link>
	<thumbnail>https://image.tmdb.org/t/p/w1280/hAPeXBdGDGmXRPj4OZZ0poH65Iu.jpg</thumbnail>
	<fanart>https://image.tmdb.org/t/p/w1280/sw7mordbZxgITU877yTpZCud90M.jpg</fanart>
</item>
<item>
	<title>[COLOR=white]Gran Torino[/COLOR]</title>
	<meta>
	<imdb>tt1205489</imdb>
	<content>movie</content>
	<title>Gran Torino</title>
	<year>2008</year>
	</meta>
	<link>
	<sublink>search</sublink>
	<sublink>searchsd</sublink>
	</link>
	<thumbnail>https://image.tmdb.org/t/p/w1280/yeBc5vpEiqIAZrbVQnl833GlBEi.jpg</thumbnail>
	<fanart>https://image.tmdb.org/t/p/w1280/w7oBCXL7gAwmYD7g0W17q8q1Ozc.jpg</fanart>
</item>
<item>
	<title>[COLOR=white]Grosse Pointe Blank[/COLOR]</title>
	<meta>
	<imdb>tt0119229</imdb>
	<content>movie</content>
	<title>Grosse Pointe Blank</title>
	<year>1997</year>
	</meta>
	<link>
	<sublink>search</sublink>
	<sublink>searchsd</sublink>
	</link>
	<thumbnail>https://image.tmdb.org/t/p/w1280/3qn4gjft8dl5syUDpmPvWqCPFAf.jpg</thumbnail>
	<fanart>https://image.tmdb.org/t/p/w1280/m1lpJfCDts8zSXLh60EXJB4wSz3.jpg</fanart>
</item>
<item>
	<title>[COLOR=white]Haebaragi[/COLOR]</title>
	<meta>
	<imdb>tt0923714</imdb>
	<content>movie</content>
	<title>Haebaragi</title>
	<year>2006</year>
	</meta>
	<link>
	<sublink>search</sublink>
	<sublink>searchsd</sublink>
	</link>
	<thumbnail>https://image.tmdb.org/t/p/w1280/vgKVgEGG4qzmr0tvaJgG38FlIbX.jpg</thumbnail>
	<fanart>https://image.tmdb.org/t/p/w1280/4NSGB4doZqUUPQ4tG7e0f5u8xwP.jpg</fanart>
</item>
<item>
	<title>[COLOR=white]Hak se wui[/COLOR]</title>
	<meta>
	<imdb>tt0434008</imdb>
	<content>movie</content>
	<title>Hak se wui</title>
	<year>2005</year>
	</meta>
	<link>
	<sublink>search</sublink>
	<sublink>searchsd</sublink>
	</link>
	<thumbnail>https://image.tmdb.org/t/p/w1280/xLfgW5C8lzLvfqU1rHHC4K2EhUb.jpg</thumbnail>
	<fanart>https://image.tmdb.org/t/p/w1280/qTeS2FY085des4eRAIQ1DzaOt0n.jpg</fanart>
</item>
<item>
	<title>[COLOR=white]Hard Boiled[/COLOR]</title>
	<meta>
	<imdb>tt0104684</imdb>
	<content>movie</content>
	<title>Hard Boiled</title>
	<year>1992</year>
	</meta>
	<link>
	<sublink>search</sublink>
	<sublink>searchsd</sublink>
	</link>
	<thumbnail>https://image.tmdb.org/t/p/w1280/8CfUC5QPTNe5NHlXWvYzpKIl3xs.jpg</thumbnail>
	<fanart>https://image.tmdb.org/t/p/w1280/kWBOQ9G5INFsfPvrDfXUYj06kF0.jpg</fanart>
</item>
<item>
	<title>[COLOR=white]Heat[/COLOR]</title>
	<meta>
	<imdb>tt0113277</imdb>
	<content>movie</content>
	<title>Heat</title>
	<year>1995</year>
	</meta>
	<link>
	<sublink>search</sublink>
	<sublink>searchsd</sublink>
	</link>
	<thumbnail>https://image.tmdb.org/t/p/w1280/zMyfPUelumio3tiDKPffaUpsQTD.jpg</thumbnail>
	<fanart>https://image.tmdb.org/t/p/w1280/jMzVSwQp1lLVq9fnQQ4yOjr1YZ2.jpg</fanart>
</item>
<item>
	<title>[COLOR=white]Hwanghae[/COLOR]</title>
	<meta>
	<imdb>tt1230385</imdb>
	<content>movie</content>
	<title>Hwanghae</title>
	<year>2010</year>
	</meta>
	<link>
	<sublink>search</sublink>
	<sublink>searchsd</sublink>
	</link>
	<thumbnail>https://image.tmdb.org/t/p/w1280/1iRDS0kIHLjByd0RuktOMc8ekga.jpg</thumbnail>
	<fanart>https://image.tmdb.org/t/p/w1280/iRETbGssZdq0KSIX8M8oYAnTYp0.jpg</fanart>
</item>
<item>
	<title>[COLOR=white]Infernal Affairs[/COLOR]</title>
	<meta>
	<imdb>tt0338564</imdb>
	<content>movie</content>
	<title>Infernal Affairs</title>
	<year>2002</year>
	</meta>
	<link>
	<sublink>search</sublink>
	<sublink>searchsd</sublink>
	</link>
	<thumbnail>https://image.tmdb.org/t/p/w1280/g4LGFGLGjVXkWGYCePbTidw5LKV.jpg</thumbnail>
	<fanart>https://image.tmdb.org/t/p/w1280/u7OoqcZzOIL6VXD9JZ5EOSTLt6p.jpg</fanart>
</item>
<item>
	<title>[COLOR=white]Juice[/COLOR]</title>
	<meta>
	<imdb>tt0104573</imdb>
	<content>movie</content>
	<title>Juice</title>
	<year>1992</year>
	</meta>
	<link>
	<sublink>search</sublink>
	<sublink>searchsd</sublink>
	</link>
	<thumbnail>https://image.tmdb.org/t/p/w1280/qBPi6CwrdVwdhYFURRkEmAcsRtv.jpg</thumbnail>
	<fanart>https://image.tmdb.org/t/p/w1280/jr8PI0Y6rHu4yR2d8BMj5YwTOMO.jpg</fanart>
</item>
<item>
	<title>[COLOR=white]Kill Bill Vol 1[/COLOR]</title>
	<meta>
	<imdb>tt0266697</imdb>
	<content>movie</content>
	<title>Kill Bill Vol 1</title>
	<year>2003</year>
	</meta>
	<link>
	<sublink>search</sublink>
	<sublink>searchsd</sublink>
	</link>
	<thumbnail>https://image.tmdb.org/t/p/w1280/v7TaX8kXMXs5yFFGR41guUDNcnB.jpg</thumbnail>
	<fanart>https://image.tmdb.org/t/p/w1280/kkS8PKa8c134vXsj2fQkNqOaCXU.jpg</fanart>
</item>
<item>
	<title>[COLOR=white]Kill Bill Vol 2[/COLOR]</title>
	<meta>
	<imdb>tt0378194</imdb>
	<content>movie</content>
	<title>Kill Bill Vol 2</title>
	<year>2004</year>
	</meta>
	<link>
	<sublink>search</sublink>
	<sublink>searchsd</sublink>
	</link>
	<thumbnail>https://image.tmdb.org/t/p/w1280/2yhg0mZQMhDyvUQ4rG1IZ4oIA8L.jpg</thumbnail>
	<fanart>https://image.tmdb.org/t/p/w1280/33WfP01Pu8SMuuHYnoJXMRCMtmI.jpg</fanart>
</item>
<item>
	<title>[COLOR=white]Koroshiya 1[/COLOR]</title>
	<meta>
	<imdb>tt0296042</imdb>
	<content>movie</content>
	<title>Koroshiya 1</title>
	<year>2001</year>
	</meta>
	<link>
	<sublink>search</sublink>
	<sublink>searchsd</sublink>
	</link>
	<thumbnail>https://image.tmdb.org/t/p/w1280/mkmwESVpq7KrcxdPMreTFqlNF0S.jpg</thumbnail>
	<fanart>https://image.tmdb.org/t/p/w1280/bma7e5YWIcvsy1tEuYqEHVY7qO7.jpg</fanart>
</item>
<item>
	<title>[COLOR=white]L xc3 xa9on The Professional[/COLOR]</title>
	<meta>
	<imdb>tt0110413</imdb>
	<content>movie</content>
	<title>L xc3 xa9on The Professional</title>
	<year>1994</year>
	</meta>
	<link>
	<sublink>search</sublink>
	<sublink>searchsd</sublink>
	</link>
	<thumbnail>https://image.tmdb.org/t/p/w1280/gE8S02QUOhVnAmYu4tcrBlMTujz.jpg</thumbnail>
	<fanart>https://image.tmdb.org/t/p/w1280/mGN0lH2phYfesyEVqP2xvGUaxAQ.jpg</fanart>
</item>
<item>
	<title>[COLOR=white]La Haine[/COLOR]</title>
	<meta>
	<imdb>tt0113247</imdb>
	<content>movie</content>
	<title>La Haine</title>
	<year>1995</year>
	</meta>
	<link>
	<sublink>search</sublink>
	<sublink>searchsd</sublink>
	</link>
	<thumbnail>https://image.tmdb.org/t/p/w1280/jTzBED0leGPwWDqNewye11qzJgd.jpg</thumbnail>
	<fanart>https://image.tmdb.org/t/p/w1280/t52ImvH020yOvoEhH6sRzC6XoCj.jpg</fanart>
</item>
<item>
	<title>[COLOR=white]Layer Cake[/COLOR]</title>
	<meta>
	<imdb>tt0375912</imdb>
	<content>movie</content>
	<title>Layer Cake</title>
	<year>2004</year>
	</meta>
	<link>
	<sublink>search</sublink>
	<sublink>searchsd</sublink>
	</link>
	<thumbnail>https://image.tmdb.org/t/p/w1280/y6BzUkrx789OhVMDXZiBBVHu6OQ.jpg</thumbnail>
	<fanart>https://image.tmdb.org/t/p/w1280/neSLpxwG5TWNzCPDUIZ9kbl2bOL.jpg</fanart>
</item>
<item>
	<title>[COLOR=white]Lock, Stock and Two Smoking Barrels[/COLOR]</title>
	<meta>
	<imdb>tt0120735</imdb>
	<content>movie</content>
	<title>Lock, Stock and Two Smoking Barrels</title>
	<year>1998</year>
	</meta>
	<link>
	<sublink>search</sublink>
	<sublink>searchsd</sublink>
	</link>
	<thumbnail>https://image.tmdb.org/t/p/w1280/qV7QaSf7f7yC2lc985zfyOJIAIN.jpg</thumbnail>
	<fanart>https://image.tmdb.org/t/p/w1280/kzeR7BA0htJ7BeI6QEUX3PVp39s.jpg</fanart>
</item>
<item>
	<title>[COLOR=white]Mean Streets[/COLOR]</title>
	<meta>
	<imdb>tt0070379</imdb>
	<content>movie</content>
	<title>Mean Streets</title>
	<year>1973</year>
	</meta>
	<link>
	<sublink>search</sublink>
	<sublink>searchsd</sublink>
	</link>
	<thumbnail>https://image.tmdb.org/t/p/w1280/3awGnJPs7XmGyCB2eFdxVm6GlGd.jpg</thumbnail>
	<fanart>https://image.tmdb.org/t/p/w1280/11HyjcaDbuHQceElP9gpAshdNez.jpg</fanart>
</item>
<item>
	<title>[COLOR=white]Menace II Society[/COLOR]</title>
	<meta>
	<imdb>tt0107554</imdb>
	<content>movie</content>
	<title>Menace II Society</title>
	<year>1993</year>
	</meta>
	<link>
	<sublink>search</sublink>
	<sublink>searchsd</sublink>
	</link>
	<thumbnail>https://image.tmdb.org/t/p/w1280/s1uQMgbK2tfaYltK6uDXU1xoYWA.jpg</thumbnail>
	<fanart>https://image.tmdb.org/t/p/w1280/fQPZ4trYK3wxPMSv9JmpKqgzsma.jpg</fanart>
</item>
<item>
	<title>[COLOR=white]Mesrine Part 1 Killer Instinct[/COLOR]</title>
	<meta>
	<imdb>tt1259014</imdb>
	<content>movie</content>
	<title>Mesrine Part 1 Killer Instinct</title>
	<year>2008</year>
	</meta>
	<link>
	<sublink>search</sublink>
	<sublink>searchsd</sublink>
	</link>
	<thumbnail>https://image.tmdb.org/t/p/w1280/xirTFRbRX5ciYGmNioMc5RXzv4r.jpg</thumbnail>
	<fanart>https://image.tmdb.org/t/p/w1280/tsppQdZNjgL4uRnZVmcojiZg59c.jpg</fanart>
</item>
<item>
	<title>[COLOR=white]Mesrine Part 2 Public Enemy #1[/COLOR]</title>
	<meta>
	<imdb>tt0411272</imdb>
	<content>movie</content>
	<title>Mesrine Part 2 Public Enemy #1</title>
	<year>2008</year>
	</meta>
	<link>
	<sublink>search</sublink>
	<sublink>searchsd</sublink>
	</link>
	<thumbnail>https://image.tmdb.org/t/p/w1280/mdjCA5crpk0tiftH2v91c7js0qF.jpg</thumbnail>
	<fanart>https://image.tmdb.org/t/p/w1280/1lKL902O6Tuy7O8aSyMI2mAoLOK.jpg</fanart>
</item>
<item>
	<title>[COLOR=white]Miller s Crossing[/COLOR]</title>
	<meta>
	<imdb>tt0100150</imdb>
	<content>movie</content>
	<title>Miller s Crossing</title>
	<year>1990</year>
	</meta>
	<link>
	<sublink>search</sublink>
	<sublink>searchsd</sublink>
	</link>
	<thumbnail>https://image.tmdb.org/t/p/w1280/gmUAhNHY4bxQzgHjXci5JAW7u62.jpg</thumbnail>
	<fanart>https://image.tmdb.org/t/p/w1280/dYClzpvR7dCnlcQOE06OkgzfnyG.jpg</fanart>
</item>
<item>
	<title>[COLOR=white]Mystic River[/COLOR]</title>
	<meta>
	<imdb>tt0327056</imdb>
	<content>movie</content>
	<title>Mystic River</title>
	<year>2003</year>
	</meta>
	<link>
	<sublink>search</sublink>
	<sublink>searchsd</sublink>
	</link>
	<thumbnail>https://image.tmdb.org/t/p/w1280/qeHasONCKH5sR9HcTWquXI5ZN5y.jpg</thumbnail>
	<fanart>https://image.tmdb.org/t/p/w1280/7WqsmrNKI0e24xsP9OGekWCWxd7.jpg</fanart>
</item>
<item>
	<title>[COLOR=white]New Jack City[/COLOR]</title>
	<meta>
	<imdb>tt0102526</imdb>
	<content>movie</content>
	<title>New Jack City</title>
	<year>1991</year>
	</meta>
	<link>
	<sublink>search</sublink>
	<sublink>searchsd</sublink>
	</link>
	<thumbnail>https://image.tmdb.org/t/p/w1280/txv0O2JFb2FimlR3Afhzc1z2Gas.jpg</thumbnail>
	<fanart>https://image.tmdb.org/t/p/w1280/dwXtZnPJwYI8tOju4k8VnBu3EVS.jpg</fanart>
</item>
<item>
	<title>[COLOR=white]No Country for Old Men[/COLOR]</title>
	<meta>
	<imdb>tt0477348</imdb>
	<content>movie</content>
	<title>No Country for Old Men</title>
	<year>2007</year>
	</meta>
	<link>
	<sublink>search</sublink>
	<sublink>searchsd</sublink>
	</link>
	<thumbnail>https://image.tmdb.org/t/p/w1280/nBaqryObPuxmuAndWUjDE5rriTd.jpg</thumbnail>
	<fanart>https://image.tmdb.org/t/p/w1280/7hx7ANh11TbbvHLDXUuywYkg5rK.jpg</fanart>
</item>
<item>
	<title>[COLOR=white]Oldeuboi[/COLOR]</title>
	<meta>
	<imdb>tt0364569</imdb>
	<content>movie</content>
	<title>Oldeuboi</title>
	<year>2003</year>
	</meta>
	<link>
	<sublink>search</sublink>
	<sublink>searchsd</sublink>
	</link>
	<thumbnail>https://image.tmdb.org/t/p/w1280/rIZX6X0MIHYEebk6W4LABT9VP2c.jpg</thumbnail>
	<fanart>https://image.tmdb.org/t/p/w1280/cne1AaNoVPHOEUiwcdS7sSo1uJ5.jpg</fanart>
</item>
<item>
	<title>[COLOR=white]On the Waterfront[/COLOR]</title>
	<meta>
	<imdb>tt0047296</imdb>
	<content>movie</content>
	<title>On the Waterfront</title>
	<year>1954</year>
	</meta>
	<link>
	<sublink>search</sublink>
	<sublink>searchsd</sublink>
	</link>
	<thumbnail>https://image.tmdb.org/t/p/w1280/2AKM5RxGoerG5v1x4TWu36MDxqT.jpg</thumbnail>
	<fanart>https://image.tmdb.org/t/p/w1280/zXp2ydvhO9qGzpIsb1CWeKnn5yg.jpg</fanart>
</item>
<item>
	<title>[COLOR=white]Once Upon a Time in America[/COLOR]</title>
	<meta>
	<imdb>tt0087843</imdb>
	<content>movie</content>
	<title>Once Upon a Time in America</title>
	<year>1984</year>
	</meta>
	<link>
	<sublink>search</sublink>
	<sublink>searchsd</sublink>
	</link>
	<thumbnail>https://image.tmdb.org/t/p/w1280/fqP3Q7DWMFqW7mh11hWXbNwN9rz.jpg</thumbnail>
	<fanart>https://image.tmdb.org/t/p/w1280/vnT6HzjLSDrAweHn9xWykb8Ii6T.jpg</fanart>
</item>
<item>
	<title>[COLOR=white]Paid in Full[/COLOR]</title>
	<meta>
	<imdb>tt0259484</imdb>
	<content>movie</content>
	<title>Paid in Full</title>
	<year>2002</year>
	</meta>
	<link>
	<sublink>search</sublink>
	<sublink>searchsd</sublink>
	</link>
	<thumbnail>https://image.tmdb.org/t/p/w1280/k8hSrpnoQe8OFd10BljdYF0m1Wi.jpg</thumbnail>
	<fanart>https://image.tmdb.org/t/p/w1280/wCbhLdn0iuC6ulGHBo7idulOfef.jpg</fanart>
</item>
<item>
	<title>[COLOR=white]Pulp Fiction[/COLOR]</title>
	<meta>
	<imdb>tt0110912</imdb>
	<content>movie</content>
	<title>Pulp Fiction</title>
	<year>1994</year>
	</meta>
	<link>
	<sublink>search</sublink>
	<sublink>searchsd</sublink>
	</link>
	<thumbnail>https://image.tmdb.org/t/p/w1280/dM2w364MScsjFf8pfMbaWUcWrR.jpg</thumbnail>
	<fanart>https://image.tmdb.org/t/p/w1280/4cDFJr4HnXN5AdPw4AKrmLlMWdO.jpg</fanart>
</item>
<item>
	<title>[COLOR=white]Reservoir Dogs[/COLOR]</title>
	<meta>
	<imdb>tt0105236</imdb>
	<content>movie</content>
	<title>Reservoir Dogs</title>
	<year>1992</year>
	</meta>
	<link>
	<sublink>search</sublink>
	<sublink>searchsd</sublink>
	</link>
	<thumbnail>https://image.tmdb.org/t/p/w1280/g7spS2Y4SZoQoC6Hn7zoqEqdYqR.jpg</thumbnail>
	<fanart>https://image.tmdb.org/t/p/w1280/fupyzBwFAn1PoeCXhp54bYVM2ER.jpg</fanart>
</item>
<item>
	<title>[COLOR=white]Road to Perdition[/COLOR]</title>
	<meta>
	<imdb>tt0257044</imdb>
	<content>movie</content>
	<title>Road to Perdition</title>
	<year>2002</year>
	</meta>
	<link>
	<sublink>search</sublink>
	<sublink>searchsd</sublink>
	</link>
	<thumbnail>https://image.tmdb.org/t/p/w1280/jn0GH8klINSQtRNifY8W2Kv4ajl.jpg</thumbnail>
	<fanart>https://image.tmdb.org/t/p/w1280/z1ePpG598FI2az9fZrvHmKbV5Tz.jpg</fanart>
</item>
<item>
	<title>[COLOR=white]Running Scared[/COLOR]</title>
	<meta>
	<imdb>tt0404390</imdb>
	<content>movie</content>
	<title>Running Scared</title>
	<year>2006</year>
	</meta>
	<link>
	<sublink>search</sublink>
	<sublink>searchsd</sublink>
	</link>
	<thumbnail>https://image.tmdb.org/t/p/w1280/lTb9focF0HA0JLdj8WVPRHgmEiW.jpg</thumbnail>
	<fanart>https://image.tmdb.org/t/p/w1280/9rH03A3Twe1rDSizAKngtbvjw3g.jpg</fanart>
</item>
<item>
	<title>[COLOR=white]Scarface[/COLOR]</title>
	<meta>
	<imdb>tt0086250</imdb>
	<content>movie</content>
	<title>Scarface</title>
	<year>1983</year>
	</meta>
	<link>
	<sublink>search</sublink>
	<sublink>searchsd</sublink>
	</link>
	<thumbnail>https://image.tmdb.org/t/p/w1280/zr2p353wrd6j3wjLgDT4TcaestB.jpg</thumbnail>
	<fanart>https://image.tmdb.org/t/p/w1280/51fjuzYoJKvGW43j32nBpWW6Tm1.jpg</fanart>
</item>
<item>
	<title>[COLOR=white]Sexy Beast[/COLOR]</title>
	<meta>
	<imdb>tt0203119</imdb>
	<content>movie</content>
	<title>Sexy Beast</title>
	<year>2000</year>
	</meta>
	<link>
	<sublink>search</sublink>
	<sublink>searchsd</sublink>
	</link>
	<thumbnail>https://image.tmdb.org/t/p/w1280/rpo9njGpJVLPqRrdM6R7wIqiQ7K.jpg</thumbnail>
	<fanart>https://image.tmdb.org/t/p/w1280/sDSwD63e0qfNE1YvH8aczFoSGTt.jpg</fanart>
</item>
<item>
	<title>[COLOR=white]Sin Nombre[/COLOR]</title>
	<meta>
	<imdb>tt1127715</imdb>
	<content>movie</content>
	<title>Sin Nombre</title>
	<year>2009</year>
	</meta>
	<link>
	<sublink>search</sublink>
	<sublink>searchsd</sublink>
	</link>
	<thumbnail>https://image.tmdb.org/t/p/w1280/ktzyg31ibW2MWTZh4KpKMCgtgt6.jpg</thumbnail>
	<fanart>https://image.tmdb.org/t/p/w1280/f56HoLd7Fc1zgKBwGN6nvpTweDR.jpg</fanart>
</item>
<item>
	<title>[COLOR=white]Snatch[/COLOR]</title>
	<meta>
	<imdb>tt0208092</imdb>
	<content>movie</content>
	<title>Snatch</title>
	<year>2000</year>
	</meta>
	<link>
	<sublink>search</sublink>
	<sublink>searchsd</sublink>
	</link>
	<thumbnail>https://image.tmdb.org/t/p/w1280/on9JlbGEccLsYkjeEph2Whm1DIp.jpg</thumbnail>
	<fanart>https://image.tmdb.org/t/p/w1280/cNLZ7YGRikb4IsLblrzu86ndZPw.jpg</fanart>
</item>
<item>
	<title>[COLOR=white]Sonatine[/COLOR]</title>
	<meta>
	<imdb>tt0108188</imdb>
	<content>movie</content>
	<title>Sonatine</title>
	<year>1993</year>
	</meta>
	<link>
	<sublink>search</sublink>
	<sublink>searchsd</sublink>
	</link>
	<thumbnail>https://image.tmdb.org/t/p/w1280/2YRqFTZrW6GKCCieZ0CAVoyw0EV.jpg</thumbnail>
	<fanart>https://image.tmdb.org/t/p/w1280/n0CaCKJLE3kvAU2TESvN4xJbseg.jpg</fanart>
</item>
<item>
	<title>[COLOR=white]State of Grace[/COLOR]</title>
	<meta>
	<imdb>tt0100685</imdb>
	<content>movie</content>
	<title>State of Grace</title>
	<year>1990</year>
	</meta>
	<link>
	<sublink>search</sublink>
	<sublink>searchsd</sublink>
	</link>
	<thumbnail>https://image.tmdb.org/t/p/w1280/5vwP5vUBqizNI5O7UU6mAgkTkGa.jpg</thumbnail>
	<fanart>https://image.tmdb.org/t/p/w1280/6MuU4kX50nioR4ad1jSyFXfFv5h.jpg</fanart>
</item>
<item>
	<title>[COLOR=white]Tell No One[/COLOR]</title>
	<meta>
	<imdb>tt0362225</imdb>
	<content>movie</content>
	<title>Tell No One</title>
	<year>2006</year>
	</meta>
	<link>
	<sublink>search</sublink>
	<sublink>searchsd</sublink>
	</link>
	<thumbnail>https://image.tmdb.org/t/p/w1280/9caHoo7Acpc4GMfgBdNZIC6kVCb.jpg</thumbnail>
	<fanart>https://image.tmdb.org/t/p/w1280/6wCnSjmGU2pNKnTo0rZvYQfqXkH.jpg</fanart>
</item>
<item>
	<title>[COLOR=white]The Dark Knight[/COLOR]</title>
	<meta>
	<imdb>tt0468569</imdb>
	<content>movie</content>
	<title>The Dark Knight</title>
	<year>2008</year>
	</meta>
	<link>
	<sublink>search</sublink>
	<sublink>searchsd</sublink>
	</link>
	<thumbnail>https://image.tmdb.org/t/p/w1280/1hRoyzDtpgMU7Dz4JF22RANzQO7.jpg</thumbnail>
	<fanart>https://image.tmdb.org/t/p/w1280/hqkIcbrOHL86UncnHIsHVcVmzue.jpg</fanart>
</item>
<item>
	<title>[COLOR=white]The Departed[/COLOR]</title>
	<meta>
	<imdb>tt0407887</imdb>
	<content>movie</content>
	<title>The Departed</title>
	<year>2006</year>
	</meta>
	<link>
	<sublink>search</sublink>
	<sublink>searchsd</sublink>
	</link>
	<thumbnail>https://image.tmdb.org/t/p/w1280/tGLO9zw5ZtCeyyEWgbYGgsFxC6i.jpg</thumbnail>
	<fanart>https://image.tmdb.org/t/p/w1280/8Od5zV7Q7zNOX0y9tyNgpTmoiGA.jpg</fanart>
</item>
<item>
	<title>[COLOR=white]The French Connection[/COLOR]</title>
	<meta>
	<imdb>tt0067116</imdb>
	<content>movie</content>
	<title>The French Connection</title>
	<year>1971</year>
	</meta>
	<link>
	<sublink>search</sublink>
	<sublink>searchsd</sublink>
	</link>
	<thumbnail>https://image.tmdb.org/t/p/w1280/xwDi4wF0I1L5bSW08Y8GocDGjJP.jpg</thumbnail>
	<fanart>https://image.tmdb.org/t/p/w1280/hPlzjKzbO8KuCerm1lOxDtUjlHD.jpg</fanart>
</item>
<item>
	<title>[COLOR=white]The Getaway[/COLOR]</title>
	<meta>
	<imdb>tt0068638</imdb>
	<content>movie</content>
	<title>The Getaway</title>
	<year>1972</year>
	</meta>
	<link>
	<sublink>search</sublink>
	<sublink>searchsd</sublink>
	</link>
	<thumbnail>https://image.tmdb.org/t/p/w1280/7KOC8DferBKJI3n6RHuthDG0fDp.jpg</thumbnail>
	<fanart>https://image.tmdb.org/t/p/w1280/zUFY9ldB818mBpvQ9QYH8F77WMy.jpg</fanart>
</item>
<item>
	<title>[COLOR=white]The Godfather Part III[/COLOR]</title>
	<meta>
	<imdb>tt0099674</imdb>
	<content>movie</content>
	<title>The Godfather Part III</title>
	<year>1990</year>
	</meta>
	<link>
	<sublink>search</sublink>
	<sublink>searchsd</sublink>
	</link>
	<thumbnail>https://image.tmdb.org/t/p/w1280/1hdm3Axw9LjITbApvAXBbqO58zE.jpg</thumbnail>
	<fanart>https://image.tmdb.org/t/p/w1280/mhdJ2rOK3JGnceqxNK9WufYmFr7.jpg</fanart>
</item>
<item>
	<title>[COLOR=white]The Godfather Part II[/COLOR]</title>
	<meta>
	<imdb>tt0071562</imdb>
	<content>movie</content>
	<title>The Godfather Part II</title>
	<year>1974</year>
	</meta>
	<link>
	<sublink>search</sublink>
	<sublink>searchsd</sublink>
	</link>
	<thumbnail>https://image.tmdb.org/t/p/w1280/bVq65huQ8vHDd1a4Z37QtuyEvpA.jpg</thumbnail>
	<fanart>https://image.tmdb.org/t/p/w1280/gLbBRyS7MBrmVUNce91Hmx9vzqI.jpg</fanart>
</item>
<item>
	<title>[COLOR=white]The Godfather[/COLOR]</title>
	<meta>
	<imdb>tt0068646</imdb>
	<content>movie</content>
	<title>The Godfather</title>
	<year>1972</year>
	</meta>
	<link>
	<sublink>search</sublink>
	<sublink>searchsd</sublink>
	</link>
	<thumbnail>https://image.tmdb.org/t/p/w1280/rPdtLWNsZmAtoZl9PK7S2wE3qiS.jpg</thumbnail>
	<fanart>https://image.tmdb.org/t/p/w1280/6xKCYgH16UuwEGAyroLU6p8HLIn.jpg</fanart>
</item>
<item>
	<title>[COLOR=white]The Killer[/COLOR]</title>
	<meta>
	<imdb>tt0097202</imdb>
	<content>movie</content>
	<title>The Killer</title>
	<year>1989</year>
	</meta>
	<link>
	<sublink>search</sublink>
	<sublink>searchsd</sublink>
	</link>
	<thumbnail>https://image.tmdb.org/t/p/w1280/8hTxlSqMAHBXAh1eB69ir0BXhzE.jpg</thumbnail>
	<fanart>https://image.tmdb.org/t/p/w1280/5pyfKiChqJg3cZGn1EM9rIWXALl.jpg</fanart>
</item>
<item>
	<title>[COLOR=white]The Town[/COLOR]</title>
	<meta>
	<imdb>tt0840361</imdb>
	<content>movie</content>
	<title>The Town</title>
	<year>2010</year>
	</meta>
	<link>
	<sublink>search</sublink>
	<sublink>searchsd</sublink>
	</link>
	<thumbnail>https://image.tmdb.org/t/p/w1280/zX4fKmDXKGt4hlzhAJirdlRKFgO.jpg</thumbnail>
	<fanart>https://image.tmdb.org/t/p/w1280/zpaTddJYsrQApEnWxe783DNhTqD.jpg</fanart>
</item>
<item>
	<title>[COLOR=white]The Untouchables[/COLOR]</title>
	<meta>
	<imdb>tt0094226</imdb>
	<content>movie</content>
	<title>The Untouchables</title>
	<year>1987</year>
	</meta>
	<link>
	<sublink>search</sublink>
	<sublink>searchsd</sublink>
	</link>
	<thumbnail>https://image.tmdb.org/t/p/w1280/qx4CDBhJDX5LQoVZ8UXPxQy5pt7.jpg</thumbnail>
	<fanart>https://image.tmdb.org/t/p/w1280/4cJv0cghFaJfepzGdOyqeNaJWYb.jpg</fanart>
</item>
<item>
	<title>[COLOR=white]The Usual Suspects[/COLOR]</title>
	<meta>
	<imdb>tt0114814</imdb>
	<content>movie</content>
	<title>The Usual Suspects</title>
	<year>1995</year>
	</meta>
	<link>
	<sublink>search</sublink>
	<sublink>searchsd</sublink>
	</link>
	<thumbnail>https://image.tmdb.org/t/p/w1280/jgJoRWltoS17nD5MAQ1yK2Ztefw.jpg</thumbnail>
	<fanart>https://image.tmdb.org/t/p/w1280/c7e3nH3wtSBDrHRB63onrGptl6D.jpg</fanart>
</item>
<item>
	<title>[COLOR=white]The Warriors[/COLOR]</title>
	<meta>
	<imdb>tt0080120</imdb>
	<content>movie</content>
	<title>The Warriors</title>
	<year>1979</year>
	</meta>
	<link>
	<sublink>search</sublink>
	<sublink>searchsd</sublink>
	</link>
	<thumbnail>https://image.tmdb.org/t/p/w1280/fhvIyvQ2VTDTt8iFqANjCT6tm6M.jpg</thumbnail>
	<fanart>https://image.tmdb.org/t/p/w1280/nK4qiKkZ6FqWyWG4Dzug2eMqYcx.jpg</fanart>
</item>
<item>
	<title>[COLOR=white]Training Day[/COLOR]</title>
	<meta>
	<imdb>tt0139654</imdb>
	<content>movie</content>
	<title>Training Day</title>
	<year>2001</year>
	</meta>
	<link>
	<sublink>search</sublink>
	<sublink>searchsd</sublink>
	</link>
	<thumbnail>https://image.tmdb.org/t/p/w1280/sDT2biSB7wzBJdXq9o3ldr7VfvY.jpg</thumbnail>
	<fanart>https://image.tmdb.org/t/p/w1280/A1S9fBzc4Wepc6onnCd9eVR2FLp.jpg</fanart>
</item>
<item>
	<title>[COLOR=white]Triad Election[/COLOR]</title>
	<meta>
	<imdb>tt0491244</imdb>
	<content>movie</content>
	<title>Triad Election</title>
	<year>2006</year>
	</meta>
	<link>
	<sublink>search</sublink>
	<sublink>searchsd</sublink>
	</link>
	<thumbnail>https://image.tmdb.org/t/p/w1280/4TsFOYGM6Ccf0eghKYMzEuwUuEQ.jpg</thumbnail>
	<fanart>https://image.tmdb.org/t/p/w1280/w49oL9s3NfPxSvqZlkPqCAI0aNJ.jpg</fanart>
</item>
<item>
	<title>[COLOR=white]True Romance[/COLOR]</title>
	<meta>
	<imdb>tt0108399</imdb>
	<content>movie</content>
	<title>True Romance</title>
	<year>1993</year>
	</meta>
	<link>
	<sublink>search</sublink>
	<sublink>searchsd</sublink>
	</link>
	<thumbnail>https://image.tmdb.org/t/p/w1280/xBO8R3CZfrJ9rrwrZoJ68PgJyAR.jpg</thumbnail>
	<fanart>https://image.tmdb.org/t/p/w1280/f0qqTEyVmmztypEMV3THRdnBjFj.jpg</fanart>
</item>
<item>
	<title>[COLOR=white]Tsotsi[/COLOR]</title>
	<meta>
	<imdb>tt0468565</imdb>
	<content>movie</content>
	<title>Tsotsi</title>
	<year>2005</year>
	</meta>
	<link>
	<sublink>search</sublink>
	<sublink>searchsd</sublink>
	</link>
	<thumbnail>https://image.tmdb.org/t/p/w1280/6ylcfUctX2OXYI1poyKSA5epVEi.jpg</thumbnail>
	<fanart>https://image.tmdb.org/t/p/w1280/wnAZlcVj5bfyq5kSaCHiUtJmZEG.jpg</fanart>
</item>
<item>
	<title>[COLOR=white]We Own the Night[/COLOR]</title>
	<meta>
	<imdb>tt0498399</imdb>
	<content>movie</content>
	<title>We Own the Night</title>
	<year>2007</year>
	</meta>
	<link>
	<sublink>search</sublink>
	<sublink>searchsd</sublink>
	</link>
	<thumbnail>https://image.tmdb.org/t/p/w1280/iUQdkZstEViwMgRjqrCu6uCfVjc.jpg</thumbnail>
	<fanart>https://image.tmdb.org/t/p/w1280/jYnjr6jNSo2CU9cmNbZZGvnrzjv.jpg</fanart>
</item>
<item>
	<title>[COLOR=white]White Heat[/COLOR]</title>
	<meta>
	<imdb>tt0042041</imdb>
	<content>movie</content>
	<title>White Heat</title>
	<year>1949</year>
	</meta>
	<link>
	<sublink>search</sublink>
	<sublink>searchsd</sublink>
	</link>
	<thumbnail>https://image.tmdb.org/t/p/w1280/qghl9BdUahIXb6jSU6baJQ7cHal.jpg</thumbnail>
	<fanart>https://image.tmdb.org/t/p/w1280/eFG9uoR3EW5v5FEI7dMepS9M3h8.jpg</fanart>
</item>
