<item>
	<title>[COLOR=white]101 Dalmatians II: Patch's London Adventure[/COLOR]</title>
	<meta>
	<imdb>tt0324941</imdb>
	<content>movie</content>
	<title>101 Dalmatians II: Patch's London Adventure</title>
	<year>2003</year>
	</meta>
	<link>
	<sublink>search</sublink>
	<sublink>searchsd</sublink>
	</link>
	<thumbnail>https://image.tmdb.org/t/p/w1280/ht4h6I7WwaZa1E8xzb1jE94mDvS.jpg</thumbnail>
	<fanart>https://image.tmdb.org/t/p/w1280/kFkFiDdTGv1eb5C0P44KFUGstBA.jpg</fanart>
</item>
<item>
	<title>[COLOR=white]101 Dalmatians[/COLOR]</title>
	<meta>
	<imdb>tt0115433</imdb>
	<content>movie</content>
	<title>101 Dalmatians</title>
	<year>1996</year>
	</meta>
	<link>
	<sublink>search</sublink>
	<sublink>searchsd</sublink>
	</link>
	<thumbnail>https://image.tmdb.org/t/p/w1280/54SKV7ALfiVGJBzoStGTLYkRZEM.jpg</thumbnail>
	<fanart>https://image.tmdb.org/t/p/w1280/4CcoF2VSW6GD21DGbmpxWMWafaE.jpg</fanart>
</item>
<item>
	<title>[COLOR=white]102 Dalmatians[/COLOR]</title>
	<meta>
	<imdb>tt0211181</imdb>
	<content>movie</content>
	<title>102 Dalmatians</title>
	<year>2000</year>
	</meta>
	<link>
	<sublink>search</sublink>
	<sublink>searchsd</sublink>
	</link>
	<thumbnail>https://image.tmdb.org/t/p/w1280/dSxnIika9yWwTvEbpsmoGdeh65E.jpg</thumbnail>
	<fanart>https://image.tmdb.org/t/p/w1280/2s1vbGNvXfVqWAh2rBed6bm763R.jpg</fanart>
</item>
<item>
	<title>[COLOR=white]A Bug's Life[/COLOR]</title>
	<meta>
	<imdb>tt0120623</imdb>
	<content>movie</content>
	<title>A Bug's Life</title>
	<year>1998</year>
	</meta>
	<link>
	<sublink>search</sublink>
	<sublink>searchsd</sublink>
	</link>
	<thumbnail>https://image.tmdb.org/t/p/w1280/u9qGMRwcPwP0WETxulS5hKUsEum.jpg</thumbnail>
	<fanart>https://image.tmdb.org/t/p/w1280/bHMHpXNjeKRxcjWcpbIAD5f0aIK.jpg</fanart>
</item>
<item>
	<title>[COLOR=white]A Dog Of Flanders[/COLOR]</title>
	<meta>
	<imdb>tt0160216</imdb>
	<content>movie</content>
	<title>A Dog Of Flanders</title>
	<year>1999</year>
	</meta>
	<link>
	<sublink>search</sublink>
	<sublink>searchsd</sublink>
	</link>
	<thumbnail>https://image.tmdb.org/t/p/w1280/w65gcoD1zwmaPLM0gM8s9eynGcj.jpg</thumbnail>
	<fanart>https://image.tmdb.org/t/p/w1280/wB9ef8SW2zNDrQypfccqbApsycG.jpg</fanart>
</item>
<item>
	<title>[COLOR=white]African Cats[/COLOR]</title>
	<meta>
	<imdb>tt1223236</imdb>
	<content>movie</content>
	<title>African Cats</title>
	<year>2011</year>
	</meta>
	<link>
	<sublink>search</sublink>
	<sublink>searchsd</sublink>
	</link>
	<thumbnail>https://image.tmdb.org/t/p/w1280/3exZKtP0r88MhP12HeTgp4uiVRu.jpg</thumbnail>
	<fanart>https://image.tmdb.org/t/p/w1280/7GMEJc9PjxC0q9xbytvpl3ch3N9.jpg</fanart>
</item>
<item>
	<title>[COLOR=white]Air Bud: Golden Receiver[/COLOR]</title>
	<meta>
	<imdb>tt0140796</imdb>
	<content>movie</content>
	<title>Air Bud: Golden Receiver</title>
	<year>1998</year>
	</meta>
	<link>
	<sublink>search</sublink>
	<sublink>searchsd</sublink>
	</link>
	<thumbnail>https://image.tmdb.org/t/p/w1280/8iy8JlIgLPACRR32wzTJBpZ3iMk.jpg</thumbnail>
	<fanart>https://image.tmdb.org/t/p/w1280/9XqoGiKvldMxIKKpqkqh45yGjAE.jpg</fanart>
</item>
<item>
	<title>[COLOR=white]Air Bud: Seventh Inning Fetch[/COLOR]</title>
	<meta>
	<imdb>tt0288415</imdb>
	<content>movie</content>
	<title>Air Bud: Seventh Inning Fetch</title>
	<year>2002</year>
	</meta>
	<link>
	<sublink>search</sublink>
	<sublink>searchsd</sublink>
	</link>
	<thumbnail>https://image.tmdb.org/t/p/w1280/lQ2TWSJq4s9U8h3DPnUsgEpCR3y.jpg</thumbnail>
	<fanart>https://image.tmdb.org/t/p/w1280/iTUwJqe1FdnMWJeqorFQaK6iRF.jpg</fanart>
</item>
<item>
	<title>[COLOR=white]Air Bud: Spikes Back[/COLOR]</title>
	<meta>
	<imdb>tt0337812</imdb>
	<content>movie</content>
	<title>Air Bud: Spikes Back</title>
	<year>2003</year>
	</meta>
	<link>
	<sublink>search</sublink>
	<sublink>searchsd</sublink>
	</link>
	<thumbnail>https://image.tmdb.org/t/p/w1280/lBKUflgPySlntSMg49eqslQRXEe.jpg</thumbnail>
	<fanart>https://image.tmdb.org/t/p/w1280/mpwPPq1GsXehE8fWJ0VA8nzrFIb.jpg</fanart>
</item>
<item>
	<title>[COLOR=white]Air Bud[/COLOR]</title>
	<meta>
	<imdb>tt0118570</imdb>
	<content>movie</content>
	<title>Air Bud</title>
	<year>1997</year>
	</meta>
	<link>
	<sublink>search</sublink>
	<sublink>searchsd</sublink>
	</link>
	<thumbnail>https://image.tmdb.org/t/p/w1280/ny0lBB66RdnhIkfzsqpLl2suQaY.jpg</thumbnail>
	<fanart>https://image.tmdb.org/t/p/w1280/lBkZWcYhjFImLhLnaMd6RoO3jos.jpg</fanart>
</item>
<item>
	<title>[COLOR=white]Air Buddies[/COLOR]</title>
	<meta>
	<imdb>tt0470982</imdb>
	<content>movie</content>
	<title>Air Buddies</title>
	<year>2006</year>
	</meta>
	<link>
	<sublink>search</sublink>
	<sublink>searchsd</sublink>
	</link>
	<thumbnail>https://image.tmdb.org/t/p/w1280/wO2nRsEA1JeMaNDLgbr86Eb3IIr.jpg</thumbnail>
	<fanart>https://image.tmdb.org/t/p/w1280/5HbKhKFo4XfLrEvsjRz7pW5P7Lr.jpg</fanart>
</item>
<item>
	<title>[COLOR=white]All Dogs Go to Heaven 2[/COLOR]</title>
	<meta>
	<imdb>tt0115509</imdb>
	<content>movie</content>
	<title>All Dogs Go to Heaven 2</title>
	<year>1996</year>
	</meta>
	<link>
	<sublink>search</sublink>
	<sublink>searchsd</sublink>
	</link>
	<thumbnail>https://image.tmdb.org/t/p/w1280/dvdgrf98ElyJAnTGbYiW707FJ3G.jpg</thumbnail>
	<fanart>https://image.tmdb.org/t/p/w1280/rOn7Avuue15trxMmrJvJeHUNIsV.jpg</fanart>
</item>
<item>
	<title>[COLOR=white]All Dogs Go to Heaven[/COLOR]</title>
	<meta>
	<imdb>tt0096787</imdb>
	<content>movie</content>
	<title>All Dogs Go to Heaven</title>
	<year>1989</year>
	</meta>
	<link>
	<sublink>search</sublink>
	<sublink>searchsd</sublink>
	</link>
	<thumbnail>https://image.tmdb.org/t/p/w1280/fb6CRpryYQB5eqjohSnLbjHxJQK.jpg</thumbnail>
	<fanart>https://image.tmdb.org/t/p/w1280/pKaXWFXFYG2NDimnb4wsGsZSl6Q.jpg</fanart>
</item>
<item>
	<title>[COLOR=white]Alpha and Omega 2: A Howl-iday Adventure[/COLOR]</title>
	<meta>
	<imdb>tt3111728</imdb>
	<content>movie</content>
	<title>Alpha and Omega 2: A Howl-iday Adventure</title>
	<year>2013</year>
	</meta>
	<link>
	<sublink>search</sublink>
	<sublink>searchsd</sublink>
	</link>
	<thumbnail>https://image.tmdb.org/t/p/w1280/8vaczP6J1JudrR2s8bOk4rWGBO9.jpg</thumbnail>
	<fanart>https://image.tmdb.org/t/p/w1280/2fZJeGPM0LobJc8FeQNR7ooOi5W.jpg</fanart>
</item>
<item>
	<title>[COLOR=white]Alpha and Omega 3: The Great Wolf Games[/COLOR]</title>
	<meta>
	<imdb>tt3600760</imdb>
	<content>movie</content>
	<title>Alpha and Omega 3: The Great Wolf Games</title>
	<year>2014</year>
	</meta>
	<link>
	<sublink>search</sublink>
	<sublink>searchsd</sublink>
	</link>
	<thumbnail>https://image.tmdb.org/t/p/w1280/gy2hBmB5FrFYSTeo7Sk2rxqGwdu.jpg</thumbnail>
	<fanart>https://image.tmdb.org/t/p/w1280/69wZwH4ETesm9yETn5wVTuJz6vz.jpg</fanart>
</item>
<item>
	<title>[COLOR=white]Alpha and Omega: The Legend of the Saw Tooth Cave[/COLOR]</title>
	<meta>
	<imdb>tt4061848</imdb>
	<content>movie</content>
	<title>Alpha and Omega: The Legend of the Saw Tooth Cave</title>
	<year>2014</year>
	</meta>
	<link>
	<sublink>search</sublink>
	<sublink>searchsd</sublink>
	</link>
	<thumbnail>https://image.tmdb.org/t/p/w1280/7Zsc6ruXalHbj8iTlgTU4KW09Ve.jpg</thumbnail>
	<fanart>https://image.tmdb.org/t/p/w1280/hAB5JOp9J4hhvDZNejJ5aw6w2wh.jpg</fanart>
</item>
<item>
	<title>[COLOR=white]Alpha and Omega[/COLOR]</title>
	<meta>
	<imdb>tt1213012</imdb>
	<content>movie</content>
	<title>Alpha and Omega</title>
	<year>2010</year>
	</meta>
	<link>
	<sublink>search</sublink>
	<sublink>searchsd</sublink>
	</link>
	<thumbnail>https://image.tmdb.org/t/p/w1280/5PQ6nm5uktqiCLF2YydlQ8SXOvE.jpg</thumbnail>
	<fanart>https://image.tmdb.org/t/p/w1280/nAitR4PfakCKCBwRRf1bsxcVVuy.jpg</fanart>
</item>
<item>
	<title>[COLOR=white]Andre[/COLOR]</title>
	<meta>
	<imdb>tt0109120</imdb>
	<content>movie</content>
	<title>Andre</title>
	<year>1994</year>
	</meta>
	<link>
	<sublink>search</sublink>
	<sublink>searchsd</sublink>
	</link>
	<thumbnail>https://image.tmdb.org/t/p/w1280/dB6aXyLns7nKsxcPAE5Dj40dNSx.jpg</thumbnail>
	<fanart>https://image.tmdb.org/t/p/w1280/l0CO255nMbn0kv1e8rbrSUmerlk.jpg</fanart>
</item>
<item>
	<title>[COLOR=white]Animal Farm[/COLOR]</title>
	<meta>
	<imdb>tt0204824</imdb>
	<content>movie</content>
	<title>Animal Farm</title>
	<year>1999</year>
	</meta>
	<link>
	<sublink>search</sublink>
	<sublink>searchsd</sublink>
	</link>
	<thumbnail>https://image.tmdb.org/t/p/w1280/4xWXTDfXXD12EVWryQ3MiGvZx6C.jpg</thumbnail>
	<fanart>https://image.tmdb.org/t/p/w1280/fjnR40mRVipKHUIDj75eOe2vihw.jpg</fanart>
</item>
<item>
	<title>[COLOR=white]Animal Farm[/COLOR]</title>
	<meta>
	<imdb>tt0047834</imdb>
	<content>movie</content>
	<title>Animal Farm</title>
	<year>1954</year>
	</meta>
	<link>
	<sublink>search</sublink>
	<sublink>searchsd</sublink>
	</link>
	<thumbnail>https://image.tmdb.org/t/p/w1280/bKVxSKZRrYYKaIzPHtBPaaCTYSh.jpg</thumbnail>
	<fanart>https://image.tmdb.org/t/p/w1280/nZBbVRyNO8uf7M5G0Ux46N9ioNC.jpg</fanart>
</item>
<item>
	<title>[COLOR=white]Animals United[/COLOR]</title>
	<meta>
	<imdb>tt1620449</imdb>
	<content>movie</content>
	<title>Animals United</title>
	<year>2010</year>
	</meta>
	<link>
	<sublink>search</sublink>
	<sublink>searchsd</sublink>
	</link>
	<thumbnail>https://image.tmdb.org/t/p/w1280/tAlZp5pTUBFfE8qYBdzUEOg45fi.jpg</thumbnail>
	<fanart>https://image.tmdb.org/t/p/w1280/wqKKYADySBCXx1PTH8kEQ4qcrc.jpg</fanart>
</item>
<item>
	<title>[COLOR=white]Antz[/COLOR]</title>
	<meta>
	<imdb>tt0120587</imdb>
	<content>movie</content>
	<title>Antz</title>
	<year>1998</year>
	</meta>
	<link>
	<sublink>search</sublink>
	<sublink>searchsd</sublink>
	</link>
	<thumbnail>https://image.tmdb.org/t/p/w1280/3biVcPu5hrfKUMC73sTFq17dmmS.jpg</thumbnail>
	<fanart>https://image.tmdb.org/t/p/w1280/kMfLkbVTsALj5eIu72jtwzDhVsV.jpg</fanart>
</item>
<item>
	<title>[COLOR=white]Babe: Pig in the City[/COLOR]</title>
	<meta>
	<imdb>tt0120595</imdb>
	<content>movie</content>
	<title>Babe: Pig in the City</title>
	<year>1998</year>
	</meta>
	<link>
	<sublink>search</sublink>
	<sublink>searchsd</sublink>
	</link>
	<thumbnail>https://image.tmdb.org/t/p/w1280/yjZ3d2mKC94Lz0XGJYGRbAOrA4Q.jpg</thumbnail>
	<fanart>https://image.tmdb.org/t/p/w1280/mRDgGqZekOFLGZOVjyIZJ727LLz.jpg</fanart>
</item>
<item>
	<title>[COLOR=white]Babe[/COLOR]</title>
	<meta>
	<imdb>tt0112431</imdb>
	<content>movie</content>
	<title>Babe</title>
	<year>1995</year>
	</meta>
	<link>
	<sublink>search</sublink>
	<sublink>searchsd</sublink>
	</link>
	<thumbnail>https://image.tmdb.org/t/p/w1280/gN6X3fwPya8pLffk9OEWV3DqBnE.jpg</thumbnail>
	<fanart>https://image.tmdb.org/t/p/w1280/67jzzA7YqDTR5qIUhAH32cvkf53.jpg</fanart>
</item>
<item>
	<title>[COLOR=white]Bailey's Billion$[/COLOR]</title>
	<meta>
	<imdb>tt0379708</imdb>
	<content>movie</content>
	<title>Bailey's Billion$</title>
	<year>2005</year>
	</meta>
	<link>
	<sublink>search</sublink>
	<sublink>searchsd</sublink>
	</link>
	<thumbnail>https://image.tmdb.org/t/p/w1280/aHY1Z9XQWhMSPhfJoRTHcQtzfe6.jpg</thumbnail>
	<fanart>https://image.tmdb.org/t/p/w1280/rA6q8aIdTHNy4IZPJvwveJJgIgF.jpg</fanart>
</item>
<item>
	<title>[COLOR=white]Bambi II[/COLOR]</title>
	<meta>
	<imdb>tt0447854</imdb>
	<content>movie</content>
	<title>Bambi II</title>
	<year>2006</year>
	</meta>
	<link>
	<sublink>search</sublink>
	<sublink>searchsd</sublink>
	</link>
	<thumbnail>https://image.tmdb.org/t/p/w1280/vYqfG1SfpT4lJ5NXsNHY2otIfbt.jpg</thumbnail>
	<fanart>https://image.tmdb.org/t/p/w1280/ebug4NE8EV0f345KwbNNS3T3dRh.jpg</fanart>
</item>
<item>
	<title>[COLOR=white]Bambi[/COLOR]</title>
	<meta>
	<imdb>tt0034492</imdb>
	<content>movie</content>
	<title>Bambi</title>
	<year>1942</year>
	</meta>
	<link>
	<sublink>search</sublink>
	<sublink>searchsd</sublink>
	</link>
	<thumbnail>https://image.tmdb.org/t/p/w1280/wV9e2y4myJ4KMFsyFfWYcUOawyK.jpg</thumbnail>
	<fanart>https://image.tmdb.org/t/p/w1280/zM2Rdsh4kiTEXPkkO9lWBzZpwAH.jpg</fanart>
</item>
<item>
	<title>[COLOR=white]Barnyard[/COLOR]</title>
	<meta>
	<imdb>tt0414853</imdb>
	<content>movie</content>
	<title>Barnyard</title>
	<year>2006</year>
	</meta>
	<link>
	<sublink>search</sublink>
	<sublink>searchsd</sublink>
	</link>
	<thumbnail>https://image.tmdb.org/t/p/w1280/5Oooyxd5B9JKl8o4iyOwwUf7JHk.jpg</thumbnail>
	<fanart>https://image.tmdb.org/t/p/w1280/dJLXWSB6EzxkVLJ4skzXw28DSEj.jpg</fanart>
</item>
<item>
	<title>[COLOR=white]Bears[/COLOR]</title>
	<meta>
	<imdb>tt2458776</imdb>
	<content>movie</content>
	<title>Bears</title>
	<year>2014</year>
	</meta>
	<link>
	<sublink>search</sublink>
	<sublink>searchsd</sublink>
	</link>
	<thumbnail>https://image.tmdb.org/t/p/w1280/uhxE8FLguSshnlv41lKRvZYZ4av.jpg</thumbnail>
	<fanart>https://image.tmdb.org/t/p/w1280/wA8Dct9suP3tZWH1nv7ikQThvD2.jpg</fanart>
</item>
<item>
	<title>[COLOR=white]Because of Winn-Dixie[/COLOR]</title>
	<meta>
	<imdb>tt0317132</imdb>
	<content>movie</content>
	<title>Because of Winn-Dixie</title>
	<year>2005</year>
	</meta>
	<link>
	<sublink>search</sublink>
	<sublink>searchsd</sublink>
	</link>
	<thumbnail>https://image.tmdb.org/t/p/w1280/oMUFS7HmIyTeui5xuoIEkPYTWC8.jpg</thumbnail>
	<fanart>https://image.tmdb.org/t/p/w1280/varlHZcTuozj9WUz3XX4DzDzVA3.jpg</fanart>
</item>
<item>
	<title>[COLOR=white]Bee Movie[/COLOR]</title>
	<meta>
	<imdb>tt0389790</imdb>
	<content>movie</content>
	<title>Bee Movie</title>
	<year>2007</year>
	</meta>
	<link>
	<sublink>search</sublink>
	<sublink>searchsd</sublink>
	</link>
	<thumbnail>https://image.tmdb.org/t/p/w1280/QhbOzpYfBOwrRiuTu9otPk919R.jpg</thumbnail>
	<fanart>https://image.tmdb.org/t/p/w1280/2lBpQZevIJdL4vPrZ7Nnm7mrVlm.jpg</fanart>
</item>
<item>
	<title>[COLOR=white]Beethoven's 2nd[/COLOR]</title>
	<meta>
	<imdb>tt0106375</imdb>
	<content>movie</content>
	<title>Beethoven's 2nd</title>
	<year>1993</year>
	</meta>
	<link>
	<sublink>search</sublink>
	<sublink>searchsd</sublink>
	</link>
	<thumbnail>https://image.tmdb.org/t/p/w1280/biH5hW1BRfEr13oCizuAzpdBf2l.jpg</thumbnail>
	<fanart>https://image.tmdb.org/t/p/w1280/1MaJH9m8TfmwLgS98kcjU4faiMg.jpg</fanart>
</item>
<item>
	<title>[COLOR=white]Beethoven's 3rd[/COLOR]</title>
	<meta>
	<imdb>tt0206588</imdb>
	<content>movie</content>
	<title>Beethoven's 3rd</title>
	<year>2000</year>
	</meta>
	<link>
	<sublink>search</sublink>
	<sublink>searchsd</sublink>
	</link>
	<thumbnail>https://image.tmdb.org/t/p/w1280/1se0w1IwJj7APH94qwbnmgnHjI.jpg</thumbnail>
	<fanart>https://image.tmdb.org/t/p/w1280/A1R3YNxmcr7GlEmzZZgn9uZzvWk.jpg</fanart>
</item>
<item>
	<title>[COLOR=white]Beethoven's 4th[/COLOR]</title>
	<meta>
	<imdb>tt0294345</imdb>
	<content>movie</content>
	<title>Beethoven's 4th</title>
	<year>2001</year>
	</meta>
	<link>
	<sublink>search</sublink>
	<sublink>searchsd</sublink>
	</link>
	<thumbnail>https://image.tmdb.org/t/p/w1280/dvw8mJlEjxvBggoiAbiPkXfvbFO.jpg</thumbnail>
	<fanart>https://image.tmdb.org/t/p/w1280/qc3QlcE0OnFWNB4exB1UK8ndg9g.jpg</fanart>
</item>
<item>
	<title>[COLOR=white]Beethoven's 5th[/COLOR]</title>
	<meta>
	<imdb>tt0342108</imdb>
	<content>movie</content>
	<title>Beethoven's 5th</title>
	<year>2003</year>
	</meta>
	<link>
	<sublink>search</sublink>
	<sublink>searchsd</sublink>
	</link>
	<thumbnail>https://image.tmdb.org/t/p/w1280/mIjzNxaUWsacg4R8rDGl6pJn4C8.jpg</thumbnail>
	<fanart>https://image.tmdb.org/t/p/w1280/xgSEcvIOyqbxnxDKvScOmt5i7CS.jpg</fanart>
</item>
<item>
	<title>[COLOR=white]Beethoven's Big Break[/COLOR]</title>
	<meta>
	<imdb>none</imdb>
	<content>movie</content>
	<title>Beethoven's Big Break</title>
	<year>2008</year>
	</meta>
	<link>
	<sublink>search</sublink>
	<sublink>searchsd</sublink>
	</link>
	<thumbnail>https://image.tmdb.org/t/p/w1280/gGiLG8oiSsMKy0SGd55liBZH07d.jpg</thumbnail>
	<fanart>https://image.tmdb.org/t/p/w1280/rfwdl4PjLiQK7gJDdJn7yyfLNdZ.jpg</fanart>
</item>
<item>
	<title>[COLOR=white]Beethoven[/COLOR]</title>
	<meta>
	<imdb>tt0103786</imdb>
	<content>movie</content>
	<title>Beethoven</title>
	<year>1992</year>
	</meta>
	<link>
	<sublink>search</sublink>
	<sublink>searchsd</sublink>
	</link>
	<thumbnail>https://image.tmdb.org/t/p/w1280/rjmkdq77jvcJgXn0E88Fl2Qu7vI.jpg</thumbnail>
	<fanart>https://image.tmdb.org/t/p/w1280/bRLRsAORRuTfZj5XcGWpNXPlt1z.jpg</fanart>
</item>
<item>
	<title>[COLOR=white]Benji the Hunted[/COLOR]</title>
	<meta>
	<imdb>none</imdb>
	<content>movie</content>
	<title>Benji the Hunted</title>
	<year>1987</year>
	</meta>
	<link>
	<sublink>search</sublink>
	<sublink>searchsd</sublink>
	</link>
	<thumbnail>https://image.tmdb.org/t/p/w1280/ddOUzoDVvMQOo7XL18DOhLBa0AL.jpg</thumbnail>
	<fanart>https://image.tmdb.org/t/p/w1280/f33FOhenVKNleZxhdSnUtQzhijt.jpg</fanart>
</item>
<item>
	<title>[COLOR=white]Benji: Off the Leash![/COLOR]</title>
	<meta>
	<imdb>none</imdb>
	<content>movie</content>
	<title>Benji: Off the Leash!</title>
	<year>2004</year>
	</meta>
	<link>
	<sublink>search</sublink>
	<sublink>searchsd</sublink>
	</link>
	<thumbnail>https://image.tmdb.org/t/p/w1280/rwk24oAiDUNzcARqvoonBoPlB5p.jpg</thumbnail>
	<fanart>https://image.tmdb.org/t/p/w1280/tWRquOHOmZqp0SOkUUVzVgVbhFn.jpg</fanart>
</item>
<item>
	<title>[COLOR=white]Benji[/COLOR]</title>
	<meta>
	<imdb>none</imdb>
	<content>movie</content>
	<title>Benji</title>
	<year>1974</year>
	</meta>
	<link>
	<sublink>search</sublink>
	<sublink>searchsd</sublink>
	</link>
	<thumbnail>https://image.tmdb.org/t/p/w1280/79yeY2waBOZW8K5N5aIVSw94lEJ.jpg</thumbnail>
	<fanart>https://image.tmdb.org/t/p/w1280/tWRquOHOmZqp0SOkUUVzVgVbhFn.jpg</fanart>
</item>
<item>
	<title>[COLOR=white]Best in Show[/COLOR]</title>
	<meta>
	<imdb>none</imdb>
	<content>movie</content>
	<title>Best in Show</title>
	<year>2000</year>
	</meta>
	<link>
	<sublink>search</sublink>
	<sublink>searchsd</sublink>
	</link>
	<thumbnail>https://image.tmdb.org/t/p/w1280/rDoVUVT5CGkraBjEukfBTHsxBN9.jpg</thumbnail>
	<fanart>https://image.tmdb.org/t/p/w1280/ed8CWIUFrjFYEcJP1C8uc3wEcNM.jpg</fanart>
</item>
<item>
	<title>[COLOR=white]Beverly Hills Chihuahua 2[/COLOR]</title>
	<meta>
	<imdb>none</imdb>
	<content>movie</content>
	<title>Beverly Hills Chihuahua 2</title>
	<year>2011</year>
	</meta>
	<link>
	<sublink>search</sublink>
	<sublink>searchsd</sublink>
	</link>
	<thumbnail>https://image.tmdb.org/t/p/w1280/e3ijGsYIKTeay7ooDmzhaK7GbiU.jpg</thumbnail>
	<fanart>https://image.tmdb.org/t/p/w1280/vMMYUVaOw6fMPW2HGwDvgs2D0WP.jpg</fanart>
</item>
<item>
	<title>[COLOR=white]Beverly Hills Chihuahua 3 - Viva La Fiesta![/COLOR]</title>
	<meta>
	<imdb>none</imdb>
	<content>movie</content>
	<title>Beverly Hills Chihuahua 3 - Viva La Fiesta!</title>
	<year>2012</year>
	</meta>
	<link>
	<sublink>search</sublink>
	<sublink>searchsd</sublink>
	</link>
	<thumbnail>https://image.tmdb.org/t/p/w1280/3PjyqcxJkxCcfQNqcYPUI6pLvWB.jpg</thumbnail>
	<fanart>https://image.tmdb.org/t/p/w1280/jINVAxnCeBHd9dySONuBcMLWwVH.jpg</fanart>
</item>
<item>
	<title>[COLOR=white]Beverly Hills Chihuahua[/COLOR]</title>
	<meta>
	<imdb>none</imdb>
	<content>movie</content>
	<title>Beverly Hills Chihuahua</title>
	<year>2008</year>
	</meta>
	<link>
	<sublink>search</sublink>
	<sublink>searchsd</sublink>
	</link>
	<thumbnail>https://image.tmdb.org/t/p/w1280/2aRvqtLoE06hTjG93lASvO7r1as.jpg</thumbnail>
	<fanart>https://image.tmdb.org/t/p/w1280/1LrmX8M2nZY5j1OtPhH0GDwyVkl.jpg</fanart>
</item>
<item>
	<title>[COLOR=white]Black Beauty[/COLOR]</title>
	<meta>
	<imdb>none</imdb>
	<content>movie</content>
	<title>Black Beauty</title>
	<year>1994</year>
	</meta>
	<link>
	<sublink>search</sublink>
	<sublink>searchsd</sublink>
	</link>
	<thumbnail>https://image.tmdb.org/t/p/w1280/e8LdBWsUzjjvUjMwgfaAukQXg3i.jpg</thumbnail>
	<fanart>https://image.tmdb.org/t/p/w1280/ylgPDskbwuetQzrLqoY42XaqCUm.jpg</fanart>
</item>
<item>
	<title>[COLOR=white]Bolt[/COLOR]</title>
	<meta>
	<imdb>tt0397892</imdb>
	<content>movie</content>
	<title>Bolt</title>
	<year>2008</year>
	</meta>
	<link>
	<sublink>search</sublink>
	<sublink>searchsd</sublink>
	</link>
	<thumbnail>https://image.tmdb.org/t/p/w1280/pGA75RbbIDXlUJtzJogAtS0KyxL.jpg</thumbnail>
	<fanart>https://image.tmdb.org/t/p/w1280/lwI40taKaCKHK9mUeSBP2tQz8dS.jpg</fanart>
</item>
<item>
	<title>[COLOR=white]Born Free[/COLOR]</title>
	<meta>
	<imdb>tt0060182</imdb>
	<content>movie</content>
	<title>Born Free</title>
	<year>1966</year>
	</meta>
	<link>
	<sublink>search</sublink>
	<sublink>searchsd</sublink>
	</link>
	<thumbnail>https://image.tmdb.org/t/p/w1280/yMYmH3K6R9Nen8CNwWUsFdWS54j.jpg</thumbnail>
	<fanart>https://image.tmdb.org/t/p/w1280/h7ZKbGAgIsBGoya6623SbT4zTgo.jpg</fanart>
</item>
<item>
	<title>[COLOR=white]Brother Bear 2[/COLOR]</title>
	<meta>
	<imdb>tt0465925</imdb>
	<content>movie</content>
	<title>Brother Bear 2</title>
	<year>2006</year>
	</meta>
	<link>
	<sublink>search</sublink>
	<sublink>searchsd</sublink>
	</link>
	<thumbnail>https://image.tmdb.org/t/p/w1280/msZSTfilEF6hw47HTuf5AeXAO8R.jpg</thumbnail>
	<fanart>https://image.tmdb.org/t/p/w1280/zhMiJmPuX2o2bbXWWZNUgVbw3OM.jpg</fanart>
</item>
<item>
	<title>[COLOR=white]Brother Bear[/COLOR]</title>
	<meta>
	<imdb>tt0328880</imdb>
	<content>movie</content>
	<title>Brother Bear</title>
	<year>2003</year>
	</meta>
	<link>
	<sublink>search</sublink>
	<sublink>searchsd</sublink>
	</link>
	<thumbnail>https://image.tmdb.org/t/p/w1280/otptPbEY0vBostmo95xwiiumMJm.jpg</thumbnail>
	<fanart>https://image.tmdb.org/t/p/w1280/mDgZ8aLCrH4NcUJIvF0W5B8qa4G.jpg</fanart>
</item>
<item>
	<title>[COLOR=white]Buddy[/COLOR]</title>
	<meta>
	<imdb>tt0118787</imdb>
	<content>movie</content>
	<title>Buddy</title>
	<year>1997</year>
	</meta>
	<link>
	<sublink>search</sublink>
	<sublink>searchsd</sublink>
	</link>
	<thumbnail>https://image.tmdb.org/t/p/w1280/kbf9TnR3j81cRtafGDiGaMdTOz8.jpg</thumbnail>
	<fanart>https://image.tmdb.org/t/p/w1280/44AUg78Bh1riStNYaaa370CTYfq.jpg</fanart>
</item>
<item>
	<title>[COLOR=white]Cats & Dogs: The Revenge of Kitty Galore[/COLOR]</title>
	<meta>
	<imdb>tt1287468</imdb>
	<content>movie</content>
	<title>Cats & Dogs: The Revenge of Kitty Galore</title>
	<year>2010</year>
	</meta>
	<link>
	<sublink>search</sublink>
	<sublink>searchsd</sublink>
	</link>
	<thumbnail>https://image.tmdb.org/t/p/w1280/6V1TFvZsbQi2fpxIZtseqBCvuRM.jpg</thumbnail>
	<fanart>https://image.tmdb.org/t/p/w1280/8MJcCupnfyvh560FA3PmaHu1tMU.jpg</fanart>
</item>
<item>
	<title>[COLOR=white]Cats & Dogs[/COLOR]</title>
	<meta>
	<imdb>tt0239395</imdb>
	<content>movie</content>
	<title>Cats & Dogs</title>
	<year>2001</year>
	</meta>
	<link>
	<sublink>search</sublink>
	<sublink>searchsd</sublink>
	</link>
	<thumbnail>https://image.tmdb.org/t/p/w1280/1RLlzNwnrpMMNFt71OVFAnJp6ww.jpg</thumbnail>
	<fanart>https://image.tmdb.org/t/p/w1280/2GoKwjA0K7b3BnsvBXwm68PkaJk.jpg</fanart>
</item>
<item>
	<title>[COLOR=white]Cats Don't Dance[/COLOR]</title>
	<meta>
	<imdb>tt0118829</imdb>
	<content>movie</content>
	<title>Cats Don't Dance</title>
	<year>1997</year>
	</meta>
	<link>
	<sublink>search</sublink>
	<sublink>searchsd</sublink>
	</link>
	<thumbnail>https://image.tmdb.org/t/p/w1280/sSx6WDj5moqTLVjyHB3COG0ELMq.jpg</thumbnail>
	<fanart>https://image.tmdb.org/t/p/w1280/ljuF6Wb0JYc6GHmYcFErzE1hYqI.jpg</fanart>
</item>
<item>
	<title>[COLOR=white]Charlotte's Web 2: Wilbur's Great Adventure[/COLOR]</title>
	<meta>
	<imdb>tt0355315</imdb>
	<content>movie</content>
	<title>Charlotte's Web 2: Wilbur's Great Adventure</title>
	<year>2003</year>
	</meta>
	<link>
	<sublink>search</sublink>
	<sublink>searchsd</sublink>
	</link>
	<thumbnail>https://image.tmdb.org/t/p/w1280/djgoEckEfAhi1OJPnOqRUCmdt2r.jpg</thumbnail>
	<fanart>https://image.tmdb.org/t/p/w1280/xK3DPXbUvhMo3tsgS1pY977FRVq.jpg</fanart>
</item>
<item>
	<title>[COLOR=white]Charlotte's Web[/COLOR]</title>
	<meta>
	<imdb>tt0413895</imdb>
	<content>movie</content>
	<title>Charlotte's Web</title>
	<year>2006</year>
	</meta>
	<link>
	<sublink>search</sublink>
	<sublink>searchsd</sublink>
	</link>
	<thumbnail>https://image.tmdb.org/t/p/w1280/zmfPv26TJrMeE9ngSEpBG44uePa.jpg</thumbnail>
	<fanart>https://image.tmdb.org/t/p/w1280/ybMxs1mGYzSEkgqLvdHOMHXh8xL.jpg</fanart>
</item>
<item>
	<title>[COLOR=white]Charlotte's Web[/COLOR]</title>
	<meta>
	<imdb>tt0070016</imdb>
	<content>movie</content>
	<title>Charlotte's Web</title>
	<year>1973</year>
	</meta>
	<link>
	<sublink>search</sublink>
	<sublink>searchsd</sublink>
	</link>
	<thumbnail>https://image.tmdb.org/t/p/w1280/aX0r77IQffLo3Efo6sP2ORwIcEM.jpg</thumbnail>
	<fanart>https://image.tmdb.org/t/p/w1280/rcFsZsgTwC4fz8Hv0d2MtauO9Rh.jpg</fanart>
</item>
<item>
	<title>[COLOR=white]Cheetah[/COLOR]</title>
	<meta>
	<imdb>tt0097053</imdb>
	<content>movie</content>
	<title>Cheetah</title>
	<year>1989</year>
	</meta>
	<link>
	<sublink>search</sublink>
	<sublink>searchsd</sublink>
	</link>
	<thumbnail>https://image.tmdb.org/t/p/w1280/4mtBT7eOV19gUqtKyc2urkAe1Wf.jpg</thumbnail>
	<fanart>https://image.tmdb.org/t/p/w1280/koPgU8wFsUH020v0p1bcAXMNj5f.jpg</fanart>
</item>
<item>
	<title>[COLOR=white]Chicken Little[/COLOR]</title>
	<meta>
	<imdb>tt0371606</imdb>
	<content>movie</content>
	<title>Chicken Little</title>
	<year>2005</year>
	</meta>
	<link>
	<sublink>search</sublink>
	<sublink>searchsd</sublink>
	</link>
	<thumbnail>https://image.tmdb.org/t/p/w1280/iLMALbInUmbNn1tHmxJEWm5MyjP.jpg</thumbnail>
	<fanart>https://image.tmdb.org/t/p/w1280/9YqNb9V9lded8ZDjMz8nkQLpq15.jpg</fanart>
</item>
<item>
	<title>[COLOR=white]Chicken Run[/COLOR]</title>
	<meta>
	<imdb>tt0120630</imdb>
	<content>movie</content>
	<title>Chicken Run</title>
	<year>2000</year>
	</meta>
	<link>
	<sublink>search</sublink>
	<sublink>searchsd</sublink>
	</link>
	<thumbnail>https://image.tmdb.org/t/p/w1280/z0MafJgUnVyVbczicYMkPKKHkBi.jpg</thumbnail>
	<fanart>https://image.tmdb.org/t/p/w1280/oQ3xpOJhawe73ro7q6yKYDicZUM.jpg</fanart>
</item>
<item>
	<title>[COLOR=white]Chimpanzee[/COLOR]</title>
	<meta>
	<imdb>tt1222815</imdb>
	<content>movie</content>
	<title>Chimpanzee</title>
	<year>2012</year>
	</meta>
	<link>
	<sublink>search</sublink>
	<sublink>searchsd</sublink>
	</link>
	<thumbnail>https://image.tmdb.org/t/p/w1280/i3IojCgvzVba9Fq2myvEGyoItE4.jpg</thumbnail>
	<fanart>https://image.tmdb.org/t/p/w1280/30KRxEMI7cykynsUE6BVLyOxh5H.jpg</fanart>
</item>
<item>
	<title>[COLOR=white]Doctor Dolittle[/COLOR]</title>
	<meta>
	<imdb>tt0118998</imdb>
	<content>movie</content>
	<title>Doctor Dolittle</title>
	<year>1998</year>
	</meta>
	<link>
	<sublink>search</sublink>
	<sublink>searchsd</sublink>
	</link>
	<thumbnail>https://image.tmdb.org/t/p/w1280/ebomUCgc1QhtuxWiEHnmJlesv2g.jpg</thumbnail>
	<fanart>https://image.tmdb.org/t/p/w1280/g97xTt18p0WWnj6wxLGC0vBKFwQ.jpg</fanart>
</item>
<item>
	<title>[COLOR=white]Doctor Dolittle[/COLOR]</title>
	<meta>
	<imdb>tt0061584</imdb>
	<content>movie</content>
	<title>Doctor Dolittle</title>
	<year>1967</year>
	</meta>
	<link>
	<sublink>search</sublink>
	<sublink>searchsd</sublink>
	</link>
	<thumbnail>https://image.tmdb.org/t/p/w1280/hsbUAyzgMtF7NC6pR2SEk0UgeNU.jpg</thumbnail>
	<fanart>https://image.tmdb.org/t/p/w1280/dYakGhfA6o1KBl73DBdwtR6Db5u.jpg</fanart>
</item>
<item>
	<title>[COLOR=white]Dolphin Tale 2[/COLOR]</title>
	<meta>
	<imdb>tt2978462</imdb>
	<content>movie</content>
	<title>Dolphin Tale 2</title>
	<year>2014</year>
	</meta>
	<link>
	<sublink>search</sublink>
	<sublink>searchsd</sublink>
	</link>
	<thumbnail>https://image.tmdb.org/t/p/w1280/ga714OrcrFhCrhbHUfDG47fUU5F.jpg</thumbnail>
	<fanart>https://image.tmdb.org/t/p/w1280/mAGjEDmpqOU9iy6ZDNQmMxcNtOl.jpg</fanart>
</item>
<item>
	<title>[COLOR=white]Dolphin Tale[/COLOR]</title>
	<meta>
	<imdb>tt1564349</imdb>
	<content>movie</content>
	<title>Dolphin Tale</title>
	<year>2011</year>
	</meta>
	<link>
	<sublink>search</sublink>
	<sublink>searchsd</sublink>
	</link>
	<thumbnail>https://image.tmdb.org/t/p/w1280/47eRTWQDx9lPkQgTWmuATNNkwBJ.jpg</thumbnail>
	<fanart>https://image.tmdb.org/t/p/w1280/xsC7j04MmWL0QxOyUWSv2rhnsep.jpg</fanart>
</item>
<item>
	<title>[COLOR=white]Dr. Dolittle 2[/COLOR]</title>
	<meta>
	<imdb>tt0240462</imdb>
	<content>movie</content>
	<title>Dr. Dolittle 2</title>
	<year>2001</year>
	</meta>
	<link>
	<sublink>search</sublink>
	<sublink>searchsd</sublink>
	</link>
	<thumbnail>https://image.tmdb.org/t/p/w1280/aecUc1LobMV56Doj99ZvJR2dXgG.jpg</thumbnail>
	<fanart>https://image.tmdb.org/t/p/w1280/CI4gcw8kes1sbR9ht8rhMc2la7.jpg</fanart>
</item>
<item>
	<title>[COLOR=white]Dr. Dolittle 3[/COLOR]</title>
	<meta>
	<imdb>tt0481513</imdb>
	<content>movie</content>
	<title>Dr. Dolittle 3</title>
	<year>2006</year>
	</meta>
	<link>
	<sublink>search</sublink>
	<sublink>searchsd</sublink>
	</link>
	<thumbnail>https://image.tmdb.org/t/p/w1280/njzJfKjt6wRz8hv34Q2DgSeG12M.jpg</thumbnail>
	<fanart>https://image.tmdb.org/t/p/w1280/ehupcUSvuza7MzzNPZc6l0plCZC.jpg</fanart>
</item>
<item>
	<title>[COLOR=white]Dr. Dolittle: Million Dollar Mutts[/COLOR]</title>
	<meta>
	<imdb>tt1080926</imdb>
	<content>movie</content>
	<title>Dr. Dolittle: Million Dollar Mutts</title>
	<year>2009</year>
	</meta>
	<link>
	<sublink>search</sublink>
	<sublink>searchsd</sublink>
	</link>
	<thumbnail>https://image.tmdb.org/t/p/w1280/iZz5ywVTaPlvp3Fkk4iC4Xj1KcR.jpg</thumbnail>
	<fanart>https://image.tmdb.org/t/p/w1280/hYzV2aOmqzElwsi5KLRKRSDFTqN.jpg</fanart>
</item>
<item>
	<title>[COLOR=white]Duma[/COLOR]</title>
	<meta>
	<imdb>tt0361715</imdb>
	<content>movie</content>
	<title>Duma</title>
	<year>2005</year>
	</meta>
	<link>
	<sublink>search</sublink>
	<sublink>searchsd</sublink>
	</link>
	<thumbnail>https://image.tmdb.org/t/p/w1280/51DifIBx53qRHNFgYuQJg03EFeL.jpg</thumbnail>
	<fanart>https://image.tmdb.org/t/p/w1280/79lmfotVqntIVamh4Yor2DRoL34.jpg</fanart>
</item>
<item>
	<title>[COLOR=white]Dumbo[/COLOR]</title>
	<meta>
	<imdb>tt0033563</imdb>
	<content>movie</content>
	<title>Dumbo</title>
	<year>1941</year>
	</meta>
	<link>
	<sublink>search</sublink>
	<sublink>searchsd</sublink>
	</link>
	<thumbnail>https://image.tmdb.org/t/p/w1280/hKDdllslMtsU9JixAv5HR9biXlp.jpg</thumbnail>
	<fanart>https://image.tmdb.org/t/p/w1280/sa5vHfu5n4NFqZbVf2hzqGr6bim.jpg</fanart>
</item>
<item>
	<title>[COLOR=white]Dunston Checks In[/COLOR]</title>
	<meta>
	<imdb>tt0116151</imdb>
	<content>movie</content>
	<title>Dunston Checks In</title>
	<year>1996</year>
	</meta>
	<link>
	<sublink>search</sublink>
	<sublink>searchsd</sublink>
	</link>
	<thumbnail>https://image.tmdb.org/t/p/w1280/mvbJSNMRzM7epjeJMT3vFxXydQJ.jpg</thumbnail>
	<fanart>https://image.tmdb.org/t/p/w1280/dpiciyrHsu9BchmC4x8PoCfubre.jpg</fanart>
</item>
<item>
	<title>[COLOR=white]Ed[/COLOR]</title>
	<meta>
	<imdb>tt0116165</imdb>
	<content>movie</content>
	<title>Ed</title>
	<year>1996</year>
	</meta>
	<link>
	<sublink>search</sublink>
	<sublink>searchsd</sublink>
	</link>
	<thumbnail>https://image.tmdb.org/t/p/w1280/oSNX3zyTpRMN0ExtOobt7eaJfPD.jpg</thumbnail>
	<fanart>https://image.tmdb.org/t/p/w1280/a4yAIFClhalxnFxKJtdkcSox6UR.jpg</fanart>
</item>
<item>
	<title>[COLOR=white]Eight Below[/COLOR]</title>
	<meta>
	<imdb>tt0397313</imdb>
	<content>movie</content>
	<title>Eight Below</title>
	<year>2006</year>
	</meta>
	<link>
	<sublink>search</sublink>
	<sublink>searchsd</sublink>
	</link>
	<thumbnail>https://image.tmdb.org/t/p/w1280/b25TensrtHJNGeYFFtI86GMO27a.jpg</thumbnail>
	<fanart>https://image.tmdb.org/t/p/w1280/glBFWMS34i4v3d0RYyKCZzgzVlt.jpg</fanart>
</item>
<item>
	<title>[COLOR=white]Finding Nemo[/COLOR]</title>
	<meta>
	<imdb>tt0266543</imdb>
	<content>movie</content>
	<title>Finding Nemo</title>
	<year>2003</year>
	</meta>
	<link>
	<sublink>search</sublink>
	<sublink>searchsd</sublink>
	</link>
	<thumbnail>https://image.tmdb.org/t/p/w1280/syPWyeeqzTQIxjIUaIFI7d0TyEY.jpg</thumbnail>
	<fanart>https://image.tmdb.org/t/p/w1280/n2vIGWw4ezslXjlP0VNxkp9wqwU.jpg</fanart>
</item>
<item>
	<title>[COLOR=white]Firehouse Dog[/COLOR]</title>
	<meta>
	<imdb>tt0476995</imdb>
	<content>movie</content>
	<title>Firehouse Dog</title>
	<year>2007</year>
	</meta>
	<link>
	<sublink>search</sublink>
	<sublink>searchsd</sublink>
	</link>
	<thumbnail>https://image.tmdb.org/t/p/w1280/nTSQl0895tXPjYl4yLfA7XLGfXS.jpg</thumbnail>
	<fanart>https://image.tmdb.org/t/p/w1280/9otcGkMW9m1WYkntGQEXxt047M2.jpg</fanart>
</item>
<item>
	<title>[COLOR=white]Flipper[/COLOR]</title>
	<meta>
	<imdb>tt0116322</imdb>
	<content>movie</content>
	<title>Flipper</title>
	<year>1996</year>
	</meta>
	<link>
	<sublink>search</sublink>
	<sublink>searchsd</sublink>
	</link>
	<thumbnail>https://image.tmdb.org/t/p/w1280/eq1JsckI4W8m0ozFglRLPkoopkZ.jpg</thumbnail>
	<fanart>https://image.tmdb.org/t/p/w1280/noCT2Ht5GrXAhYF41zPAj1QTEDn.jpg</fanart>
</item>
<item>
	<title>[COLOR=white]Flipper[/COLOR]</title>
	<meta>
	<imdb>tt0057063</imdb>
	<content>movie</content>
	<title>Flipper</title>
	<year>1963</year>
	</meta>
	<link>
	<sublink>search</sublink>
	<sublink>searchsd</sublink>
	</link>
	<thumbnail>https://image.tmdb.org/t/p/w1280/jQx7ALTNn6H72Egcd8OF0P0WQYb.jpg</thumbnail>
	<fanart>https://image.tmdb.org/t/p/w1280/qFpdyRNXbmKHApie1sZEUMisS9B.jpg</fanart>
</item>
<item>
	<title>[COLOR=white]Fluke[/COLOR]</title>
	<meta>
	<imdb>tt0113089</imdb>
	<content>movie</content>
	<title>Fluke</title>
	<year>1995</year>
	</meta>
	<link>
	<sublink>search</sublink>
	<sublink>searchsd</sublink>
	</link>
	<thumbnail>https://image.tmdb.org/t/p/w1280/W9QVHIH4n8X8OLWyEqbzBTfhfD.jpg</thumbnail>
	<fanart>https://image.tmdb.org/t/p/w1280/dKPpAa8JX7tXvFk2UrUWBRT3mUc.jpg</fanart>
</item>
<item>
	<title>[COLOR=white]Fly Away Home[/COLOR]</title>
	<meta>
	<imdb>tt0116329</imdb>
	<content>movie</content>
	<title>Fly Away Home</title>
	<year>1996</year>
	</meta>
	<link>
	<sublink>search</sublink>
	<sublink>searchsd</sublink>
	</link>
	<thumbnail>https://image.tmdb.org/t/p/w1280/azFDIXe7TgEgte7gHL8PkvXW0GC.jpg</thumbnail>
	<fanart>https://image.tmdb.org/t/p/w1280/zJiKgxIeikZPr0nM6qNgDL2gzjr.jpg</fanart>
</item>
<item>
	<title>[COLOR=white]For the Love of Benji[/COLOR]</title>
	<meta>
	<imdb>tt0076044</imdb>
	<content>movie</content>
	<title>For the Love of Benji</title>
	<year>1977</year>
	</meta>
	<link>
	<sublink>search</sublink>
	<sublink>searchsd</sublink>
	</link>
	<thumbnail>https://image.tmdb.org/t/p/w1280/na5DeUyQ1IijbFYsJCpF3HODRSV.jpg</thumbnail>
	<fanart>https://image.tmdb.org/t/p/w1280/tWRquOHOmZqp0SOkUUVzVgVbhFn.jpg</fanart>
</item>
<item>
	<title>[COLOR=white]Free Birds[/COLOR]</title>
	<meta>
	<imdb>none</imdb>
	<content>movie</content>
	<title>Free Birds</title>
	<year>2013</year>
	</meta>
	<link>
	<sublink>search</sublink>
	<sublink>searchsd</sublink>
	</link>
	<thumbnail>https://image.tmdb.org/t/p/w1280/c5Gwex2oQPaMkgZPTzhdkMMSrwW.jpg</thumbnail>
	<fanart>https://image.tmdb.org/t/p/w1280/kMQHV8A0jOl4eRkBFP7dy6Jt5Gv.jpg</fanart>
</item>
<item>
	<title>[COLOR=white]Free Willy 2 - The Adventure Home[/COLOR]</title>
	<meta>
	<imdb>none</imdb>
	<content>movie</content>
	<title>Free Willy 2 - The Adventure Home</title>
	<year>1995</year>
	</meta>
	<link>
	<sublink>search</sublink>
	<sublink>searchsd</sublink>
	</link>
	<thumbnail>https://image.tmdb.org/t/p/w1280/yLyyjm4m3fSvbazyFv4RtUnb2uQ.jpg</thumbnail>
	<fanart>https://image.tmdb.org/t/p/w1280/vdAvXHSrzzLli220pbXEbTUGT6a.jpg</fanart>
</item>
<item>
	<title>[COLOR=white]Free Willy 3: The Rescue[/COLOR]</title>
	<meta>
	<imdb>none</imdb>
	<content>movie</content>
	<title>Free Willy 3: The Rescue</title>
	<year>1997</year>
	</meta>
	<link>
	<sublink>search</sublink>
	<sublink>searchsd</sublink>
	</link>
	<thumbnail>https://image.tmdb.org/t/p/w1280/x7XV6aRUle4sBGMxZixqnfBtbGG.jpg</thumbnail>
	<fanart>https://image.tmdb.org/t/p/w1280/309vBDYOFxHhUddCssyRw5kdpEn.jpg</fanart>
</item>
<item>
	<title>[COLOR=white]Free Willy: Escape From Pirate's Cove[/COLOR]</title>
	<meta>
	<imdb>none</imdb>
	<content>movie</content>
	<title>Free Willy: Escape From Pirate's Cove</title>
	<year>2010</year>
	</meta>
	<link>
	<sublink>search</sublink>
	<sublink>searchsd</sublink>
	</link>
	<thumbnail>https://image.tmdb.org/t/p/w1280/A1eBPIcUOwWMHjSuyvyxS9Jhbbu.jpg</thumbnail>
	<fanart>https://image.tmdb.org/t/p/w1280/45Iu6OV2lccPgsBr2vqFR3tHHmy.jpg</fanart>
</item>
<item>
	<title>[COLOR=white]Free Willy[/COLOR]</title>
	<meta>
	<imdb>none</imdb>
	<content>movie</content>
	<title>Free Willy</title>
	<year>1993</year>
	</meta>
	<link>
	<sublink>search</sublink>
	<sublink>searchsd</sublink>
	</link>
	<thumbnail>https://image.tmdb.org/t/p/w1280/vIjiTSNA52VGGP9eeegNaMKXNhf.jpg</thumbnail>
	<fanart>https://image.tmdb.org/t/p/w1280/wSzL3pEuraPtMBuAEmeSezQBKRu.jpg</fanart>
</item>
<item>
	<title>[COLOR=white]Furry Vengeance[/COLOR]</title>
	<meta>
	<imdb>none</imdb>
	<content>movie</content>
	<title>Furry Vengeance</title>
	<year>2010</year>
	</meta>
	<link>
	<sublink>search</sublink>
	<sublink>searchsd</sublink>
	</link>
	<thumbnail>https://image.tmdb.org/t/p/w1280/mnAZVbqg5y8IcgK9HmA5x4Qnank.jpg</thumbnail>
	<fanart>https://image.tmdb.org/t/p/w1280/6LTtLWp2OwXzpzSpZ6kx0zWszjw.jpg</fanart>
</item>
<item>
	<title>[COLOR=white]G-Force[/COLOR]</title>
	<meta>
	<imdb>none</imdb>
	<content>movie</content>
	<title>G-Force</title>
	<year>2009</year>
	</meta>
	<link>
	<sublink>search</sublink>
	<sublink>searchsd</sublink>
	</link>
	<thumbnail>https://image.tmdb.org/t/p/w1280/ecTQ40F6Ob4JW2qMRUf8ThxViyd.jpg</thumbnail>
	<fanart>https://image.tmdb.org/t/p/w1280/dnBiiPKJnIKb1e8BcDo3cicdjFG.jpg</fanart>
</item>
<item>
	<title>[COLOR=white]Garfield: A Tail of Two Kitties[/COLOR]</title>
	<meta>
	<imdb>none</imdb>
	<content>movie</content>
	<title>Garfield: A Tail of Two Kitties</title>
	<year>2006</year>
	</meta>
	<link>
	<sublink>search</sublink>
	<sublink>searchsd</sublink>
	</link>
	<thumbnail>https://image.tmdb.org/t/p/w1280/aagx3t2Xv7R26hcqzrayTT28Yww.jpg</thumbnail>
	<fanart>https://image.tmdb.org/t/p/w1280/krMn4dSfYlhizlvv7tDOyxb69X4.jpg</fanart>
</item>
<item>
	<title>[COLOR=white]Garfield[/COLOR]</title>
	<meta>
	<imdb>none</imdb>
	<content>movie</content>
	<title>Garfield</title>
	<year>2004</year>
	</meta>
	<link>
	<sublink>search</sublink>
	<sublink>searchsd</sublink>
	</link>
	<thumbnail>https://image.tmdb.org/t/p/w1280/v6xvth8PjDG350ARG9H2sF7N3SF.jpg</thumbnail>
	<fanart>https://image.tmdb.org/t/p/w1280/obvIA9vxfJUUYU5N7e5u3ppqvfJ.jpg</fanart>
</item>
<item>
	<title>[COLOR=white]Gay Purr-ee[/COLOR]</title>
	<meta>
	<imdb>none</imdb>
	<content>movie</content>
	<title>Gay Purr-ee</title>
	<year>1962</year>
	</meta>
	<link>
	<sublink>search</sublink>
	<sublink>searchsd</sublink>
	</link>
	<thumbnail>https://image.tmdb.org/t/p/w1280/9DNEPmLEeSxyPLMEoFLJwmSA1yK.jpg</thumbnail>
	<fanart>https://image.tmdb.org/t/p/w1280/An8rw3QtpQjgEMElkc2paYpiGxI.jpg</fanart>
</item>
<item>
	<title>[COLOR=white]Goldy 2: The Saga of the Golden Bear[/COLOR]</title>
	<meta>
	<imdb>tt0162349</imdb>
	<content>movie</content>
	<title>Goldy 2: The Saga of the Golden Bear</title>
	<year>1986</year>
	</meta>
	<link>
	<sublink>search</sublink>
	<sublink>searchsd</sublink>
	</link>
	<thumbnail>https://image.tmdb.org/t/p/w1280/2hinpMyL9rfWV9MWPJKor4OLn9c.jpg</thumbnail>
	<fanart>https://image.tmdb.org/t/p/w1280</fanart>
</item>
<item>
	<title>[COLOR=white]Goldy: The Last of the Golden Bears[/COLOR]</title>
	<meta>
	<imdb>tt0087348</imdb>
	<content>movie</content>
	<title>Goldy: The Last of the Golden Bears</title>
	<year>1984</year>
	</meta>
	<link>
	<sublink>search</sublink>
	<sublink>searchsd</sublink>
	</link>
	<thumbnail>https://image.tmdb.org/t/p/w1280/mZ6Rc6uodxh0epSssHVf5u8vVD2.jpg</thumbnail>
	<fanart>https://image.tmdb.org/t/p/w1280</fanart>
</item>
<item>
	<title>[COLOR=white]Gordy[/COLOR]</title>
	<meta>
	<imdb>tt0113199</imdb>
	<content>movie</content>
	<title>Gordy</title>
	<year>1995</year>
	</meta>
	<link>
	<sublink>search</sublink>
	<sublink>searchsd</sublink>
	</link>
	<thumbnail>https://image.tmdb.org/t/p/w1280/xKGu7MQz9lxK3JGDFqQxxzMyfGH.jpg</thumbnail>
	<fanart>https://image.tmdb.org/t/p/w1280/9vzENEEun6X2do2qWbNkPOSRaKL.jpg</fanart>
</item>
<item>
	<title>[COLOR=white]Gorillas in the Mist[/COLOR]</title>
	<meta>
	<imdb>tt0095243</imdb>
	<content>movie</content>
	<title>Gorillas in the Mist</title>
	<year>1988</year>
	</meta>
	<link>
	<sublink>search</sublink>
	<sublink>searchsd</sublink>
	</link>
	<thumbnail>https://image.tmdb.org/t/p/w1280/yiD0x9H8cFsoebgyLtR4BLKXo0O.jpg</thumbnail>
	<fanart>https://image.tmdb.org/t/p/w1280/2yOk5xZXYoPZQ1klBZqpZODzBlZ.jpg</fanart>
</item>
<item>
	<title>[COLOR=white]Greyfriars Bobby: The True Story of a Dog[/COLOR]</title>
	<meta>
	<imdb>tt0054944</imdb>
	<content>movie</content>
	<title>Greyfriars Bobby: The True Story of a Dog</title>
	<year>1961</year>
	</meta>
	<link>
	<sublink>search</sublink>
	<sublink>searchsd</sublink>
	</link>
	<thumbnail>https://image.tmdb.org/t/p/w1280/3eC0mln7UZ8mcVUy0Iopu6dlnrO.jpg</thumbnail>
	<fanart>https://image.tmdb.org/t/p/w1280/6MuLRAGFk02sxtGkq9hwAEXwS5A.jpg</fanart>
</item>
<item>
	<title>[COLOR=white]Gus[/COLOR]</title>
	<meta>
	<imdb>tt0074599</imdb>
	<content>movie</content>
	<title>Gus</title>
	<year>1976</year>
	</meta>
	<link>
	<sublink>search</sublink>
	<sublink>searchsd</sublink>
	</link>
	<thumbnail>https://image.tmdb.org/t/p/w1280/llkUZZZ4IUFADPAUwsJztf7IvNo.jpg</thumbnail>
	<fanart>https://image.tmdb.org/t/p/w1280/ljTkKCGkfMEHxfBInMo3AgfYHDt.jpg</fanart>
</item>
<item>
	<title>[COLOR=white]Hachi: A Dog's Tale[/COLOR]</title>
	<meta>
	<imdb>tt1028532</imdb>
	<content>movie</content>
	<title>Hachi: A Dog's Tale</title>
	<year>2009</year>
	</meta>
	<link>
	<sublink>search</sublink>
	<sublink>searchsd</sublink>
	</link>
	<thumbnail>https://image.tmdb.org/t/p/w1280/3MpVmIg6CgOCUrZ2TZ2P0yitCbM.jpg</thumbnail>
	<fanart>https://image.tmdb.org/t/p/w1280/m87xptCZD6J15HcioOOX4kfEdeD.jpg</fanart>
</item>
<item>
	<title>[COLOR=white]Happy Feet Two[/COLOR]</title>
	<meta>
	<imdb>tt1402488</imdb>
	<content>movie</content>
	<title>Happy Feet Two</title>
	<year>2011</year>
	</meta>
	<link>
	<sublink>search</sublink>
	<sublink>searchsd</sublink>
	</link>
	<thumbnail>https://image.tmdb.org/t/p/w1280/gY8lWCObaGvcDsmeM8QHBF4AZVk.jpg</thumbnail>
	<fanart>https://image.tmdb.org/t/p/w1280/4MnCCfVAvLx7pP9ZvMQyvkb5awB.jpg</fanart>
</item>
<item>
	<title>[COLOR=white]Happy Feet[/COLOR]</title>
	<meta>
	<imdb>tt0366548</imdb>
	<content>movie</content>
	<title>Happy Feet</title>
	<year>2006</year>
	</meta>
	<link>
	<sublink>search</sublink>
	<sublink>searchsd</sublink>
	</link>
	<thumbnail>https://image.tmdb.org/t/p/w1280/8RLEzftZK87S2usLsQoYtyNYzoV.jpg</thumbnail>
	<fanart>https://image.tmdb.org/t/p/w1280/xgLMY1VCwM8SJq6HB3ZMpYL6mic.jpg</fanart>
</item>
<item>
	<title>[COLOR=white]Hidalgo[/COLOR]</title>
	<meta>
	<imdb>tt0317648</imdb>
	<content>movie</content>
	<title>Hidalgo</title>
	<year>2004</year>
	</meta>
	<link>
	<sublink>search</sublink>
	<sublink>searchsd</sublink>
	</link>
	<thumbnail>https://image.tmdb.org/t/p/w1280/5BiWWo12FnSFTatD8dfMpoF7bVs.jpg</thumbnail>
	<fanart>https://image.tmdb.org/t/p/w1280/1tH9AnFjBFemdowMfDrnnhY8Y1z.jpg</fanart>
</item>
<item>
	<title>[COLOR=white]Homeward Bound II: Lost in San Francisco[/COLOR]</title>
	<meta>
	<imdb>tt0116552</imdb>
	<content>movie</content>
	<title>Homeward Bound II: Lost in San Francisco</title>
	<year>1996</year>
	</meta>
	<link>
	<sublink>search</sublink>
	<sublink>searchsd</sublink>
	</link>
	<thumbnail>https://image.tmdb.org/t/p/w1280/6oFXtbLt9IyoK6rdvdt0ccF6hGP.jpg</thumbnail>
	<fanart>https://image.tmdb.org/t/p/w1280/a1c9rYLgKdhzIGfxPQGsXD1k1SL.jpg</fanart>
</item>
<item>
	<title>[COLOR=white]Homeward Bound: The Incredible Journey[/COLOR]</title>
	<meta>
	<imdb>tt0107131</imdb>
	<content>movie</content>
	<title>Homeward Bound: The Incredible Journey</title>
	<year>1993</year>
	</meta>
	<link>
	<sublink>search</sublink>
	<sublink>searchsd</sublink>
	</link>
	<thumbnail>https://image.tmdb.org/t/p/w1280/yBFfd6AqraqKnP4HPPxTk5oUnjI.jpg</thumbnail>
	<fanart>https://image.tmdb.org/t/p/w1280/xBodl3B2IvBHQYMjn0WwtrYuxLl.jpg</fanart>
</item>
<item>
	<title>[COLOR=white]Hotel for Dogs[/COLOR]</title>
	<meta>
	<imdb>tt0785006</imdb>
	<content>movie</content>
	<title>Hotel for Dogs</title>
	<year>2009</year>
	</meta>
	<link>
	<sublink>search</sublink>
	<sublink>searchsd</sublink>
	</link>
	<thumbnail>https://image.tmdb.org/t/p/w1280/l8bidcFpDFrAUDM9QL8FdsLGgk2.jpg</thumbnail>
	<fanart>https://image.tmdb.org/t/p/w1280/1ZEAChrKYrs5HLuVIWAeUJaTDmU.jpg</fanart>
</item>
<item>
	<title>[COLOR=white]Iron Will[/COLOR]</title>
	<meta>
	<imdb>tt0110157</imdb>
	<content>movie</content>
	<title>Iron Will</title>
	<year>1994</year>
	</meta>
	<link>
	<sublink>search</sublink>
	<sublink>searchsd</sublink>
	</link>
	<thumbnail>https://image.tmdb.org/t/p/w1280/oaMVUuWgUGG2Oy9zkkL6SNjrfOo.jpg</thumbnail>
	<fanart>https://image.tmdb.org/t/p/w1280/yDcBvaOcLlIGJY9VOwGJMp7BzpU.jpg</fanart>
</item>
<item>
	<title>[COLOR=white]Jaws 2[/COLOR]</title>
	<meta>
	<imdb>tt0077766</imdb>
	<content>movie</content>
	<title>Jaws 2</title>
	<year>1978</year>
	</meta>
	<link>
	<sublink>search</sublink>
	<sublink>searchsd</sublink>
	</link>
	<thumbnail>https://image.tmdb.org/t/p/w1280/zzGtimy1mUJYDjFjCmn2dpHREGV.jpg</thumbnail>
	<fanart>https://image.tmdb.org/t/p/w1280/pUVaVyWFBRCRSuu6M0rFcyqAwQx.jpg</fanart>
</item>
<item>
	<title>[COLOR=white]Jaws 3-D[/COLOR]</title>
	<meta>
	<imdb>tt0085750</imdb>
	<content>movie</content>
	<title>Jaws 3-D</title>
	<year>1983</year>
	</meta>
	<link>
	<sublink>search</sublink>
	<sublink>searchsd</sublink>
	</link>
	<thumbnail>https://image.tmdb.org/t/p/w1280/jGU5GucRaNCQ3L16qI7kfWch5Bn.jpg</thumbnail>
	<fanart>https://image.tmdb.org/t/p/w1280/e6xFzaEzjSF4OnJ4f65ovMJE3vu.jpg</fanart>
</item>
<item>
	<title>[COLOR=white]Jaws[/COLOR]</title>
	<meta>
	<imdb>tt0073195</imdb>
	<content>movie</content>
	<title>Jaws</title>
	<year>1975</year>
	</meta>
	<link>
	<sublink>search</sublink>
	<sublink>searchsd</sublink>
	</link>
	<thumbnail>https://image.tmdb.org/t/p/w1280/l1yltvzILaZcx2jYvc5sEMkM7Eh.jpg</thumbnail>
	<fanart>https://image.tmdb.org/t/p/w1280/uTVuKo6OTGiead1ncsfH2klqYHC.jpg</fanart>
</item>
<item>
	<title>[COLOR=white]Joey[/COLOR]</title>
	<meta>
	<imdb>tt0119415</imdb>
	<content>movie</content>
	<title>Joey</title>
	<year>1997</year>
	</meta>
	<link>
	<sublink>search</sublink>
	<sublink>searchsd</sublink>
	</link>
	<thumbnail>https://image.tmdb.org/t/p/w1280/u3jRLO74RqXi4qFzz4a9oTL3pu0.jpg</thumbnail>
	<fanart>https://image.tmdb.org/t/p/w1280/xMuNvQL6HIKI1j7ycJ6jx9DweVz.jpg</fanart>
</item>
<item>
	<title>[COLOR=white]K-911[/COLOR]</title>
	<meta>
	<imdb>tt0177876</imdb>
	<content>movie</content>
	<title>K-911</title>
	<year>1999</year>
	</meta>
	<link>
	<sublink>search</sublink>
	<sublink>searchsd</sublink>
	</link>
	<thumbnail>https://image.tmdb.org/t/p/w1280/4NhJLnIlmxoek5tFfIoSLx2kLSA.jpg</thumbnail>
	<fanart>https://image.tmdb.org/t/p/w1280/vOgNxS7AG1qGaJvNRBnPTGm2uYh.jpg</fanart>
</item>
<item>
	<title>[COLOR=white]K-9: P.I.[/COLOR]</title>
	<meta>
	<imdb>tt0328007</imdb>
	<content>movie</content>
	<title>K-9: P.I.</title>
	<year>2002</year>
	</meta>
	<link>
	<sublink>search</sublink>
	<sublink>searchsd</sublink>
	</link>
	<thumbnail>https://image.tmdb.org/t/p/w1280/1XBfdpHWPrDyw6ku1jB66efKgnu.jpg</thumbnail>
	<fanart>https://image.tmdb.org/t/p/w1280/qEEZD2mFh70BzKZHmFN5USS0l3W.jpg</fanart>
</item>
<item>
	<title>[COLOR=white]K-9[/COLOR]</title>
	<meta>
	<imdb>tt0097637</imdb>
	<content>movie</content>
	<title>K-9</title>
	<year>1989</year>
	</meta>
	<link>
	<sublink>search</sublink>
	<sublink>searchsd</sublink>
	</link>
	<thumbnail>https://image.tmdb.org/t/p/w1280/4SmGgyoIRzOqLI9M5lof2e00B16.jpg</thumbnail>
	<fanart>https://image.tmdb.org/t/p/w1280/cpeXyg83ONQCMGcTixIJ4pNcNlN.jpg</fanart>
</item>
<item>
	<title>[COLOR=white]Kangaroo Jack[/COLOR]</title>
	<meta>
	<imdb>tt0257568</imdb>
	<content>movie</content>
	<title>Kangaroo Jack</title>
	<year>2003</year>
	</meta>
	<link>
	<sublink>search</sublink>
	<sublink>searchsd</sublink>
	</link>
	<thumbnail>https://image.tmdb.org/t/p/w1280/nflh9On0de4l7ItCl3n4NVXjmnm.jpg</thumbnail>
	<fanart>https://image.tmdb.org/t/p/w1280/eSvRVTDjGJCbyc9Z51tvwMcs9B3.jpg</fanart>
</item>
<item>
	<title>[COLOR=white]King Kong[/COLOR]</title>
	<meta>
	<imdb>tt0360717</imdb>
	<content>movie</content>
	<title>King Kong</title>
	<year>2005</year>
	</meta>
	<link>
	<sublink>search</sublink>
	<sublink>searchsd</sublink>
	</link>
	<thumbnail>https://image.tmdb.org/t/p/w1280/iQYMVoI9QE2wQCOSrxhiBYd4v0w.jpg</thumbnail>
	<fanart>https://image.tmdb.org/t/p/w1280/7FIh52gySnFC11HluVcaPkBjPit.jpg</fanart>
</item>
<item>
	<title>[COLOR=white]Lady and the Tramp II: Scamp's Adventure[/COLOR]</title>
	<meta>
	<imdb>tt0249677</imdb>
	<content>movie</content>
	<title>Lady and the Tramp II: Scamp's Adventure</title>
	<year>2001</year>
	</meta>
	<link>
	<sublink>search</sublink>
	<sublink>searchsd</sublink>
	</link>
	<thumbnail>https://image.tmdb.org/t/p/w1280/bc2yxExkW5tiJf8ASkgsEYHiluy.jpg</thumbnail>
	<fanart>https://image.tmdb.org/t/p/w1280/6nZP8g5HFGckLF4e933kvszKMxC.jpg</fanart>
</item>
<item>
	<title>[COLOR=white]Lady and the Tramp[/COLOR]</title>
	<meta>
	<imdb>tt0048280</imdb>
	<content>movie</content>
	<title>Lady and the Tramp</title>
	<year>1955</year>
	</meta>
	<link>
	<sublink>search</sublink>
	<sublink>searchsd</sublink>
	</link>
	<thumbnail>https://image.tmdb.org/t/p/w1280/AqQpqEn33UYExlAoWA02Hizb2lc.jpg</thumbnail>
	<fanart>https://image.tmdb.org/t/p/w1280/osSsQ4QWXS7Flu3y39QqP924Lud.jpg</fanart>
</item>
<item>
	<title>[COLOR=white]Larger than Life[/COLOR]</title>
	<meta>
	<imdb>tt0116823</imdb>
	<content>movie</content>
	<title>Larger than Life</title>
	<year>1996</year>
	</meta>
	<link>
	<sublink>search</sublink>
	<sublink>searchsd</sublink>
	</link>
	<thumbnail>https://image.tmdb.org/t/p/w1280/hrnStoGvCyJT4vvIWinTlt8fNVG.jpg</thumbnail>
	<fanart>https://image.tmdb.org/t/p/w1280/wVHq3fNyrblrbM7ZbDjtXehAn0V.jpg</fanart>
</item>
<item>
	<title>[COLOR=white]Lassie Come Home[/COLOR]</title>
	<meta>
	<imdb>tt0036098</imdb>
	<content>movie</content>
	<title>Lassie Come Home</title>
	<year>1943</year>
	</meta>
	<link>
	<sublink>search</sublink>
	<sublink>searchsd</sublink>
	</link>
	<thumbnail>https://image.tmdb.org/t/p/w1280/w4cZQJ6jvEVDgasjjL11lcA7UfC.jpg</thumbnail>
	<fanart>https://image.tmdb.org/t/p/w1280/2eqLci2VfGsgJAh1REhbUrHCL9p.jpg</fanart>
</item>
<item>
	<title>[COLOR=white]Lassie[/COLOR]</title>
	<meta>
	<imdb>tt0110305</imdb>
	<content>movie</content>
	<title>Lassie</title>
	<year>1994</year>
	</meta>
	<link>
	<sublink>search</sublink>
	<sublink>searchsd</sublink>
	</link>
	<thumbnail>https://image.tmdb.org/t/p/w1280/7RebpDOVAPu28mdWzUGB8GSSQpq.jpg</thumbnail>
	<fanart>https://image.tmdb.org/t/p/w1280/6C6XQEkWLwpPbH68m1jFe7Ndyfq.jpg</fanart>
</item>
<item>
	<title>[COLOR=white]Legend of the Guardians: The Owls of Ga'Hoole[/COLOR]</title>
	<meta>
	<imdb>tt1219342</imdb>
	<content>movie</content>
	<title>Legend of the Guardians: The Owls of Ga'Hoole</title>
	<year>2010</year>
	</meta>
	<link>
	<sublink>search</sublink>
	<sublink>searchsd</sublink>
	</link>
	<thumbnail>https://image.tmdb.org/t/p/w1280/mgkRaVtdrOAZT2cFZi9Ihh9QpuL.jpg</thumbnail>
	<fanart>https://image.tmdb.org/t/p/w1280/6lwiZ1v5n3F0oY9ouCLlI9LgRRm.jpg</fanart>
</item>
<item>
	<title>[COLOR=white]Madagascar 3: Europe's Most Wanted[/COLOR]</title>
	<meta>
	<imdb>none</imdb>
	<content>movie</content>
	<title>Madagascar 3: Europe's Most Wanted</title>
	<year>2012</year>
	</meta>
	<link>
	<sublink>search</sublink>
	<sublink>searchsd</sublink>
	</link>
	<thumbnail>https://image.tmdb.org/t/p/w1280/wd7NcMifnuf66gD2Fm7Tzz3yJ54.jpg</thumbnail>
	<fanart>https://image.tmdb.org/t/p/w1280/alkQ9DQJdZutBCKdEHXUVCZnuAF.jpg</fanart>
</item>
<item>
	<title>[COLOR=white]Madagascar: Escape 2 Africa[/COLOR]</title>
	<meta>
	<imdb>none</imdb>
	<content>movie</content>
	<title>Madagascar: Escape 2 Africa</title>
	<year>2008</year>
	</meta>
	<link>
	<sublink>search</sublink>
	<sublink>searchsd</sublink>
	</link>
	<thumbnail>https://image.tmdb.org/t/p/w1280/9mohxwknsHcwFBSAAhoQXwFV5zn.jpg</thumbnail>
	<fanart>https://image.tmdb.org/t/p/w1280/anxiz37Z9FPKeuCsJcxViSWmPxg.jpg</fanart>
</item>
<item>
	<title>[COLOR=white]Madagascar[/COLOR]</title>
	<meta>
	<imdb>none</imdb>
	<content>movie</content>
	<title>Madagascar</title>
	<year>2005</year>
	</meta>
	<link>
	<sublink>search</sublink>
	<sublink>searchsd</sublink>
	</link>
	<thumbnail>https://image.tmdb.org/t/p/w1280/2YiESGB68BGQSAFvfJxBi774sc4.jpg</thumbnail>
	<fanart>https://image.tmdb.org/t/p/w1280/wUetiqu2EFhHW94yTP0pWABfyUG.jpg</fanart>
</item>
<item>
	<title>[COLOR=white]March of the Penguins[/COLOR]</title>
	<meta>
	<imdb>tt0428803</imdb>
	<content>movie</content>
	<title>March of the Penguins</title>
	<year>2005</year>
	</meta>
	<link>
	<sublink>search</sublink>
	<sublink>searchsd</sublink>
	</link>
	<thumbnail>https://image.tmdb.org/t/p/w1280/yjAayG6nY9VO8IJoTLrSLUyu5kD.jpg</thumbnail>
	<fanart>https://image.tmdb.org/t/p/w1280/hQKxDvATLMiq4DQOLZ1xMKgGq5r.jpg</fanart>
</item>
<item>
	<title>[COLOR=white]Marley & Me: The Puppy Years[/COLOR]</title>
	<meta>
	<imdb>none</imdb>
	<content>movie</content>
	<title>Marley & Me: The Puppy Years</title>
	<year>2011</year>
	</meta>
	<link>
	<sublink>search</sublink>
	<sublink>searchsd</sublink>
	</link>
	<thumbnail>https://image.tmdb.org/t/p/w1280/4mQCF7U07cFkHwG3GKzpbnB8DHS.jpg</thumbnail>
	<fanart>https://image.tmdb.org/t/p/w1280/brSG8hEUzZhXyhdIpXigzkDX6AP.jpg</fanart>
</item>
<item>
	<title>[COLOR=white]Marley & Me[/COLOR]</title>
	<meta>
	<imdb>none</imdb>
	<content>movie</content>
	<title>Marley & Me</title>
	<year>2008</year>
	</meta>
	<link>
	<sublink>search</sublink>
	<sublink>searchsd</sublink>
	</link>
	<thumbnail>https://image.tmdb.org/t/p/w1280/nbfwgfNGxl3WiqvUCnSYrS8Qwhp.jpg</thumbnail>
	<fanart>https://image.tmdb.org/t/p/w1280/xu54k4O5F9OlLWncWmXtyQO9Uyj.jpg</fanart>
</item>
<item>
	<title>[COLOR=white]Marmaduke[/COLOR]</title>
	<meta>
	<imdb>none</imdb>
	<content>movie</content>
	<title>Marmaduke</title>
	<year>2010</year>
	</meta>
	<link>
	<sublink>search</sublink>
	<sublink>searchsd</sublink>
	</link>
	<thumbnail>https://image.tmdb.org/t/p/w1280/gxMMXRLB2qsNpAEwZxtplYe15Ig.jpg</thumbnail>
	<fanart>https://image.tmdb.org/t/p/w1280/p4oNj2ew9EvPbywF06iK431nDHL.jpg</fanart>
</item>
<item>
	<title>[COLOR=white]Mighty Joe Young[/COLOR]</title>
	<meta>
	<imdb>none</imdb>
	<content>movie</content>
	<title>Mighty Joe Young</title>
	<year>1998</year>
	</meta>
	<link>
	<sublink>search</sublink>
	<sublink>searchsd</sublink>
	</link>
	<thumbnail>https://image.tmdb.org/t/p/w1280/87OBsb8shf4FsBTGiEVsGwQeRFi.jpg</thumbnail>
	<fanart>https://image.tmdb.org/t/p/w1280/auvJMRsnB46nh9I1rrXVp0MNshW.jpg</fanart>
</item>
<item>
	<title>[COLOR=white]Monkey Trouble[/COLOR]</title>
	<meta>
	<imdb>none</imdb>
	<content>movie</content>
	<title>Monkey Trouble</title>
	<year>1994</year>
	</meta>
	<link>
	<sublink>search</sublink>
	<sublink>searchsd</sublink>
	</link>
	<thumbnail>https://image.tmdb.org/t/p/w1280/nVSuk86X8hzu0S1TIiW4EkENv28.jpg</thumbnail>
	<fanart>https://image.tmdb.org/t/p/w1280/tctHVW2bFvLv8QL7UN4gyPRREwW.jpg</fanart>
</item>
<item>
	<title>[COLOR=white]MouseHunt[/COLOR]</title>
	<meta>
	<imdb>none</imdb>
	<content>movie</content>
	<title>MouseHunt</title>
	<year>1997</year>
	</meta>
	<link>
	<sublink>search</sublink>
	<sublink>searchsd</sublink>
	</link>
	<thumbnail>https://image.tmdb.org/t/p/w1280/gQ3Nyb3UkRHyuiN96MNmKmREc6F.jpg</thumbnail>
	<fanart>https://image.tmdb.org/t/p/w1280/8NPT9q8UurQ7MIUjMeaZxaDa7WE.jpg</fanart>
</item>
<item>
	<title>[COLOR=white]My Dog Skip[/COLOR]</title>
	<meta>
	<imdb>none</imdb>
	<content>movie</content>
	<title>My Dog Skip</title>
	<year>2000</year>
	</meta>
	<link>
	<sublink>search</sublink>
	<sublink>searchsd</sublink>
	</link>
	<thumbnail>https://image.tmdb.org/t/p/w1280/t1jsRTNF1LcVBTfpXWNfrPjgoG1.jpg</thumbnail>
	<fanart>https://image.tmdb.org/t/p/w1280/zysqv8h9yrXxmZrmyYkrhkII06O.jpg</fanart>
</item>
<item>
	<title>[COLOR=white]My Friend Flicka[/COLOR]</title>
	<meta>
	<imdb>tt0036182</imdb>
	<content>movie</content>
	<title>My Friend Flicka</title>
	<year>1943</year>
	</meta>
	<link>
	<sublink>search</sublink>
	<sublink>searchsd</sublink>
	</link>
	<thumbnail>https://image.tmdb.org/t/p/w1280/jKNE2IK1F84aCrptGrVzYwxrQUN.jpg</thumbnail>
	<fanart>https://image.tmdb.org/t/p/w1280/j65GKgzOm3AckUAXCPBkYIXEnaV.jpg</fanart>
</item>
<item>
	<title>[COLOR=white]National Velvet[/COLOR]</title>
	<meta>
	<imdb>tt0037120</imdb>
	<content>movie</content>
	<title>National Velvet</title>
	<year>1944</year>
	</meta>
	<link>
	<sublink>search</sublink>
	<sublink>searchsd</sublink>
	</link>
	<thumbnail>https://image.tmdb.org/t/p/w1280/oVIIUSRX8TziuESOq9sITzyXTZt.jpg</thumbnail>
	<fanart>https://image.tmdb.org/t/p/w1280/hc7aUrZx6164yjkeF8g52u5seon.jpg</fanart>
</item>
<item>
	<title>[COLOR=white]Oceans[/COLOR]</title>
	<meta>
	<imdb>tt0765128</imdb>
	<content>movie</content>
	<title>Oceans</title>
	<year>2009</year>
	</meta>
	<link>
	<sublink>search</sublink>
	<sublink>searchsd</sublink>
	</link>
	<thumbnail>https://image.tmdb.org/t/p/w1280/cnkOrknvytbeMa0iAoTa48lZz37.jpg</thumbnail>
	<fanart>https://image.tmdb.org/t/p/w1280/gapHWgRfMyEIkCx0eIymz2x5DS3.jpg</fanart>
</item>
<item>
	<title>[COLOR=white]Old Yeller[/COLOR]</title>
	<meta>
	<imdb>tt0050798</imdb>
	<content>movie</content>
	<title>Old Yeller</title>
	<year>1957</year>
	</meta>
	<link>
	<sublink>search</sublink>
	<sublink>searchsd</sublink>
	</link>
	<thumbnail>https://image.tmdb.org/t/p/w1280/cpmJyQpmg6fF8VkBUAAFIs8tLKh.jpg</thumbnail>
	<fanart>https://image.tmdb.org/t/p/w1280/dYxm1GXu9AJtTzZvVm871nsWQjr.jpg</fanart>
</item>
<item>
	<title>[COLOR=white]Oliver & Company[/COLOR]</title>
	<meta>
	<imdb>tt0095776</imdb>
	<content>movie</content>
	<title>Oliver & Company</title>
	<year>1988</year>
	</meta>
	<link>
	<sublink>search</sublink>
	<sublink>searchsd</sublink>
	</link>
	<thumbnail>https://image.tmdb.org/t/p/w1280/m54pXsIUy3IJoaGhk3RwKsZQPG8.jpg</thumbnail>
	<fanart>https://image.tmdb.org/t/p/w1280/7klp2EhVlmogIXLyQsLVFrhdMD3.jpg</fanart>
</item>
<item>
	<title>[COLOR=white]One Hundred and One Dalmatians[/COLOR]</title>
	<meta>
	<imdb>tt0055254</imdb>
	<content>movie</content>
	<title>One Hundred and One Dalmatians</title>
	<year>1961</year>
	</meta>
	<link>
	<sublink>search</sublink>
	<sublink>searchsd</sublink>
	</link>
	<thumbnail>https://image.tmdb.org/t/p/w1280/vo5j5OZIdnfMIZSkVfSvh8cJUU.jpg</thumbnail>
	<fanart>https://image.tmdb.org/t/p/w1280/vHBYOUjt04iI0COvMtPAMa2pC9y.jpg</fanart>
</item>
<item>
	<title>[COLOR=white]Open Season 2[/COLOR]</title>
	<meta>
	<imdb>tt1107365</imdb>
	<content>movie</content>
	<title>Open Season 2</title>
	<year>2008</year>
	</meta>
	<link>
	<sublink>search</sublink>
	<sublink>searchsd</sublink>
	</link>
	<thumbnail>https://image.tmdb.org/t/p/w1280/eSofqEfR7VVk5JUCk1IX9S4vZoh.jpg</thumbnail>
	<fanart>https://image.tmdb.org/t/p/w1280/kAL2rfvUn4pdCXHSUsCgpLC7Sq0.jpg</fanart>
</item>
<item>
	<title>[COLOR=white]Open Season 3[/COLOR]</title>
	<meta>
	<imdb>tt1646926</imdb>
	<content>movie</content>
	<title>Open Season 3</title>
	<year>2010</year>
	</meta>
	<link>
	<sublink>search</sublink>
	<sublink>searchsd</sublink>
	</link>
	<thumbnail>https://image.tmdb.org/t/p/w1280/djxT6i7xxJWAayNQY1imB879SbC.jpg</thumbnail>
	<fanart>https://image.tmdb.org/t/p/w1280/xzbz22qOOzWgaw6T2bp2vAvSVEo.jpg</fanart>
</item>
<item>
	<title>[COLOR=white]Open Season[/COLOR]</title>
	<meta>
	<imdb>tt0400717</imdb>
	<content>movie</content>
	<title>Open Season</title>
	<year>2006</year>
	</meta>
	<link>
	<sublink>search</sublink>
	<sublink>searchsd</sublink>
	</link>
	<thumbnail>https://image.tmdb.org/t/p/w1280/9TY3wQPNhZ60Mng0JetKEOfXqxU.jpg</thumbnail>
	<fanart>https://image.tmdb.org/t/p/w1280/7bmzhqOJ9TGXUU5d4pqYUWl3YZ8.jpg</fanart>
</item>
<item>
	<title>[COLOR=white]Operation Dumbo Drop[/COLOR]</title>
	<meta>
	<imdb>tt0114048</imdb>
	<content>movie</content>
	<title>Operation Dumbo Drop</title>
	<year>1995</year>
	</meta>
	<link>
	<sublink>search</sublink>
	<sublink>searchsd</sublink>
	</link>
	<thumbnail>https://image.tmdb.org/t/p/w1280/hNK482GiEkxvSzEIfp854Fi7CRJ.jpg</thumbnail>
	<fanart>https://image.tmdb.org/t/p/w1280/eUsF45iBXUJRH4aEE9cX1yHZVc.jpg</fanart>
</item>
<item>
	<title>[COLOR=white]Over the Hedge[/COLOR]</title>
	<meta>
	<imdb>tt0327084</imdb>
	<content>movie</content>
	<title>Over the Hedge</title>
	<year>2006</year>
	</meta>
	<link>
	<sublink>search</sublink>
	<sublink>searchsd</sublink>
	</link>
	<thumbnail>https://image.tmdb.org/t/p/w1280/fGvoD6n6blbFprgbl3BJ2U8YHSF.jpg</thumbnail>
	<fanart>https://image.tmdb.org/t/p/w1280/lNABYZx4BLt97dinPV4iRegGVfa.jpg</fanart>
</item>
<item>
	<title>[COLOR=white]Paulie[/COLOR]</title>
	<meta>
	<imdb>tt0125454</imdb>
	<content>movie</content>
	<title>Paulie</title>
	<year>1998</year>
	</meta>
	<link>
	<sublink>search</sublink>
	<sublink>searchsd</sublink>
	</link>
	<thumbnail>https://image.tmdb.org/t/p/w1280/lAxYiGccdBgfMGwbJYzR9o3yabu.jpg</thumbnail>
	<fanart>https://image.tmdb.org/t/p/w1280/nAHxNZwNlttHYvjOi2LmmppSUZE.jpg</fanart>
</item>
<item>
	<title>[COLOR=white]Racing Stripes[/COLOR]</title>
	<meta>
	<imdb>tt0376105</imdb>
	<content>movie</content>
	<title>Racing Stripes</title>
	<year>2005</year>
	</meta>
	<link>
	<sublink>search</sublink>
	<sublink>searchsd</sublink>
	</link>
	<thumbnail>https://image.tmdb.org/t/p/w1280/epDsuf5oUdzTFYHqV2IRcyy8Rwc.jpg</thumbnail>
	<fanart>https://image.tmdb.org/t/p/w1280/vi2PO0cPEHclniv8vbRfb6CZQFk.jpg</fanart>
</item>
<item>
	<title>[COLOR=white]Rango[/COLOR]</title>
	<meta>
	<imdb>tt1192628</imdb>
	<content>movie</content>
	<title>Rango</title>
	<year>2011</year>
	</meta>
	<link>
	<sublink>search</sublink>
	<sublink>searchsd</sublink>
	</link>
	<thumbnail>https://image.tmdb.org/t/p/w1280/afxRbCwwKjrWgGJtsVNs1BW1Dk5.jpg</thumbnail>
	<fanart>https://image.tmdb.org/t/p/w1280/fX6o5DCdGVEEZ1OT1IourOUkQMb.jpg</fanart>
</item>
<item>
	<title>[COLOR=white]Ratatouille[/COLOR]</title>
	<meta>
	<imdb>tt0382932</imdb>
	<content>movie</content>
	<title>Ratatouille</title>
	<year>2007</year>
	</meta>
	<link>
	<sublink>search</sublink>
	<sublink>searchsd</sublink>
	</link>
	<thumbnail>https://image.tmdb.org/t/p/w1280/jEiEU8viSb8CIIHcfprVr2V6XDz.jpg</thumbnail>
	<fanart>https://image.tmdb.org/t/p/w1280/mZlf2J8qAuKr4lV0LP0FaFiyWl.jpg</fanart>
</item>
<item>
	<title>[COLOR=white]Ring of Bright Water[/COLOR]</title>
	<meta>
	<imdb>tt0064893</imdb>
	<content>movie</content>
	<title>Ring of Bright Water</title>
	<year>1969</year>
	</meta>
	<link>
	<sublink>search</sublink>
	<sublink>searchsd</sublink>
	</link>
	<thumbnail>https://image.tmdb.org/t/p/w1280/4977B8LxMmzh5x2PJplRoREOw2M.jpg</thumbnail>
	<fanart>https://image.tmdb.org/t/p/w1280/2MmFdrK218bNwkKc4epbsa6hfpN.jpg</fanart>
</item>
<item>
	<title>[COLOR=white]Rio 2[/COLOR]</title>
	<meta>
	<imdb>tt2357291</imdb>
	<content>movie</content>
	<title>Rio 2</title>
	<year>2014</year>
	</meta>
	<link>
	<sublink>search</sublink>
	<sublink>searchsd</sublink>
	</link>
	<thumbnail>https://image.tmdb.org/t/p/w1280/jZcF7xZVvrX2A4qNOqeHpmtbdBT.jpg</thumbnail>
	<fanart>https://image.tmdb.org/t/p/w1280/bRQPOVpvBmvep9WYnGcKguxjlg2.jpg</fanart>
</item>
<item>
	<title>[COLOR=white]Rio[/COLOR]</title>
	<meta>
	<imdb>tt1436562</imdb>
	<content>movie</content>
	<title>Rio</title>
	<year>2011</year>
	</meta>
	<link>
	<sublink>search</sublink>
	<sublink>searchsd</sublink>
	</link>
	<thumbnail>https://image.tmdb.org/t/p/w1280/isQ9BSjdF8IrSm2g4WPHSJYN5s9.jpg</thumbnail>
	<fanart>https://image.tmdb.org/t/p/w1280/odbEuhGUgSkeWWD1sPoylXTZMUa.jpg</fanart>
</item>
<item>
	<title>[COLOR=white]Robin Hood[/COLOR]</title>
	<meta>
	<imdb>tt0070608</imdb>
	<content>movie</content>
	<title>Robin Hood</title>
	<year>1973</year>
	</meta>
	<link>
	<sublink>search</sublink>
	<sublink>searchsd</sublink>
	</link>
	<thumbnail>https://image.tmdb.org/t/p/w1280/78yFcKivWbLwlPcUOPj2A75k4Ii.jpg</thumbnail>
	<fanart>https://image.tmdb.org/t/p/w1280/gidtawc8Mne3Dc5UrkvXhoIZqCZ.jpg</fanart>
</item>
<item>
	<title>[COLOR=white]Rock-A-Doodle[/COLOR]</title>
	<meta>
	<imdb>tt0102802</imdb>
	<content>movie</content>
	<title>Rock-A-Doodle</title>
	<year>1991</year>
	</meta>
	<link>
	<sublink>search</sublink>
	<sublink>searchsd</sublink>
	</link>
	<thumbnail>https://image.tmdb.org/t/p/w1280/iIUQlfGve7iqlprzKGxfrJAyrO4.jpg</thumbnail>
	<fanart>https://image.tmdb.org/t/p/w1280/a00OOEO5GrQl6l7yxU7ukdPfdxK.jpg</fanart>
</item>
<item>
	<title>[COLOR=white]Run Wild, Run Free[/COLOR]</title>
	<meta>
	<imdb>tt0064909</imdb>
	<content>movie</content>
	<title>Run Wild, Run Free</title>
	<year>1969</year>
	</meta>
	<link>
	<sublink>search</sublink>
	<sublink>searchsd</sublink>
	</link>
	<thumbnail>https://image.tmdb.org/t/p/w1280/vo4rxTz9gguCdQzTFIQKi0x0aN7.jpg</thumbnail>
	<fanart>https://image.tmdb.org/t/p/w1280/li9iG8Tb6lUU9KIIZvfbe5NWQgj.jpg</fanart>
</item>
<item>
	<title>[COLOR=white]Running Free[/COLOR]</title>
	<meta>
	<imdb>tt0173910</imdb>
	<content>movie</content>
	<title>Running Free</title>
	<year>1999</year>
	</meta>
	<link>
	<sublink>search</sublink>
	<sublink>searchsd</sublink>
	</link>
	<thumbnail>https://image.tmdb.org/t/p/w1280/cd7v8RcCjopZ6V7K1gUbKLDtjQC.jpg</thumbnail>
	<fanart>https://image.tmdb.org/t/p/w1280/tDzVYDXBBeNX4WeMGpnVn7n2vJi.jpg</fanart>
</item>
<item>
	<title>[COLOR=white]Santa Buddies[/COLOR]</title>
	<meta>
	<imdb>tt1328875</imdb>
	<content>movie</content>
	<title>Santa Buddies</title>
	<year>2009</year>
	</meta>
	<link>
	<sublink>search</sublink>
	<sublink>searchsd</sublink>
	</link>
	<thumbnail>https://image.tmdb.org/t/p/w1280/4du23VE8zJmyk9yJ2X7DQvKhF2L.jpg</thumbnail>
	<fanart>https://image.tmdb.org/t/p/w1280/5BJbzgrlgo7O23WnoTPnPeUKv7B.jpg</fanart>
</item>
<item>
	<title>[COLOR=white]Santa Paws 2: The Santa Pups[/COLOR]</title>
	<meta>
	<imdb>tt2414212</imdb>
	<content>movie</content>
	<title>Santa Paws 2: The Santa Pups</title>
	<year>2012</year>
	</meta>
	<link>
	<sublink>search</sublink>
	<sublink>searchsd</sublink>
	</link>
	<thumbnail>https://image.tmdb.org/t/p/w1280/g5uCvSkbug9PQTtbkiCKUMzKq3Z.jpg</thumbnail>
	<fanart>https://image.tmdb.org/t/p/w1280/uqdp0h8Se2gPKLB2axVs7KI1ppL.jpg</fanart>
</item>
<item>
	<title>[COLOR=white]Saving Shiloh[/COLOR]</title>
	<meta>
	<imdb>tt0472175</imdb>
	<content>movie</content>
	<title>Saving Shiloh</title>
	<year>2006</year>
	</meta>
	<link>
	<sublink>search</sublink>
	<sublink>searchsd</sublink>
	</link>
	<thumbnail>https://image.tmdb.org/t/p/w1280/klCzSybxajTKKoDinSk1KkoklrH.jpg</thumbnail>
	<fanart>https://image.tmdb.org/t/p/w1280/qq7hmSZsXI8DdDTMqimC86SEksW.jpg</fanart>
</item>
<item>
	<title>[COLOR=white]Seabiscuit[/COLOR]</title>
	<meta>
	<imdb>tt0329575</imdb>
	<content>movie</content>
	<title>Seabiscuit</title>
	<year>2003</year>
	</meta>
	<link>
	<sublink>search</sublink>
	<sublink>searchsd</sublink>
	</link>
	<thumbnail>https://image.tmdb.org/t/p/w1280/xzYOaFGZBNAciQXRasQQ8sYxBSi.jpg</thumbnail>
	<fanart>https://image.tmdb.org/t/p/w1280/z7qXjCwD2q0nF5TWTkUuuEDsuXJ.jpg</fanart>
</item>
<item>
	<title>[COLOR=white]Secondhand Lions[/COLOR]</title>
	<meta>
	<imdb>tt0327137</imdb>
	<content>movie</content>
	<title>Secondhand Lions</title>
	<year>2003</year>
	</meta>
	<link>
	<sublink>search</sublink>
	<sublink>searchsd</sublink>
	</link>
	<thumbnail>https://image.tmdb.org/t/p/w1280/tMH0MShJOceh77Vg30OECnFcEzY.jpg</thumbnail>
	<fanart>https://image.tmdb.org/t/p/w1280/3ELbQ4Mcv9wB3WDSieChdedIkmc.jpg</fanart>
</item>
<item>
	<title>[COLOR=white]Secretariat[/COLOR]</title>
	<meta>
	<imdb>tt1028576</imdb>
	<content>movie</content>
	<title>Secretariat</title>
	<year>2010</year>
	</meta>
	<link>
	<sublink>search</sublink>
	<sublink>searchsd</sublink>
	</link>
	<thumbnail>https://image.tmdb.org/t/p/w1280/nk7pQIFhMhAJV6rCYPyeuvRk9x3.jpg</thumbnail>
	<fanart>https://image.tmdb.org/t/p/w1280/h95v25AbsM6xuwQVandokFa9cpH.jpg</fanart>
</item>
<item>
	<title>[COLOR=white]See Spot Run[/COLOR]</title>
	<meta>
	<imdb>tt0250720</imdb>
	<content>movie</content>
	<title>See Spot Run</title>
	<year>2001</year>
	</meta>
	<link>
	<sublink>search</sublink>
	<sublink>searchsd</sublink>
	</link>
	<thumbnail>https://image.tmdb.org/t/p/w1280/fRHSkpBBBxhwsVycsYQJLFBsker.jpg</thumbnail>
	<fanart>https://image.tmdb.org/t/p/w1280/vLv7xuOgrSPc7Ba3DhLEIHVtTdw.jpg</fanart>
</item>
<item>
	<title>[COLOR=white]Shark Bait[/COLOR]</title>
	<meta>
	<imdb>none</imdb>
	<content>movie</content>
	<title>Shark Bait</title>
	<year>2006</year>
	</meta>
	<link>
	<sublink>search</sublink>
	<sublink>searchsd</sublink>
	</link>
	<thumbnail>https://image.tmdb.org/t/p/w1280/azTkWH154Z5aP19BCAKcHlWMBP3.jpg</thumbnail>
	<fanart>https://image.tmdb.org/t/p/w1280/2GZFgc1jJhZynxz8CMZLsCUkTPx.jpg</fanart>
</item>
<item>
	<title>[COLOR=white]Shark Tale[/COLOR]</title>
	<meta>
	<imdb>none</imdb>
	<content>movie</content>
	<title>Shark Tale</title>
	<year>2004</year>
	</meta>
	<link>
	<sublink>search</sublink>
	<sublink>searchsd</sublink>
	</link>
	<thumbnail>https://image.tmdb.org/t/p/w1280/zSHqX4qklYrHMEcv2GiHG5UwVsz.jpg</thumbnail>
	<fanart>https://image.tmdb.org/t/p/w1280/v3RnhCEMu9MVxA5aHWPgVzFGdSG.jpg</fanart>
</item>
<item>
	<title>[COLOR=white]Shiloh 2: Shiloh Season[/COLOR]</title>
	<meta>
	<imdb>none</imdb>
	<content>movie</content>
	<title>Shiloh 2: Shiloh Season</title>
	<year>1999</year>
	</meta>
	<link>
	<sublink>search</sublink>
	<sublink>searchsd</sublink>
	</link>
	<thumbnail>https://image.tmdb.org/t/p/w1280/kCf8KXFZzICCPXwx7v1IivJqXz5.jpg</thumbnail>
	<fanart>https://image.tmdb.org/t/p/w1280/h4luYzr2snhh4g9fe68wmhzuHfm.jpg</fanart>
</item>
<item>
	<title>[COLOR=white]Shiloh[/COLOR]</title>
	<meta>
	<imdb>none</imdb>
	<content>movie</content>
	<title>Shiloh</title>
	<year>1996</year>
	</meta>
	<link>
	<sublink>search</sublink>
	<sublink>searchsd</sublink>
	</link>
	<thumbnail>https://image.tmdb.org/t/p/w1280/jnhjXhqjH4MnGFGQOlYigZhVH6O.jpg</thumbnail>
	<fanart>https://image.tmdb.org/t/p/w1280/2zrN90JBPZ2WGgrCasw0OeQeLj4.jpg</fanart>
</item>
<item>
	<title>[COLOR=white]Snow Buddies[/COLOR]</title>
	<meta>
	<imdb>none</imdb>
	<content>movie</content>
	<title>Snow Buddies</title>
	<year>2008</year>
	</meta>
	<link>
	<sublink>search</sublink>
	<sublink>searchsd</sublink>
	</link>
	<thumbnail>https://image.tmdb.org/t/p/w1280/bIm2b36kUXx78U7V3L6ethc1sSy.jpg</thumbnail>
	<fanart>https://image.tmdb.org/t/p/w1280/nJIKZvwCpC1R8z8ey5CVXTWBmMu.jpg</fanart>
</item>
<item>
	<title>[COLOR=white]Snow Dogs[/COLOR]</title>
	<meta>
	<imdb>none</imdb>
	<content>movie</content>
	<title>Snow Dogs</title>
	<year>2002</year>
	</meta>
	<link>
	<sublink>search</sublink>
	<sublink>searchsd</sublink>
	</link>
	<thumbnail>https://image.tmdb.org/t/p/w1280/p4eZyneqVExJY5WIJfa8WdOdqt9.jpg</thumbnail>
	<fanart>https://image.tmdb.org/t/p/w1280/RdsII0tG6vdF6GTaiHePFaAKVM.jpg</fanart>
</item>
<item>
	<title>[COLOR=white]Sounder[/COLOR]</title>
	<meta>
	<imdb>none</imdb>
	<content>movie</content>
	<title>Sounder</title>
	<year>2003</year>
	</meta>
	<link>
	<sublink>search</sublink>
	<sublink>searchsd</sublink>
	</link>
	<thumbnail>https://image.tmdb.org/t/p/w1280/uM34t0Zw8v07j3xz1nz9GH2yFRr.jpg</thumbnail>
	<fanart>https://image.tmdb.org/t/p/w1280</fanart>
</item>
<item>
	<title>[COLOR=white]Space Buddies[/COLOR]</title>
	<meta>
	<imdb>none</imdb>
	<content>movie</content>
	<title>Space Buddies</title>
	<year>2009</year>
	</meta>
	<link>
	<sublink>search</sublink>
	<sublink>searchsd</sublink>
	</link>
	<thumbnail>https://image.tmdb.org/t/p/w1280/1tNbSHlfmYkWZv326wuhErfqRQr.jpg</thumbnail>
	<fanart>https://image.tmdb.org/t/p/w1280/jPT2066OBMcEatJ2HuyFpDyhfRO.jpg</fanart>
</item>
<item>
	<title>[COLOR=white]Spirit: Stallion of the Cimarron[/COLOR]</title>
	<meta>
	<imdb>none</imdb>
	<content>movie</content>
	<title>Spirit: Stallion of the Cimarron</title>
	<year>2002</year>
	</meta>
	<link>
	<sublink>search</sublink>
	<sublink>searchsd</sublink>
	</link>
	<thumbnail>https://image.tmdb.org/t/p/w1280/7cfXsSe621cWpCpAuuJgud0Gszt.jpg</thumbnail>
	<fanart>https://image.tmdb.org/t/p/w1280/7UzVI4BepB9g8822H7UCXPjrMan.jpg</fanart>
</item>
<item>
	<title>[COLOR=white]Spooky Buddies[/COLOR]</title>
	<meta>
	<imdb>none</imdb>
	<content>movie</content>
	<title>Spooky Buddies</title>
	<year>2011</year>
	</meta>
	<link>
	<sublink>search</sublink>
	<sublink>searchsd</sublink>
	</link>
	<thumbnail>https://image.tmdb.org/t/p/w1280/s4KLaJszYeSsPY39eqg6NMc2UzG.jpg</thumbnail>
	<fanart>https://image.tmdb.org/t/p/w1280/ehMCffWFD1MYyFZPeUroSRJeic7.jpg</fanart>
</item>
<item>
	<title>[COLOR=white]Summer of the Monkeys[/COLOR]</title>
	<meta>
	<imdb>none</imdb>
	<content>movie</content>
	<title>Summer of the Monkeys</title>
	<year>1998</year>
	</meta>
	<link>
	<sublink>search</sublink>
	<sublink>searchsd</sublink>
	</link>
	<thumbnail>https://image.tmdb.org/t/p/w1280/5iQmrg6wPqORAVPhlWw5AUsG5p.jpg</thumbnail>
	<fanart>https://image.tmdb.org/t/p/w1280</fanart>
</item>
<item>
	<title>[COLOR=white]Super Buddies[/COLOR]</title>
	<meta>
	<imdb>tt2999390</imdb>
	<content>movie</content>
	<title>Super Buddies</title>
	<year>2013</year>
	</meta>
	<link>
	<sublink>search</sublink>
	<sublink>searchsd</sublink>
	</link>
	<thumbnail>https://image.tmdb.org/t/p/w1280/cCwEVGKj70vW7UUG0RE3yYnEukR.jpg</thumbnail>
	<fanart>https://image.tmdb.org/t/p/w1280/unu6QXPqP9RWDxyA3frMwwbcmAx.jpg</fanart>
</item>
<item>
	<title>[COLOR=white]Surf's Up[/COLOR]</title>
	<meta>
	<imdb>tt0423294</imdb>
	<content>movie</content>
	<title>Surf's Up</title>
	<year>2007</year>
	</meta>
	<link>
	<sublink>search</sublink>
	<sublink>searchsd</sublink>
	</link>
	<thumbnail>https://image.tmdb.org/t/p/w1280/2Car4vWVDenBIMhfCjBvAHzameI.jpg</thumbnail>
	<fanart>https://image.tmdb.org/t/p/w1280/v6cvZfSAiUjvFVCCiaPNaZLA7gk.jpg</fanart>
</item>
<item>
	<title>[COLOR=white]That Darn Cat![/COLOR]</title>
	<meta>
	<imdb>tt0059793</imdb>
	<content>movie</content>
	<title>That Darn Cat!</title>
	<year>1965</year>
	</meta>
	<link>
	<sublink>search</sublink>
	<sublink>searchsd</sublink>
	</link>
	<thumbnail>https://image.tmdb.org/t/p/w1280/xRqSMfKJsTFVzcD07MmZbpLfRko.jpg</thumbnail>
	<fanart>https://image.tmdb.org/t/p/w1280/mfveSD2WIT3fhqufs7VVePzgiA8.jpg</fanart>
</item>
<item>
	<title>[COLOR=white]That Darn Cat[/COLOR]</title>
	<meta>
	<imdb>tt0120317</imdb>
	<content>movie</content>
	<title>That Darn Cat</title>
	<year>1997</year>
	</meta>
	<link>
	<sublink>search</sublink>
	<sublink>searchsd</sublink>
	</link>
	<thumbnail>https://image.tmdb.org/t/p/w1280/oEETW5y6DzBaTINap37N8KD67ze.jpg</thumbnail>
	<fanart>https://image.tmdb.org/t/p/w1280/pw8V4Fz74TjTybVMry7eWuB7BIT.jpg</fanart>
</item>
<item>
	<title>[COLOR=white]The Adventures of Milo and Otis[/COLOR]</title>
	<meta>
	<imdb>tt0097050</imdb>
	<content>movie</content>
	<title>The Adventures of Milo and Otis</title>
	<year>1986</year>
	</meta>
	<link>
	<sublink>search</sublink>
	<sublink>searchsd</sublink>
	</link>
	<thumbnail>https://image.tmdb.org/t/p/w1280/dklGFrDsDe8iQjAlZO8e1REZJWC.jpg</thumbnail>
	<fanart>https://image.tmdb.org/t/p/w1280/stie1TiQf5fwkpsWCX3kJaw6UIe.jpg</fanart>
</item>
<item>
	<title>[COLOR=white]The Adventures of Rocky & Bullwinkle[/COLOR]</title>
	<meta>
	<imdb>tt0131704</imdb>
	<content>movie</content>
	<title>The Adventures of Rocky & Bullwinkle</title>
	<year>2000</year>
	</meta>
	<link>
	<sublink>search</sublink>
	<sublink>searchsd</sublink>
	</link>
	<thumbnail>https://image.tmdb.org/t/p/w1280/pjzt6S76Uumm0aZtxNAVhDCLQ0P.jpg</thumbnail>
	<fanart>https://image.tmdb.org/t/p/w1280/cIPxnFC31aYSnCIoyG8kNeYnRmP.jpg</fanart>
</item>
<item>
	<title>[COLOR=white]The Amazing Panda Adventure[/COLOR]</title>
	<meta>
	<imdb>tt0112342</imdb>
	<content>movie</content>
	<title>The Amazing Panda Adventure</title>
	<year>1995</year>
	</meta>
	<link>
	<sublink>search</sublink>
	<sublink>searchsd</sublink>
	</link>
	<thumbnail>https://image.tmdb.org/t/p/w1280/1yB7ryvYqKrNTnWcx3C31RdUgL1.jpg</thumbnail>
	<fanart>https://image.tmdb.org/t/p/w1280</fanart>
</item>
<item>
	<title>[COLOR=white]The Ant Bully[/COLOR]</title>
	<meta>
	<imdb>tt0429589</imdb>
	<content>movie</content>
	<title>The Ant Bully</title>
	<year>2006</year>
	</meta>
	<link>
	<sublink>search</sublink>
	<sublink>searchsd</sublink>
	</link>
	<thumbnail>https://image.tmdb.org/t/p/w1280/tBUlwDCdvYC5aP7DzgcmDgrbfec.jpg</thumbnail>
	<fanart>https://image.tmdb.org/t/p/w1280/gQ1MQIbEjBKTH5TBsnfv2vkMrJb.jpg</fanart>
</item>
<item>
	<title>[COLOR=white]The Aristocats[/COLOR]</title>
	<meta>
	<imdb>tt0065421</imdb>
	<content>movie</content>
	<title>The Aristocats</title>
	<year>1970</year>
	</meta>
	<link>
	<sublink>search</sublink>
	<sublink>searchsd</sublink>
	</link>
	<thumbnail>https://image.tmdb.org/t/p/w1280/3LudCahifOrueMklYBxAXY2wpBg.jpg</thumbnail>
	<fanart>https://image.tmdb.org/t/p/w1280/fojdVtSsZa7fXyJQ6w1Exw7GWum.jpg</fanart>
</item>
<item>
	<title>[COLOR=white]The Black Stallion Returns[/COLOR]</title>
	<meta>
	<imdb>none</imdb>
	<content>movie</content>
	<title>The Black Stallion Returns</title>
	<year>1983</year>
	</meta>
	<link>
	<sublink>search</sublink>
	<sublink>searchsd</sublink>
	</link>
	<thumbnail>https://image.tmdb.org/t/p/w1280/k7utsY6ineBK1j5uLsmEbZLTDKi.jpg</thumbnail>
	<fanart>https://image.tmdb.org/t/p/w1280/5cE4fFcys4wz1BApBkIPF4dTZb1.jpg</fanart>
</item>
<item>
	<title>[COLOR=white]The Black Stallion[/COLOR]</title>
	<meta>
	<imdb>none</imdb>
	<content>movie</content>
	<title>The Black Stallion</title>
	<year>1979</year>
	</meta>
	<link>
	<sublink>search</sublink>
	<sublink>searchsd</sublink>
	</link>
	<thumbnail>https://image.tmdb.org/t/p/w1280/ffwGAYlVaGpsEEuchZu84rhScQO.jpg</thumbnail>
	<fanart>https://image.tmdb.org/t/p/w1280/UukOK9wZGGrKWgh1ORNgxvTXpN.jpg</fanart>
</item>
<item>
	<title>[COLOR=white]The Call of the Wild: Dog of the Yukon[/COLOR]</title>
	<meta>
	<imdb>tt0118811</imdb>
	<content>movie</content>
	<title>The Call of the Wild: Dog of the Yukon</title>
	<year>1997</year>
	</meta>
	<link>
	<sublink>search</sublink>
	<sublink>searchsd</sublink>
	</link>
	<thumbnail>https://image.tmdb.org/t/p/w1280/nTtyH1FkR513QeXGJXMPbtZtAUv.jpg</thumbnail>
	<fanart>https://image.tmdb.org/t/p/w1280/jn6XOHDvoVULuNfL3SdOjwXs2yO.jpg</fanart>
</item>
<item>
	<title>[COLOR=white]The Cat from Outer Space[/COLOR]</title>
	<meta>
	<imdb>tt0077305</imdb>
	<content>movie</content>
	<title>The Cat from Outer Space</title>
	<year>1978</year>
	</meta>
	<link>
	<sublink>search</sublink>
	<sublink>searchsd</sublink>
	</link>
	<thumbnail>https://image.tmdb.org/t/p/w1280/vznPPaLYFr4GPL0Uh9wKwThTyNv.jpg</thumbnail>
	<fanart>https://image.tmdb.org/t/p/w1280/x0j1R4L1tNAawTlyhgVdTIJuFBk.jpg</fanart>
</item>
<item>
	<title>[COLOR=white]The Country Bears[/COLOR]</title>
	<meta>
	<imdb>tt0276033</imdb>
	<content>movie</content>
	<title>The Country Bears</title>
	<year>2002</year>
	</meta>
	<link>
	<sublink>search</sublink>
	<sublink>searchsd</sublink>
	</link>
	<thumbnail>https://image.tmdb.org/t/p/w1280/wFvpHFc4j4IKr8As0vEyxhTPl7h.jpg</thumbnail>
	<fanart>https://image.tmdb.org/t/p/w1280/6Bx6fsUqJDsBjDCgIMSnjN3ua6i.jpg</fanart>
</item>
<item>
	<title>[COLOR=white]The Fox and the Hound 2[/COLOR]</title>
	<meta>
	<imdb>tt0465997</imdb>
	<content>movie</content>
	<title>The Fox and the Hound 2</title>
	<year>2006</year>
	</meta>
	<link>
	<sublink>search</sublink>
	<sublink>searchsd</sublink>
	</link>
	<thumbnail>https://image.tmdb.org/t/p/w1280/2SK9VetMoTvMWxeSE8cZIlU4Ke7.jpg</thumbnail>
	<fanart>https://image.tmdb.org/t/p/w1280/fTdkljwRdpNR63xWly8aJ1ksMEx.jpg</fanart>
</item>
<item>
	<title>[COLOR=white]The Fox and the Hound[/COLOR]</title>
	<meta>
	<imdb>tt0082406</imdb>
	<content>movie</content>
	<title>The Fox and the Hound</title>
	<year>1981</year>
	</meta>
	<link>
	<sublink>search</sublink>
	<sublink>searchsd</sublink>
	</link>
	<thumbnail>https://image.tmdb.org/t/p/w1280/1382VHxqZDXu2t8i46zf4fP71JG.jpg</thumbnail>
	<fanart>https://image.tmdb.org/t/p/w1280/87uShMszqPxwA034GsskGdzJOgN.jpg</fanart>
</item>
<item>
	<title>[COLOR=white]The Great Mouse Detective[/COLOR]</title>
	<meta>
	<imdb>tt0091149</imdb>
	<content>movie</content>
	<title>The Great Mouse Detective</title>
	<year>1986</year>
	</meta>
	<link>
	<sublink>search</sublink>
	<sublink>searchsd</sublink>
	</link>
	<thumbnail>https://image.tmdb.org/t/p/w1280/7p2ekrptHyB2qPLwVkq7vvZL7mz.jpg</thumbnail>
	<fanart>https://image.tmdb.org/t/p/w1280/A0enTetqBfL3UqLPyg0MONLQDXN.jpg</fanart>
</item>
<item>
	<title>[COLOR=white]The Horse Whisperer[/COLOR]</title>
	<meta>
	<imdb>tt0119314</imdb>
	<content>movie</content>
	<title>The Horse Whisperer</title>
	<year>1998</year>
	</meta>
	<link>
	<sublink>search</sublink>
	<sublink>searchsd</sublink>
	</link>
	<thumbnail>https://image.tmdb.org/t/p/w1280/nT4p5iDOxcnEa2QD0Kp3907WeuA.jpg</thumbnail>
	<fanart>https://image.tmdb.org/t/p/w1280/SQqlmpbefJpVh3D5E1wcizSuhi.jpg</fanart>
</item>
<item>
	<title>[COLOR=white]The Jungle Book 2[/COLOR]</title>
	<meta>
	<imdb>tt0283426</imdb>
	<content>movie</content>
	<title>The Jungle Book 2</title>
	<year>2003</year>
	</meta>
	<link>
	<sublink>search</sublink>
	<sublink>searchsd</sublink>
	</link>
	<thumbnail>https://image.tmdb.org/t/p/w1280/1RuSouDN1hiIpVQrGlkmKFpNqKd.jpg</thumbnail>
	<fanart>https://image.tmdb.org/t/p/w1280/tmPv63fkjFRVy0F7PFuuR3cJ5Xf.jpg</fanart>
</item>
<item>
	<title>[COLOR=white]The Jungle Book[/COLOR]</title>
	<meta>
	<imdb>tt0110213</imdb>
	<content>movie</content>
	<title>The Jungle Book</title>
	<year>1994</year>
	</meta>
	<link>
	<sublink>search</sublink>
	<sublink>searchsd</sublink>
	</link>
	<thumbnail>https://image.tmdb.org/t/p/w1280/6BhybPISxk116taUo9J76tVo1hs.jpg</thumbnail>
	<fanart>https://image.tmdb.org/t/p/w1280/21sFouXzFwXPm2GAz9j0fqlCMCj.jpg</fanart>
</item>
<item>
	<title>[COLOR=white]The Jungle Book[/COLOR]</title>
	<meta>
	<imdb>tt0061852</imdb>
	<content>movie</content>
	<title>The Jungle Book</title>
	<year>1967</year>
	</meta>
	<link>
	<sublink>search</sublink>
	<sublink>searchsd</sublink>
	</link>
	<thumbnail>https://image.tmdb.org/t/p/w1280/1AreNcL9s24Qfghbzomy0IlzCFk.jpg</thumbnail>
	<fanart>https://image.tmdb.org/t/p/w1280/pfSLaXhojt0cNU6lWRGxvbQ2HWi.jpg</fanart>
</item>
<item>
	<title>[COLOR=white]The Lion King 1 1/2 [/COLOR]</title>
	<meta>
	<imdb>tt0318403</imdb>
	<content>movie</content>
	<title>The Lion King 1 1/2 </title>
	<year>2004</year>
	</meta>
	<link>
	<sublink>search</sublink>
	<sublink>searchsd</sublink>
	</link>
	<thumbnail>https://image.tmdb.org/t/p/w1280/nCSu6jqZXqbXW1HeeveMYNOU02H.jpg</thumbnail>
	<fanart>https://image.tmdb.org/t/p/w1280/pql1l2FPU5e4nPxoY2TbYaPwjLj.jpg</fanart>
</item>
<item>
	<title>[COLOR=white]The Lion King 2: Simba's Pride[/COLOR]</title>
	<meta>
	<imdb>none</imdb>
	<content>movie</content>
	<title>The Lion King 2: Simba's Pride</title>
	<year>1998</year>
	</meta>
	<link>
	<sublink>search</sublink>
	<sublink>searchsd</sublink>
	</link>
	<thumbnail>https://image.tmdb.org/t/p/w1280/9FHNYvpltLQfpakXpMMj7RsVHqm.jpg</thumbnail>
	<fanart>https://image.tmdb.org/t/p/w1280/mOXpgCVPy43L3Sbq9keft6VSQ7O.jpg</fanart>
</item>
<item>
	<title>[COLOR=white]The Lion King[/COLOR]</title>
	<meta>
	<imdb>tt0110357</imdb>
	<content>movie</content>
	<title>The Lion King</title>
	<year>1994</year>
	</meta>
	<link>
	<sublink>search</sublink>
	<sublink>searchsd</sublink>
	</link>
	<thumbnail>https://image.tmdb.org/t/p/w1280/bKPtXn9n4M4s8vvZrbw40mYsefB.jpg</thumbnail>
	<fanart>https://image.tmdb.org/t/p/w1280/6lL49SOgBtqiXMs7Y5HWBYH3X9Z.jpg</fanart>
</item>
<item>
	<title>[COLOR=white]The Magic of the Golden Bear: Goldy III[/COLOR]</title>
	<meta>
	<imdb>none</imdb>
	<content>movie</content>
	<title>The Magic of the Golden Bear: Goldy III</title>
	<year>1994</year>
	</meta>
	<link>
	<sublink>search</sublink>
	<sublink>searchsd</sublink>
	</link>
	<thumbnail>https://image.tmdb.org/t/p/w1280/uBcSAtYaSdAz4aDt0V7ouaTwX9H.jpg</thumbnail>
	<fanart>https://image.tmdb.org/t/p/w1280/ym7zAWbtZADbMpcLHHnpK1iaoPE.jpg</fanart>
</item>
<item>
	<title>[COLOR=white]The Nut Job[/COLOR]</title>
	<meta>
	<imdb>tt1821658</imdb>
	<content>movie</content>
	<title>The Nut Job</title>
	<year>2014</year>
	</meta>
	<link>
	<sublink>search</sublink>
	<sublink>searchsd</sublink>
	</link>
	<thumbnail>https://image.tmdb.org/t/p/w1280/rXdSfDu08cs0fU9S6l3AK1bJqy8.jpg</thumbnail>
	<fanart>https://image.tmdb.org/t/p/w1280/TCtQLLO9PRqCcPCFgpx77a3Pct.jpg</fanart>
</item>
<item>
	<title>[COLOR=white]The Pebble and the Penguin[/COLOR]</title>
	<meta>
	<imdb>tt0114108</imdb>
	<content>movie</content>
	<title>The Pebble and the Penguin</title>
	<year>1995</year>
	</meta>
	<link>
	<sublink>search</sublink>
	<sublink>searchsd</sublink>
	</link>
	<thumbnail>https://image.tmdb.org/t/p/w1280/aWi36nNbyMw51yGN0tTSOrOLu6L.jpg</thumbnail>
	<fanart>https://image.tmdb.org/t/p/w1280/gi8ooMXszyHMTkc07LOFfz9IC7J.jpg</fanart>
</item>
<item>
	<title>[COLOR=white]The Princess and the Frog[/COLOR]</title>
	<meta>
	<imdb>tt0780521</imdb>
	<content>movie</content>
	<title>The Princess and the Frog</title>
	<year>2009</year>
	</meta>
	<link>
	<sublink>search</sublink>
	<sublink>searchsd</sublink>
	</link>
	<thumbnail>https://image.tmdb.org/t/p/w1280/bVRHirC6uIZL9VtRqYRxdedYnOG.jpg</thumbnail>
	<fanart>https://image.tmdb.org/t/p/w1280/1lwFk4K21cx0QIdmVDDF1qyLmTm.jpg</fanart>
</item>
<item>
	<title>[COLOR=white]The Reef 2: High Tide[/COLOR]</title>
	<meta>
	<imdb>tt1978567</imdb>
	<content>movie</content>
	<title>The Reef 2: High Tide</title>
	<year>2012</year>
	</meta>
	<link>
	<sublink>search</sublink>
	<sublink>searchsd</sublink>
	</link>
	<thumbnail>https://image.tmdb.org/t/p/w1280/gJmDfwdoxLIG1kKfZ7EZRsAliIy.jpg</thumbnail>
	<fanart>https://image.tmdb.org/t/p/w1280/umpFY0HuxoHEJNBuSE4FYlNhXOG.jpg</fanart>
</item>
<item>
	<title>[COLOR=white]The Rescuers Down Under[/COLOR]</title>
	<meta>
	<imdb>tt0100477</imdb>
	<content>movie</content>
	<title>The Rescuers Down Under</title>
	<year>1990</year>
	</meta>
	<link>
	<sublink>search</sublink>
	<sublink>searchsd</sublink>
	</link>
	<thumbnail>https://image.tmdb.org/t/p/w1280/vyi6BGcWHjaUwNkdga3wKEESIaP.jpg</thumbnail>
	<fanart>https://image.tmdb.org/t/p/w1280/jCbLi7MXY7mO22WO6dVta2fCPmV.jpg</fanart>
</item>
<item>
	<title>[COLOR=white]The Rescuers[/COLOR]</title>
	<meta>
	<imdb>tt0076618</imdb>
	<content>movie</content>
	<title>The Rescuers</title>
	<year>1977</year>
	</meta>
	<link>
	<sublink>search</sublink>
	<sublink>searchsd</sublink>
	</link>
	<thumbnail>https://image.tmdb.org/t/p/w1280/49rGpB2x6AFB83SC4IBl9foRIGp.jpg</thumbnail>
	<fanart>https://image.tmdb.org/t/p/w1280/8kVDTCCrcN2twIJZpkTNfG3df85.jpg</fanart>
</item>
<item>
	<title>[COLOR=white]The Search for Santa Paws[/COLOR]</title>
	<meta>
	<imdb>tt1544572</imdb>
	<content>movie</content>
	<title>The Search for Santa Paws</title>
	<year>2010</year>
	</meta>
	<link>
	<sublink>search</sublink>
	<sublink>searchsd</sublink>
	</link>
	<thumbnail>https://image.tmdb.org/t/p/w1280/9Km3tpCVRPzRYfEiCaJB6bKjPEA.jpg</thumbnail>
	<fanart>https://image.tmdb.org/t/p/w1280/xgVsyWiuCPITd33nznleau6pXwM.jpg</fanart>
</item>
<item>
	<title>[COLOR=white]The Secret of NIMH 2: Timmy to the Rescue[/COLOR]</title>
	<meta>
	<imdb>tt0171725</imdb>
	<content>movie</content>
	<title>The Secret of NIMH 2: Timmy to the Rescue</title>
	<year>1998</year>
	</meta>
	<link>
	<sublink>search</sublink>
	<sublink>searchsd</sublink>
	</link>
	<thumbnail>https://image.tmdb.org/t/p/w1280/Mg0JtAJBZLaiamQBwAXkAeZYBI.jpg</thumbnail>
	<fanart>https://image.tmdb.org/t/p/w1280/lvtgqMpUKrOU8JIWcCUobWU4wsE.jpg</fanart>
</item>
<item>
	<title>[COLOR=white]The Secret of NIMH[/COLOR]</title>
	<meta>
	<imdb>tt0084649</imdb>
	<content>movie</content>
	<title>The Secret of NIMH</title>
	<year>1982</year>
	</meta>
	<link>
	<sublink>search</sublink>
	<sublink>searchsd</sublink>
	</link>
	<thumbnail>https://image.tmdb.org/t/p/w1280/qXvgbM2cIjkoOPgzxn0hwiSUqk6.jpg</thumbnail>
	<fanart>https://image.tmdb.org/t/p/w1280/eKpqOVmANBixi8y2hHMGa5OWGU8.jpg</fanart>
</item>
<item>
	<title>[COLOR=white]The Shaggy D.A.[/COLOR]</title>
	<meta>
	<imdb>tt0075200</imdb>
	<content>movie</content>
	<title>The Shaggy D.A.</title>
	<year>1976</year>
	</meta>
	<link>
	<sublink>search</sublink>
	<sublink>searchsd</sublink>
	</link>
	<thumbnail>https://image.tmdb.org/t/p/w1280/5VkrpV2doDkFlIUg34MhDXJlFrC.jpg</thumbnail>
	<fanart>https://image.tmdb.org/t/p/w1280/pIFKVA2fdvDv8SCYX49iqouw8p8.jpg</fanart>
</item>
<item>
	<title>[COLOR=white]The Shaggy Dog[/COLOR]</title>
	<meta>
	<imdb>none</imdb>
	<content>movie</content>
	<title>The Shaggy Dog</title>
	<year>2006</year>
	</meta>
	<link>
	<sublink>search</sublink>
	<sublink>searchsd</sublink>
	</link>
	<thumbnail>https://image.tmdb.org/t/p/w1280/7Ptc3QwmDtmeCp5NW87unOQB2ZN.jpg</thumbnail>
	<fanart>https://image.tmdb.org/t/p/w1280/vOytD9e80NEQUDIlSgkQSZlpAaG.jpg</fanart>
</item>
<item>
	<title>[COLOR=white]The Shaggy Dog[/COLOR]</title>
	<meta>
	<imdb>tt0053271</imdb>
	<content>movie</content>
	<title>The Shaggy Dog</title>
	<year>1959</year>
	</meta>
	<link>
	<sublink>search</sublink>
	<sublink>searchsd</sublink>
	</link>
	<thumbnail>https://image.tmdb.org/t/p/w1280/d5KQS3ZFefJtgu7lISwl0IhSPs.jpg</thumbnail>
	<fanart>https://image.tmdb.org/t/p/w1280/xgkGSg09UQN3aIT1F6grKw9Kb5x.jpg</fanart>
</item>
<item>
	<title>[COLOR=white]The Ugly Dachshund[/COLOR]</title>
	<meta>
	<imdb>tt0061135</imdb>
	<content>movie</content>
	<title>The Ugly Dachshund</title>
	<year>1966</year>
	</meta>
	<link>
	<sublink>search</sublink>
	<sublink>searchsd</sublink>
	</link>
	<thumbnail>https://image.tmdb.org/t/p/w1280/zhwIxPBGDMjFuaeve0yzYHA43Wy.jpg</thumbnail>
	<fanart>https://image.tmdb.org/t/p/w1280/a8U4TndUzR0cFR3K8vr2tuSvqo.jpg</fanart>
</item>
<item>
	<title>[COLOR=white]The Velveteen Rabbit[/COLOR]</title>
	<meta>
	<imdb>tt0974662</imdb>
	<content>movie</content>
	<title>The Velveteen Rabbit</title>
	<year>2009</year>
	</meta>
	<link>
	<sublink>search</sublink>
	<sublink>searchsd</sublink>
	</link>
	<thumbnail>https://image.tmdb.org/t/p/w1280/uiN9N7jOFnNTuYpyCbVE1du5nWg.jpg</thumbnail>
	<fanart>https://image.tmdb.org/t/p/w1280/xgs3Ti4ftOjb16D4I7UQsTQsAAz.jpg</fanart>
</item>
<item>
	<title>[COLOR=white]The Wild[/COLOR]</title>
	<meta>
	<imdb>tt0405469</imdb>
	<content>movie</content>
	<title>The Wild</title>
	<year>2006</year>
	</meta>
	<link>
	<sublink>search</sublink>
	<sublink>searchsd</sublink>
	</link>
	<thumbnail>https://image.tmdb.org/t/p/w1280/uxTtgh4tpSWVulXLCDqKU10cWXo.jpg</thumbnail>
	<fanart>https://image.tmdb.org/t/p/w1280/z8bCwHtKypfDoqChf41pKWR41Xb.jpg</fanart>
</item>
<item>
	<title>[COLOR=white]The Yearling[/COLOR]</title>
	<meta>
	<imdb>tt0111792</imdb>
	<content>movie</content>
	<title>The Yearling</title>
	<year>1994</year>
	</meta>
	<link>
	<sublink>search</sublink>
	<sublink>searchsd</sublink>
	</link>
	<thumbnail>https://image.tmdb.org/t/p/w1280/83awhjUDo4dt35Gt2Tv1Ksiscoy.jpg</thumbnail>
	<fanart>https://image.tmdb.org/t/p/w1280</fanart>
</item>
<item>
	<title>[COLOR=white]Top Dog[/COLOR]</title>
	<meta>
	<imdb>tt0114697</imdb>
	<content>movie</content>
	<title>Top Dog</title>
	<year>1995</year>
	</meta>
	<link>
	<sublink>search</sublink>
	<sublink>searchsd</sublink>
	</link>
	<thumbnail>https://image.tmdb.org/t/p/w1280/tKGGRf0PMgcZGxlHkU2SFQZxnf9.jpg</thumbnail>
	<fanart>https://image.tmdb.org/t/p/w1280/pYUxlnSlohJDUtpeRMJd8TDB9fS.jpg</fanart>
</item>
<item>
	<title>[COLOR=white]Treasure Buddies[/COLOR]</title>
	<meta>
	<imdb>tt1791658</imdb>
	<content>movie</content>
	<title>Treasure Buddies</title>
	<year>2012</year>
	</meta>
	<link>
	<sublink>search</sublink>
	<sublink>searchsd</sublink>
	</link>
	<thumbnail>https://image.tmdb.org/t/p/w1280/82vMfOg88btIly1YwfOKUVYqvXU.jpg</thumbnail>
	<fanart>https://image.tmdb.org/t/p/w1280/o4eUhOwLi4hVlYaIKCOgraE6QIa.jpg</fanart>
</item>
<item>
	<title>[COLOR=white]Turner & Hooch[/COLOR]</title>
	<meta>
	<imdb>tt0098536</imdb>
	<content>movie</content>
	<title>Turner & Hooch</title>
	<year>1989</year>
	</meta>
	<link>
	<sublink>search</sublink>
	<sublink>searchsd</sublink>
	</link>
	<thumbnail>https://image.tmdb.org/t/p/w1280/oSvaWdWISYCIySdg2TUOHTTapkS.jpg</thumbnail>
	<fanart>https://image.tmdb.org/t/p/w1280/3AQ7BNf15GYoNTa9ZXlhK9oxnng.jpg</fanart>
</item>
<item>
	<title>[COLOR=white]Two Brothers[/COLOR]</title>
	<meta>
	<imdb>tt0338512</imdb>
	<content>movie</content>
	<title>Two Brothers</title>
	<year>2004</year>
	</meta>
	<link>
	<sublink>search</sublink>
	<sublink>searchsd</sublink>
	</link>
	<thumbnail>https://image.tmdb.org/t/p/w1280/2hPS88Tel8UHkCMMbvB700wUzbr.jpg</thumbnail>
	<fanart>https://image.tmdb.org/t/p/w1280/ipbqDnK8Q6cXF6W9Q49AvtNIzMR.jpg</fanart>
</item>
<item>
	<title>[COLOR=white]Valiant[/COLOR]</title>
	<meta>
	<imdb>tt0361089</imdb>
	<content>movie</content>
	<title>Valiant</title>
	<year>2005</year>
	</meta>
	<link>
	<sublink>search</sublink>
	<sublink>searchsd</sublink>
	</link>
	<thumbnail>https://image.tmdb.org/t/p/w1280/pHxCVYPQXnknooNN4xU1lP06YMa.jpg</thumbnail>
	<fanart>https://image.tmdb.org/t/p/w1280/8s2iXxJQL8LMbNUrRad5auftoyN.jpg</fanart>
</item>
<item>
	<title>[COLOR=white]War Horse[/COLOR]</title>
	<meta>
	<imdb>tt1568911</imdb>
	<content>movie</content>
	<title>War Horse</title>
	<year>2011</year>
	</meta>
	<link>
	<sublink>search</sublink>
	<sublink>searchsd</sublink>
	</link>
	<thumbnail>https://image.tmdb.org/t/p/w1280/6wMoQyJddEiLCzLUHiX7LNWhDol.jpg</thumbnail>
	<fanart>https://image.tmdb.org/t/p/w1280/iO4fslQ9CenAOcg3JfhN6o9va2.jpg</fanart>
</item>
<item>
	<title>[COLOR=white]Where the Red Fern Grows[/COLOR]</title>
	<meta>
	<imdb>tt0072402</imdb>
	<content>movie</content>
	<title>Where the Red Fern Grows</title>
	<year>1974</year>
	</meta>
	<link>
	<sublink>search</sublink>
	<sublink>searchsd</sublink>
	</link>
	<thumbnail>https://image.tmdb.org/t/p/w1280/m62ahL1jALUBBnHLU74qDQOiTSm.jpg</thumbnail>
	<fanart>https://image.tmdb.org/t/p/w1280/w2lF0qSN4bbOucybFf8aloOyALm.jpg</fanart>
</item>
<item>
	<title>[COLOR=white]Whispers: An Elephant Tale[/COLOR]</title>
	<meta>
	<imdb>tt0185007</imdb>
	<content>movie</content>
	<title>Whispers: An Elephant Tale</title>
	<year>2000</year>
	</meta>
	<link>
	<sublink>search</sublink>
	<sublink>searchsd</sublink>
	</link>
	<thumbnail>https://image.tmdb.org/t/p/w1280/iVWdVmkY8crkXrgejN98SLrCEI8.jpg</thumbnail>
	<fanart>https://image.tmdb.org/t/p/w1280/bSLi5eLTxxAmBhH1ClpAjwHK4EN.jpg</fanart>
</item>
<item>
	<title>[COLOR=white]White Fang 2: Myth of the White Wolf[/COLOR]</title>
	<meta>
	<imdb>tt0111701</imdb>
	<content>movie</content>
	<title>White Fang 2: Myth of the White Wolf</title>
	<year>1994</year>
	</meta>
	<link>
	<sublink>search</sublink>
	<sublink>searchsd</sublink>
	</link>
	<thumbnail>https://image.tmdb.org/t/p/w1280/bmuO33bIdTZikahvccaFbe1eB6r.jpg</thumbnail>
	<fanart>https://image.tmdb.org/t/p/w1280/pKWjQPLyWLVGeF0UhKmWsvQK5Jw.jpg</fanart>
</item>
<item>
	<title>[COLOR=white]White Fang[/COLOR]</title>
	<meta>
	<imdb>tt0103247</imdb>
	<content>movie</content>
	<title>White Fang</title>
	<year>1991</year>
	</meta>
	<link>
	<sublink>search</sublink>
	<sublink>searchsd</sublink>
	</link>
	<thumbnail>https://image.tmdb.org/t/p/w1280/7t38K0X8fPH1OyG22jE5TjFrVDl.jpg</thumbnail>
	<fanart>https://image.tmdb.org/t/p/w1280/7dXf5hAExjnVbdmmWvrcDWX8EE8.jpg</fanart>
</item>
<item>
	<title>[COLOR=white]Winged Migration[/COLOR]</title>
	<meta>
	<imdb>tt0301727</imdb>
	<content>movie</content>
	<title>Winged Migration</title>
	<year>2001</year>
	</meta>
	<link>
	<sublink>search</sublink>
	<sublink>searchsd</sublink>
	</link>
	<thumbnail>https://image.tmdb.org/t/p/w1280/qY1l18Zri3Mdc0iBr0QYjCWlFVP.jpg</thumbnail>
	<fanart>https://image.tmdb.org/t/p/w1280/a3lwD2I3S5MGWdQ151YWtA4EXsH.jpg</fanart>
</item>
<item>
	<title>[COLOR=white]Yogi Bear[/COLOR]</title>
	<meta>
	<imdb>tt1302067</imdb>
	<content>movie</content>
	<title>Yogi Bear</title>
	<year>2010</year>
	</meta>
	<link>
	<sublink>search</sublink>
	<sublink>searchsd</sublink>
	</link>
	<thumbnail>https://image.tmdb.org/t/p/w1280/5oYL4YS8WHjhodRLn4b8BRZ3YHh.jpg</thumbnail>
	<fanart>https://image.tmdb.org/t/p/w1280/uSPlxOT3MppHyfP74mD8oUjlIQe.jpg</fanart>
</item>
<item>
	<title>[COLOR=white]Young Black Stallion[/COLOR]</title>
	<meta>
	<imdb>tt0318850</imdb>
	<content>movie</content>
	<title>Young Black Stallion</title>
	<year>2003</year>
	</meta>
	<link>
	<sublink>search</sublink>
	<sublink>searchsd</sublink>
	</link>
	<thumbnail>https://image.tmdb.org/t/p/w1280/6QRfEgONo5MYgDEDTipIcetnHsO.jpg</thumbnail>
	<fanart>https://image.tmdb.org/t/p/w1280/vxPiyoGNSTHUINTlFxTVo6ZLegj.jpg</fanart>
</item>
<item>
	<title>[COLOR=white]Zeus & Roxanne[/COLOR]</title>
	<meta>
	<imdb>tt0120550</imdb>
	<content>movie</content>
	<title>Zeus & Roxanne</title>
	<year>1997</year>
	</meta>
	<link>
	<sublink>search</sublink>
	<sublink>searchsd</sublink>
	</link>
	<thumbnail>https://image.tmdb.org/t/p/w1280/JsEEn2fSLhHQ0LHoPHJM7M7U8w.jpg</thumbnail>
	<fanart>https://image.tmdb.org/t/p/w1280/qTLjtcWxlt7qTYliUv01quvAO5.jpg</fanart>
</item>
