<dir>
<title>Disney By Year</title>
<tmdb></tmdb>
<thumbnail>https://pbs.twimg.com/profile_images/736911444206358528/_uJQLJnE.jpg</thumbnail>
</dir>

<dir>
<title>1930-1940</title>
<tmdb>list/44950</tmdb>
<thumbnail>https://pbs.twimg.com/profile_images/736911444206358528/_uJQLJnE.jpg</thumbnail>
</dir>

<dir>
<title>1950's</title>
<tmdb>list/44951</tmdb>
<thumbnail>https://pbs.twimg.com/profile_images/736911444206358528/_uJQLJnE.jpg</thumbnail>
</dir>


<dir>
<title>1960's</title>
<tmdb>list/44953</tmdb>
<thumbnail>https://pbs.twimg.com/profile_images/736911444206358528/_uJQLJnE.jpg</thumbnail>
</dir>

<dir>
<title>1970's</title>
<tmdb>list/44955</tmdb>
<thumbnail>https://pbs.twimg.com/profile_images/736911444206358528/_uJQLJnE.jpg</thumbnail>
</dir>

<dir>
<title>1980's</title>
<tmdb>list/44956</tmdb>
<thumbnail>https://pbs.twimg.com/profile_images/736911444206358528/_uJQLJnE.jpg</thumbnail>
</dir>

<dir>
<title>1990's</title>
<tmdb>list/44957</tmdb>
<thumbnail>https://pbs.twimg.com/profile_images/736911444206358528/_uJQLJnE.jpg</thumbnail>
</dir>

<dir>
<title>2000's</title>
<tmdb>list/44958</tmdb>
<thumbnail>https://pbs.twimg.com/profile_images/736911444206358528/_uJQLJnE.jpg</thumbnail>
</dir>

<dir>
<title>2010's</title>
<tmdb>list/44961</tmdb>
<thumbnail>https://pbs.twimg.com/profile_images/736911444206358528/_uJQLJnE.jpg</thumbnail>
</dir>

<dir>
<title>Future Releases</title>
<tmdb>list/44962</tmdb>
<thumbnail>https://pbs.twimg.com/profile_images/736911444206358528/_uJQLJnE.jpg</thumbnail>
</dir>