<item>
<title>BMF DOCUMENTARY </title>
<link>https://www.youtube.com/watch?v=9y8zkGiHZMk</link>
<thumbnail>http://straightfromthea.com/wp-content/uploads/2014/06/BMF-Movie-StraightFromTheA-520x550.jpg</thumbnail>
<fanart>https://s-media-cache-ak0.pinimg.com/originals/ae/e5/ea/aee5eaace7bfe2c19d3d81393ed3d38e.jpg</fanart>
<summary></summary>
</item>

<plugin>
<title>Real Stories</title>
<link>plugin://plugin.video.youtube/channel/UCu4XcDBdnZkV6-5z2f16M0g/playlists/</link>
<thumbnail>https://www.arakanmedia.com/wp-content/uploads/2017/04/Real-Stories-Channel-Trailer.jpg</thumbnail>
<fanart>https://i.ytimg.com/vi/bGs-E1iIMyM/maxresdefault.jpg</fanart>
</plugin>