<item>
<name>____________________________________________________________________</name>
<thumbnail>https://cdn1.thr.com/sites/default/files/imagecache/landscape_928x523/2012/02/music-choice-mc_logo.jpg</thumbnail>
<fanart>http://www.slopemedia.org/wp-content/uploads/2017/03/wallhaven-84294.jpg</fanart>
<link></link> 
<summary></summary>
</item>

<item>
<name>[COLORblue]Music Choice[/COLOR] - [COLORyellow]Listen to Ad-Free Music 24/7[/COLOR]</name>
<thumbnail>https://cdn1.thr.com/sites/default/files/imagecache/landscape_928x523/2012/02/music-choice-mc_logo.jpg</thumbnail>
<fanart>http://www.slopemedia.org/wp-content/uploads/2017/03/wallhaven-84294.jpg</fanart>
<link></link> 
<summary></summary>
</item>

<item>
<name>____________________________________________________________________</name>
<thumbnail></thumbnail>
<fanart>http://www.slopemedia.org/wp-content/uploads/2017/03/wallhaven-84294.jpg</fanart>
<link></link> 
<summary></summary>
</item>

<item>
<name>[COLORyellow]CURRENT LIST [/COLOR]</name>
<thumbnail>https://cdn1.thr.com/sites/default/files/imagecache/landscape_928x523/2012/02/music-choice-mc_logo.jpg</thumbnail>
<fanart>http://www.slopemedia.org/wp-content/uploads/2017/03/wallhaven-84294.jpg</fanart>
</item>

<item>
<name>_____________________________________________________________________</name>
<thumbnail></thumbnail>
<fanart>http://www.slopemedia.org/wp-content/uploads/2017/03/wallhaven-84294.jpg</fanart>
<link></link> 
<summary></summary>
</item>

<item>
	<title>Adult Alternative</title>
	<link>http://edge.music-choice-ac-chaina1.top.comcast.net/AudioChannels/Ch-022/chunklist.m3u8</link>
	<thumbnail>https://cdn1.thr.com/sites/default/files/imagecache/landscape_928x523/2012/02/music-choice-mc_logo.jpg</thumbnail>
	<fanart>http://www.slopemedia.org/wp-content/uploads/2017/03/wallhaven-84294.jpg</fanart>
</item>

<item>
	<title>ALT-R&B</title>
	<link>http://edge.music-choice-ac-chaina1.top.comcast.net/AudioChannels/Ch-163/chunklist.m3u8</link>
	<thumbnail>https://cdn1.thr.com/sites/default/files/imagecache/landscape_928x523/2012/02/music-choice-mc_logo.jpg</thumbnail>
	<fanart>http://www.slopemedia.org/wp-content/uploads/2017/03/wallhaven-84294.jpg</fanart>
</item>

<item>
	<title>Alternative</title>
	<link>http://edge.music-choice-ac-chaina1.top.comcast.net/AudioChannels/Ch-014/chunklist.m3u8</link>
	<thumbnail>https://cdn1.thr.com/sites/default/files/imagecache/landscape_928x523/2012/02/music-choice-mc_logo.jpg</thumbnail>
	<fanart>http://www.slopemedia.org/wp-content/uploads/2017/03/wallhaven-84294.jpg</fanart>
</item>

<item>
	<title>Brazilian Pop</title>
	<link>http://edge.music-choice-ac-chaina1.top.comcast.net/AudioChannels/Ch-135/chunklist.m3u8</link>
	<thumbnail>https://cdn1.thr.com/sites/default/files/imagecache/landscape_928x523/2012/02/music-choice-mc_logo.jpg</thumbnail>
	<fanart>http://www.slopemedia.org/wp-content/uploads/2017/03/wallhaven-84294.jpg</fanart>
</item>

<item>
	<title>Brits + hits</title>
	<link>http://edge.music-choice-ac-chaina1.top.comcast.net/AudioChannels/Ch-154/chunklist.m3u8</link>
	<thumbnail>https://cdn1.thr.com/sites/default/files/imagecache/landscape_928x523/2012/02/music-choice-mc_logo.jpg</thumbnail>
	<fanart>http://www.slopemedia.org/wp-content/uploads/2017/03/wallhaven-84294.jpg</fanart>
</item

<item>
	<title>Contemporary Christian</title>
	<link>http://edge.music-choice-ac-chaina1.top.comcast.net/AudioChannels/Ch-016/chunklist.m3u8</link>
	<thumbnail>https://cdn1.thr.com/sites/default/files/imagecache/landscape_928x523/2012/02/music-choice-mc_logo.jpg</thumbnail>
	<fanart>http://www.slopemedia.org/wp-content/uploads/2017/03/wallhaven-84294.jpg</fanart>
</item>

<item>
	<title>Dance/EDM</title>
	<link>http://edge.music-choice-ac-chaina1.top.comcast.net/AudioChannels/Ch-013/chunklist.m3u8</link>
	<thumbnail>https://cdn1.thr.com/sites/default/files/imagecache/landscape_928x523/2012/02/music-choice-mc_logo.jpg</thumbnail>
	<fanart>http://www.slopemedia.org/wp-content/uploads/2017/03/wallhaven-84294.jpg</fanart>
</item>

<item>
	<title>Filipino</title>
	<link>http://edge.music-choice-ac-chaina1.top.comcast.net/AudioChannels/Ch-136/chunklist.m3u8</link>
	<thumbnail>https://cdn1.thr.com/sites/default/files/imagecache/landscape_928x523/2012/02/music-choice-mc_logo.jpg</thumbnail>
	<fanart>http://www.slopemedia.org/wp-content/uploads/2017/03/wallhaven-84294.jpg</fanart>
</item>

<item>
	<title>Folk</title>
	<link>http://edge.music-choice-ac-chaina1.top.comcast.net/AudioChannels/Ch-156/chunklist.m3u8</link>
	<thumbnail>https://cdn1.thr.com/sites/default/files/imagecache/landscape_928x523/2012/02/music-choice-mc_logo.jpg</thumbnail>
	<fanart>http://www.slopemedia.org/wp-content/uploads/2017/03/wallhaven-84294.jpg</fanart>
</item>

<item>
	<title>Hip Hop and R&B</title>
	<link>http://edge.music-choice-ac-chaina1.top.comcast.net/AudioChannels/Ch-005/chunklist.m3u8</link>
	<thumbnail>https://cdn1.thr.com/sites/default/files/imagecache/landscape_928x523/2012/02/music-choice-mc_logo.jpg</thumbnail>
	<fanart>http://www.slopemedia.org/wp-content/uploads/2017/03/wallhaven-84294.jpg</fanart>
</item>


<item>
	<title>Hit List</title>
	<link>http://edge.music-choice-ac-chaina1.top.comcast.net/AudioChannels/Ch-002/chunklist.m3u8</link>
	<thumbnail>https://cdn1.thr.com/sites/default/files/imagecache/landscape_928x523/2012/02/music-choice-mc_logo.jpg</thumbnail>
	<fanart>http://www.slopemedia.org/wp-content/uploads/2017/03/wallhaven-84294.jpg</fanart>
</item>

<item>
	<title>Indie</title>
	<link>http://edge.music-choice-ac-chaina1.top.comcast.net/AudioChannels/Ch-117/chunklist.m3u8</link>
	<thumbnail>https://cdn1.thr.com/sites/default/files/imagecache/landscape_928x523/2012/02/music-choice-mc_logo.jpg</thumbnail>
	<fanart>http://www.slopemedia.org/wp-content/uploads/2017/03/wallhaven-84294.jpg</fanart>
</item>

<item>
	<title>K Pop</title>
	<link>http://edge.music-choice-ac-chaina1.top.comcast.net/AudioChannels/Ch-134/chunklist.m3u8</link>
	<thumbnail>https://cdn1.thr.com/sites/default/files/imagecache/landscape_928x523/2012/02/music-choice-mc_logo.jpg</thumbnail>
	<fanart>http://www.slopemedia.org/wp-content/uploads/2017/03/wallhaven-84294.jpg</fanart>
</item>

<item>
	<title>Latin Jazz</title>
	<link>http://edge.music-choice-ac-chaina1.top.comcast.net/AudioChannels/Ch-157/chunklist.m3u8</link>
	<thumbnail>https://cdn1.thr.com/sites/default/files/imagecache/landscape_928x523/2012/02/music-choice-mc_logo.jpg</thumbnail>
	<fanart>http://www.slopemedia.org/wp-content/uploads/2017/03/wallhaven-84294.jpg</fanart>
</item>

<item>
	<title>Lounge</title>
	<link>http://edge.music-choice-ac-chaina1.top.comcast.net/AudioChannels/Ch-150/chunklist.m3u8</link>
	<thumbnail>https://cdn1.thr.com/sites/default/files/imagecache/landscape_928x523/2012/02/music-choice-mc_logo.jpg</thumbnail>
	<fanart>http://www.slopemedia.org/wp-content/uploads/2017/03/wallhaven-84294.jpg</fanart>
</item>

<item>
	<title>Love Songs</title>
	<link>http://edge.music-choice-ac-chaina1.top.comcast.net/AudioChannels/Ch-049/chunklist.m3u8</link>
	<thumbnail>https://cdn1.thr.com/sites/default/files/imagecache/landscape_928x523/2012/02/music-choice-mc_logo.jpg</thumbnail>
	<fanart>http://www.slopemedia.org/wp-content/uploads/2017/03/wallhaven-84294.jpg</fanart>
</item>

<item>
	<title>Metal</title>
	<link>http://edge.music-choice-ac-chaina1.top.comcast.net/AudioChannels/Ch-015/chunklist.m3u8</link>
	<thumbnail>https://cdn1.thr.com/sites/default/files/imagecache/landscape_928x523/2012/02/music-choice-mc_logo.jpg</thumbnail>
	<fanart>http://www.slopemedia.org/wp-content/uploads/2017/03/wallhaven-84294.jpg</fanart>
</item>

<item>
	<title></title>
	<link></link>
	<thumbnail>https://cdn1.thr.com/sites/default/files/imagecache/landscape_928x523/2012/02/music-choice-mc_logo.jpg</thumbnail>
	<fanart>http://www.slopemedia.org/wp-content/uploads/2017/03/wallhaven-84294.jpg</fanart>
</item>

<item>
	<title>Mexicana</title>
	<link>http://edge.music-choice-ac-chaina1.top.comcast.net/AudioChannels/Ch-026/chunklist.m3u8</link>
	<thumbnail>https://cdn1.thr.com/sites/default/files/imagecache/landscape_928x523/2012/02/music-choice-mc_logo.jpg</thumbnail>
	<fanart>http://www.slopemedia.org/wp-content/uploads/2017/03/wallhaven-84294.jpg</fanart>
</item>

<item>
	<title>Music Choice Max</title>
	<link>http://edge.music-choice-ac-chaina1.top.comcast.net/AudioChannels/Ch-050/chunklist.m3u8</link>
	<thumbnail>https://cdn1.thr.com/sites/default/files/imagecache/landscape_928x523/2012/02/music-choice-mc_logo.jpg</thumbnail>
	<fanart>http://www.slopemedia.org/wp-content/uploads/2017/03/wallhaven-84294.jpg</fanart>
</item>

<item>
	<title>Musica Urbana</title>
	<link>http://edge.music-choice-ac-chaina1.top.comcast.net/AudioChannels/Ch-015/chunklist.m3u8</link>
	<thumbnail>https://cdn1.thr.com/sites/default/files/imagecache/landscape_928x523/2012/02/music-choice-mc_logo.jpg</thumbnail>
	<fanart>http://www.slopemedia.org/wp-content/uploads/2017/03/wallhaven-84294.jpg</fanart>
</item>

<item>
	<title>party favorites</title>
	<link>http://edge.music-choice-ac-chaina1.top.comcast.net/AudioChannels/Ch-033/chunklist.m3u8</link>
	<thumbnail>https://cdn1.thr.com/sites/default/files/imagecache/landscape_928x523/2012/02/music-choice-mc_logo.jpg</thumbnail>
	<fanart>http://www.slopemedia.org/wp-content/uploads/2017/03/wallhaven-84294.jpg</fanart>
</item>

<item>
	<title>Pop Country</title>
	<link>http://edge.music-choice-ac-chaina1.top.comcast.net/AudioChannels/Ch-047/chunklist.m3u8</link>
	<thumbnail>https://cdn1.thr.com/sites/default/files/imagecache/landscape_928x523/2012/02/music-choice-mc_logo.jpg</thumbnail>
	<fanart>http://www.slopemedia.org/wp-content/uploads/2017/03/wallhaven-84294.jpg</fanart>
</item>

<item>
	<title>Pop Hits</title>
	<link>http://edge.music-choice-ac-chaina1.top.comcast.net/AudioChannels/Ch-029/chunklist.m3u8</link>
	<thumbnail>https://cdn1.thr.com/sites/default/files/imagecache/landscape_928x523/2012/02/music-choice-mc_logo.jpg</thumbnail>
	<fanart>http://www.slopemedia.org/wp-content/uploads/2017/03/wallhaven-84294.jpg</fanart>
</item>

<item>
	<title>Pop Latino</title>
	<link>http://edge.music-choice-ac-chaina1.top.comcast.net/AudioChannels/Ch-041/chunklist.m3u8</link>
	<thumbnail>https://cdn1.thr.com/sites/default/files/imagecache/landscape_928x523/2012/02/music-choice-mc_logo.jpg</thumbnail>
	<fanart>http://www.slopemedia.org/wp-content/uploads/2017/03/wallhaven-84294.jpg</fanart>
</item>

<item>
	<title>R&B Soul</title>
	<link>http://edge.music-choice-ac-chaina1.top.comcast.net/AudioChannels/Ch-010/chunklist.m3u8</link>
	<thumbnail>https://cdn1.thr.com/sites/default/files/imagecache/landscape_928x523/2012/02/music-choice-mc_logo.jpg</thumbnail>
	<fanart>http://www.slopemedia.org/wp-content/uploads/2017/03/wallhaven-84294.jpg</fanart>
</item>

<item>
	<title>Rap</title>
	<link>http://edge.music-choice-ac-chaina1.top.comcast.net/AudioChannels/Ch-011/chunklist.m3u8</link>
	<thumbnail>https://cdn1.thr.com/sites/default/files/imagecache/landscape_928x523/2012/02/music-choice-mc_logo.jpg</thumbnail>
	<fanart>http://www.slopemedia.org/wp-content/uploads/2017/03/wallhaven-84294.jpg</fanart>
</item>

<item>
	<title>Rap 2K</title>
	<link>http://edge.music-choice-ac-chaina1.top.comcast.net/AudioChannels/Ch-165/chunklist.m3u8</link>
	<thumbnail>https://cdn1.thr.com/sites/default/files/imagecache/landscape_928x523/2012/02/music-choice-mc_logo.jpg</thumbnail>
	<fanart>http://www.slopemedia.org/wp-content/uploads/2017/03/wallhaven-84294.jpg</fanart>
</item>

<item>
	<title>Reggae</title>
	<link>http://edge.music-choice-ac-chaina1.top.comcast.net/AudioChannels/Ch-024/chunklist.m3u8</link>
	<thumbnail>https://cdn1.thr.com/sites/default/files/imagecache/landscape_928x523/2012/02/music-choice-mc_logo.jpg</thumbnail>
	<fanart>http://www.slopemedia.org/wp-content/uploads/2017/03/wallhaven-84294.jpg</fanart>
</item>

<item>
	<title>Rock</title>
	<link>http://edge.music-choice-ac-chaina1.top.comcast.net/AudioChannels/Ch-044/chunklist.m3u8</link>
	<thumbnail>https://cdn1.thr.com/sites/default/files/imagecache/landscape_928x523/2012/02/music-choice-mc_logo.jpg</thumbnail>
	<fanart>http://www.slopemedia.org/wp-content/uploads/2017/03/wallhaven-84294.jpg</fanart>
</item>

<item>
	<title>Rock Latino</title>
	<link>http://edge.music-choice-ac-chaina1.top.comcast.net/AudioChannels/Ch-155/chunklist.m3u8</link>
	<thumbnail>https://cdn1.thr.com/sites/default/files/imagecache/landscape_928x523/2012/02/music-choice-mc_logo.jpg</thumbnail>
	<fanart>http://www.slopemedia.org/wp-content/uploads/2017/03/wallhaven-84294.jpg</fanart>
</item>

<item>
	<title>Smooth Jazz</title>
	<link>http://edge.music-choice-ac-chaina1.top.comcast.net/AudioChannels/Ch-007/chunklist.m3u8</link>
	<thumbnail>https://cdn1.thr.com/sites/default/files/imagecache/landscape_928x523/2012/02/music-choice-mc_logo.jpg</thumbnail>
	<fanart>http://www.slopemedia.org/wp-content/uploads/2017/03/wallhaven-84294.jpg</fanart>
</item>

<item>
	<title>Soft Rock</title>
	<link>http://edge.music-choice-ac-chaina1.top.comcast.net/AudioChannels/Ch-001/chunklist.m3u8</link>
	<thumbnail>https://cdn1.thr.com/sites/default/files/imagecache/landscape_928x523/2012/02/music-choice-mc_logo.jpg</thumbnail>
	<fanart>http://www.slopemedia.org/wp-content/uploads/2017/03/wallhaven-84294.jpg</fanart>
</item>

<item>
	<title>Sounds of The Seasons</title>
	<link>http://edge.music-choice-ac-chaina1.top.comcast.net/AudioChannels/Ch-032/chunklist.m3u8</link>
	<thumbnail>https://cdn1.thr.com/sites/default/files/imagecache/landscape_928x523/2012/02/music-choice-mc_logo.jpg</thumbnail>
	<fanart>http://www.slopemedia.org/wp-content/uploads/2017/03/wallhaven-84294.jpg</fanart>
</item>

<item>
	<title>Teen Beats</title>
	<link>http://edge.music-choice-ac-chaina1.top.comcast.net/AudioChannels/Ch-051/chunklist.m3u8</link>
	<thumbnail>https://cdn1.thr.com/sites/default/files/imagecache/landscape_928x523/2012/02/music-choice-mc_logo.jpg</thumbnail>
	<fanart>http://www.slopemedia.org/wp-content/uploads/2017/03/wallhaven-84294.jpg</fanart>
</item>

<item>
	<title>Teen Ritmos</title>
	<link>http://edge.music-choice-ac-chaina1.top.comcast.net/AudioChannels/Ch-159/chunklist.m3u8</link>
	<thumbnail>https://cdn1.thr.com/sites/default/files/imagecache/landscape_928x523/2012/02/music-choice-mc_logo.jpg</thumbnail>
	<fanart>http://www.slopemedia.org/wp-content/uploads/2017/03/wallhaven-84294.jpg</fanart>
</item>

<item>
	<title>Today's Country</title>
	<link>http://edge.music-choice-ac-chaina1.top.comcast.net/AudioChannels/Ch-003/chunklist.m3u8</link>
	<thumbnail>https://cdn1.thr.com/sites/default/files/imagecache/landscape_928x523/2012/02/music-choice-mc_logo.jpg</thumbnail>
	<fanart>http://www.slopemedia.org/wp-content/uploads/2017/03/wallhaven-84294.jpg</fanart>
</item>

<item>
	<title>Tropicales</title>
	<link>http://edge.music-choice-ac-chaina1.top.comcast.net/AudioChannels/Ch-025/chunklist.m3u8</link>
	<thumbnail>https://cdn1.thr.com/sites/default/files/imagecache/landscape_928x523/2012/02/music-choice-mc_logo.jpg</thumbnail>
	<fanart>http://www.slopemedia.org/wp-content/uploads/2017/03/wallhaven-84294.jpg</fanart>
</item>

<item>
	<title>Underground Hip Hop</title>
	<link>http://edge.music-choice-ac-chaina1.top.comcast.net/AudioChannels/Ch-149/chunklist.m3u8</link>
	<thumbnail>https://cdn1.thr.com/sites/default/files/imagecache/landscape_928x523/2012/02/music-choice-mc_logo.jpg</thumbnail>
	<fanart>http://www.slopemedia.org/wp-content/uploads/2017/03/wallhaven-84294.jpg</fanart>
</item>

<item>
<name>__________________________________________________________________________</name>
<thumbnail></thumbnail>
<link></link> 
<summary></summary>
</item>

<item>
<name>[COLORyellow]CLASSIC LIST [/COLOR]</name>
<thumbnail></thumbnail>
</item>

<item>
<name>__________________________________________________________________________</name>
<thumbnail></thumbnail>
<link></link> 
<summary></summary>
</item>

<item>
	<title>'70s</title>
	<link>http://edge.music-choice-ac-chaina1.top.comcast.net/AudioChannels/Ch-036/chunklist.m3u8</link>
	<thumbnail>https://cdn1.thr.com/sites/default/files/imagecache/landscape_928x523/2012/02/music-choice-mc_logo.jpg</thumbnail>
	<fanart>http://www.slopemedia.org/wp-content/uploads/2017/03/wallhaven-84294.jpg</fanart>
</item>
<item>
	<title>'80s</title>
	<link>http://edge.music-choice-ac-chaina1.top.comcast.net/AudioChannels/Ch-038/chunklist.m3u8</link>
	<thumbnail>https://cdn1.thr.com/sites/default/files/imagecache/landscape_928x523/2012/02/music-choice-mc_logo.jpg</thumbnail>
	<fanart>http://www.slopemedia.org/wp-content/uploads/2017/03/wallhaven-84294.jpg</fanart>
</item>

<item>
	<title>'90s</title>
	<link>http://edge.music-choice-ac-chaina1.top.comcast.net/AudioChannels/Ch-039/chunklist.m3u8</link>
	<thumbnail>https://cdn1.thr.com/sites/default/files/imagecache/landscape_928x523/2012/02/music-choice-mc_logo.jpg</thumbnail>
	<fanart>http://www.slopemedia.org/wp-content/uploads/2017/03/wallhaven-84294.jpg</fanart>
</item>

<item>
	<title>All Xmas</title>
	<link>http://edge.music-choice-ac-chaina1.top.comcast.net/AudioChannels/Ch-158/chunklist.m3u8</link>
	<thumbnail>https://cdn1.thr.com/sites/default/files/imagecache/landscape_928x523/2012/02/music-choice-mc_logo.jpg</thumbnail>
	<fanart>http://www.slopemedia.org/wp-content/uploads/2017/03/wallhaven-84294.jpg</fanart>
</item>

<item>
	<title>Americana</title>
	<link>http://edge.music-choice-ac-chaina1.top.comcast.net/AudioChannels/Ch-147/chunklist.m3u8</link>
	<thumbnail>https://cdn1.thr.com/sites/default/files/imagecache/landscape_928x523/2012/02/music-choice-mc_logo.jpg</thumbnail>
	<fanart>http://www.slopemedia.org/wp-content/uploads/2017/03/wallhaven-84294.jpg</fanart>
</item>

<item>
	<title>Blue Grass</title>
	<link>http://edge.music-choice-ac-chaina1.top.comcast.net/AudioChannels/Ch-148/chunklist.m3u8</link>
	<thumbnail>https://cdn1.thr.com/sites/default/files/imagecache/landscape_928x523/2012/02/music-choice-mc_logo.jpg</thumbnail>
	<fanart>http://www.slopemedia.org/wp-content/uploads/2017/03/wallhaven-84294.jpg</fanart>
</item>

<item>
	<title>Blues</title>
	<link>http://edge.music-choice-ac-chaina1.top.comcast.net/AudioChannels/Ch-046/chunklist.m3u8</link>
	<thumbnail>https://cdn1.thr.com/sites/default/files/imagecache/landscape_928x523/2012/02/music-choice-mc_logo.jpg</thumbnail>
	<fanart>http://www.slopemedia.org/wp-content/uploads/2017/03/wallhaven-84294.jpg</fanart>
</item>

<item>
	<title>Classic Alternative</title>
	<link>http://edge.music-choice-ac-chaina1.top.comcast.net/AudioChannels/Ch-146/chunklist.m3u8</link>
	<thumbnail>https://cdn1.thr.com/sites/default/files/imagecache/landscape_928x523/2012/02/music-choice-mc_logo.jpg</thumbnail>
	<fanart>http://www.slopemedia.org/wp-content/uploads/2017/03/wallhaven-84294.jpg</fanart>
</item>

<item>
	<title>Classic Country</title>
	<link>http://edge.music-choice-ac-chaina1.top.comcast.net/AudioChannels/Ch-027/chunklist.m3u8</link>
	<thumbnail>https://cdn1.thr.com/sites/default/files/imagecache/landscape_928x523/2012/02/music-choice-mc_logo.jpg</thumbnail>
	<fanart>http://www.slopemedia.org/wp-content/uploads/2017/03/wallhaven-84294.jpg</fanart>
</item>

<item>
	<title>Classic Metal</title>
	<link>http://edge.music-choice-ac-chaina1.top.comcast.net/AudioChannels/Ch-153/chunklist.m3u8</link>
	<thumbnail>https://cdn1.thr.com/sites/default/files/imagecache/landscape_928x523/2012/02/music-choice-mc_logo.jpg</thumbnail>
	<fanart>http://www.slopemedia.org/wp-content/uploads/2017/03/wallhaven-84294.jpg</fanart>
</item>

<item>
	<title>Classic Rock</title>
	<link>http://edge.music-choice-ac-chaina1.top.comcast.net/AudioChannels/Ch-006/chunklist.m3u8</link>
	<thumbnail>https://cdn1.thr.com/sites/default/files/imagecache/landscape_928x523/2012/02/music-choice-mc_logo.jpg</thumbnail>
	<fanart>http://www.slopemedia.org/wp-content/uploads/2017/03/wallhaven-84294.jpg</fanart>
</item>

<item>
	<title>Classical Masterpieces</title>
	<link>http://edge.music-choice-ac-chaina1.top.comcast.net/AudioChannels/Ch-017/chunklist.m3u8</link>
	<thumbnail>https://cdn1.thr.com/sites/default/files/imagecache/landscape_928x523/2012/02/music-choice-mc_logo.jpg</thumbnail>
	<fanart>http://www.slopemedia.org/wp-content/uploads/2017/03/wallhaven-84294.jpg</fanart>
</item>

<item>
	<title>Country Hits</title>
	<link>http://edge.music-choice-ac-chaina1.top.comcast.net/AudioChannels/Ch-040/chunklist.m3u8</link>
	<thumbnail>https://cdn1.thr.com/sites/default/files/imagecache/landscape_928x523/2012/02/music-choice-mc_logo.jpg</thumbnail>
	<fanart>http://www.slopemedia.org/wp-content/uploads/2017/03/wallhaven-84294.jpg</fanart>
</item>

<item>
	<title>easy-listening</title>
	<link>http://edge.music-choice-ac-chaina1.top.comcast.net/AudioChannels/Ch-009/chunklist.m3u8</link>
	<thumbnail>https://cdn1.thr.com/sites/default/files/imagecache/landscape_928x523/2012/02/music-choice-mc_logo.jpg</thumbnail>
	<fanart>http://www.slopemedia.org/wp-content/uploads/2017/03/wallhaven-84294.jpg</fanart>
</item>

<item>
	<title>Emo X Screamo</title>
	<link>http://edge.music-choice-ac-chaina1.top.comcast.net/AudioChannels/Ch-164/chunklist.m3u8</link>
	<thumbnail>https://cdn1.thr.com/sites/default/files/imagecache/landscape_928x523/2012/02/music-choice-mc_logo.jpg</thumbnail>
	<fanart>http://www.slopemedia.org/wp-content/uploads/2017/03/wallhaven-84294.jpg</fanart>
</item>

<item>
	<title>funk</title>
	<link>http://edge.music-choice-ac-chaina1.top.comcast.net/AudioChannels/Ch-161/chunklist.m3u8</link>
	<thumbnail>https://cdn1.thr.com/sites/default/files/imagecache/landscape_928x523/2012/02/music-choice-mc_logo.jpg</thumbnail>
	<fanart>http://www.slopemedia.org/wp-content/uploads/2017/03/wallhaven-84294.jpg</fanart>
</item>

<item>
	<title>Gospel</title>
	<link></link>
	<thumbnail>https://cdn1.thr.com/sites/default/files/imagecache/landscape_928x523/2012/02/music-choice-mc_logo.jpg</thumbnail>
	<fanart>http://www.slopemedia.org/wp-content/uploads/2017/03/wallhaven-84294.jpg</fanart>
</item>

<item>
	<title>Hip Hop Classics</title>
	<link>http://edge.music-choice-ac-chaina1.top.comcast.net/AudioChannels/Ch-019/chunklist.m3u8</link>
	<thumbnail>https://cdn1.thr.com/sites/default/files/imagecache/landscape_928x523/2012/02/music-choice-mc_logo.jpg</thumbnail>
	<fanart>http://www.slopemedia.org/wp-content/uploads/2017/03/wallhaven-84294.jpg</fanart>
</item>

<item>
	<title>Jazz</title>
	<link>http://edge.music-choice-ac-chaina1.top.comcast.net/AudioChannels/Ch-012/chunklist.m3u8</link>
	<thumbnail>https://cdn1.thr.com/sites/default/files/imagecache/landscape_928x523/2012/02/music-choice-mc_logo.jpg</thumbnail>
	<fanart>http://www.slopemedia.org/wp-content/uploads/2017/03/wallhaven-84294.jpg</fanart>
</item>

<item>
	<title>Light Classical</title>
	<link>http://edge.music-choice-ac-chaina1.top.comcast.net/AudioChannels/Ch-008/chunklist.m3u8</link>
	<thumbnail>https://cdn1.thr.com/sites/default/files/imagecache/landscape_928x523/2012/02/music-choice-mc_logo.jpg</thumbnail>
	<fanart>http://www.slopemedia.org/wp-content/uploads/2017/03/wallhaven-84294.jpg</fanart>
</item>

<item>
	<title>New Wave</title>
	<link>http://edge.music-choice-ac-chaina1.top.comcast.net/AudioChannels/Ch-166/chunklist.m3u8</link>
	<thumbnail>https://cdn1.thr.com/sites/default/files/imagecache/landscape_928x523/2012/02/music-choice-mc_logo.jpg</thumbnail>
	<fanart>http://www.slopemedia.org/wp-content/uploads/2017/03/wallhaven-84294.jpg</fanart>
</item>

<item>
	<title>Opera</title>
	<link>http://edge.music-choice-ac-chaina1.top.comcast.net/AudioChannels/Ch-167/chunklist.m3u8</link>
	<thumbnail>https://cdn1.thr.com/sites/default/files/imagecache/landscape_928x523/2012/02/music-choice-mc_logo.jpg</thumbnail>
	<fanart>http://www.slopemedia.org/wp-content/uploads/2017/03/wallhaven-84294.jpg</fanart>
</item>

<item>
	<title>Punk</title>
	<link>http://edge.music-choice-ac-chaina1.top.comcast.net/AudioChannels/Ch-152/chunklist.m3u8</link>
	<thumbnail>https://cdn1.thr.com/sites/default/files/imagecache/landscape_928x523/2012/02/music-choice-mc_logo.jpg</thumbnail>
	<fanart>http://www.slopemedia.org/wp-content/uploads/2017/03/wallhaven-84294.jpg</fanart>
</item>

<item>
	<title>R&B Classics</title>
	<link>http://edge.music-choice-ac-chaina1.top.comcast.net/AudioChannels/Ch-043/chunklist.m3u8</link>
	<thumbnail>https://cdn1.thr.com/sites/default/files/imagecache/landscape_928x523/2012/02/music-choice-mc_logo.jpg</thumbnail>
	<fanart>http://www.slopemedia.org/wp-content/uploads/2017/03/wallhaven-84294.jpg</fanart>
</item>

<item>
	<title>Rock Hits</title>
	<link>http://edge.music-choice-ac-chaina1.top.comcast.net/AudioChannels/Ch-035/chunklist.m3u8</link>
	<thumbnail>https://cdn1.thr.com/sites/default/files/imagecache/landscape_928x523/2012/02/music-choice-mc_logo.jpg</thumbnail>
	<fanart>http://www.slopemedia.org/wp-content/uploads/2017/03/wallhaven-84294.jpg</fanart>
</item>

<item>
	<title>Romances</title>
	<link>http://edge.music-choice-ac-chaina1.top.comcast.net/AudioChannels/Ch-031/chunklist.m3u8</link>
	<thumbnail>https://cdn1.thr.com/sites/default/files/imagecache/landscape_928x523/2012/02/music-choice-mc_logo.jpg</thumbnail>
	<fanart>http://www.slopemedia.org/wp-content/uploads/2017/03/wallhaven-84294.jpg</fanart>
</item>

<item>
	<title>Singers & Swing</title>
	<link>hhttp://edge.music-choice-ac-chaina1.top.comcast.net/AudioChannels/Ch-018/chunklist.m3u8</link>
	<thumbnail>https://cdn1.thr.com/sites/default/files/imagecache/landscape_928x523/2012/02/music-choice-mc_logo.jpg</thumbnail>
	<fanart>http://www.slopemedia.org/wp-content/uploads/2017/03/wallhaven-84294.jpg</fanart>
</item>

<item>
	<title>Solid Gold Oldies</title>
	<link>http://edge.music-choice-ac-chaina1.top.comcast.net/AudioChannels/Ch-004/chunklist.m3u8</link>
	<thumbnail>https://cdn1.thr.com/sites/default/files/imagecache/landscape_928x523/2012/02/music-choice-mc_logo.jpg</thumbnail>
	<fanart>http://www.slopemedia.org/wp-content/uploads/2017/03/wallhaven-84294.jpg</fanart>
</item>

<item>
	<title>Soundscapes</title>
	<link>http://edge.music-choice-ac-chaina1.top.comcast.net/AudioChannels/Ch-045/chunklist.m3u8</link>
	<thumbnail>https://cdn1.thr.com/sites/default/files/imagecache/landscape_928x523/2012/02/music-choice-mc_logo.jpg</thumbnail>
	<fanart>http://www.slopemedia.org/wp-content/uploads/2017/03/wallhaven-84294.jpg</fanart>
</item>

<item>
	<title>Stage & Screen</title>
	<link>http://edge.music-choice-ac-chaina1.top.comcast.net/AudioChannels/Ch-028/chunklist.m3u8</link>
	<thumbnail>https://cdn1.thr.com/sites/default/files/imagecache/landscape_928x523/2012/02/music-choice-mc_logo.jpg</thumbnail>
	<fanart>http://www.slopemedia.org/wp-content/uploads/2017/03/wallhaven-84294.jpg</fanart>
</item>

<item>
	<title>Throwback Jamz</title>
	<link>http://edge.music-choice-ac-chaina1.top.comcast.net/AudioChannels/Ch-042/chunklist.m3u8</link>
	<thumbnail>https://cdn1.thr.com/sites/default/files/imagecache/landscape_928x523/2012/02/music-choice-mc_logo.jpg</thumbnail>
	<fanart>http://www.slopemedia.org/wp-content/uploads/2017/03/wallhaven-84294.jpg</fanart>
</item>

<item>
	<title>Y2K</title>
	<link>http://edge.music-choice-ac-chaina1.top.comcast.net/AudioChannels/Ch-048/chunklist.m3u8</link>
	<thumbnail>https://cdn1.thr.com/sites/default/files/imagecache/landscape_928x523/2012/02/music-choice-mc_logo.jpg</thumbnail>
	<fanart>http://www.slopemedia.org/wp-content/uploads/2017/03/wallhaven-84294.jpg</fanart>
</item>

<item>
<name>____________________________________________________________________</name>
<thumbnail></thumbnail>
<link></link> 
<summary></summary>
</item>

<item>
<name>[COLORyellow]KIDS LIST [/COLOR]</name>
<thumbnail></thumbnail>
</item>

<item>
<name>_____________________________________________________________________</name>
<thumbnail></thumbnail>
<link></link> 
<summary></summary>
</item>

<item>
	<title>Kids Movie Soundtracks</title>
	<link>http://edge.music-choice-ac-chaina1.top.comcast.net/AudioChannels/Ch-160/chunklist.m3u8</link>
	<thumbnail>https://cdn1.thr.com/sites/default/files/imagecache/landscape_928x523/2012/02/music-choice-mc_logo.jpg</thumbnail>
	<fanart>http://www.slopemedia.org/wp-content/uploads/2017/03/wallhaven-84294.jpg</fanart>
</item>

<item>
	<title>Kidz Only</title>
	<link>http://edge.music-choice-ac-chaina1.top.comcast.net/AudioChannels/Ch-021/chunklist.m3u8</link>
	<thumbnail>https://cdn1.thr.com/sites/default/files/imagecache/landscape_928x523/2012/02/music-choice-mc_logo.jpg</thumbnail>
	<fanart>http://www.slopemedia.org/wp-content/uploads/2017/03/wallhaven-84294.jpg</fanart>
</item>

<item>
	<title>Toddler Tunes</title>
	<link>http://edge.music-choice-ac-chaina1.top.comcast.net/AudioChannels/Ch-020/chunklist.m3u8</link>
	<thumbnail>https://cdn1.thr.com/sites/default/files/imagecache/landscape_928x523/2012/02/music-choice-mc_logo.jpg</thumbnail>
	<fanart>http://www.slopemedia.org/wp-content/uploads/2017/03/wallhaven-84294.jpg</fanart>
</item>