<item>
	<title>[COLOR=white]Green Lantern Corps[/COLOR]</title>
	<meta>
	<imdb>tt4120636</imdb>
	<content>movie</content>
	<title>Green Lantern Corps</title>
	<year>2020</year>
	</meta>
	<link>
	<sublink>search</sublink>
	<sublink>searchsd</sublink>
	</link>
	<thumbnail>https://image.tmdb.org/t/p/w1280/qtMjHsEyD2sck9748PaUwthW8JR.jpg</thumbnail>
	<fanart>https://image.tmdb.org/t/p/w1280/UJ8KVc7Qqy4t95ATlYzdGaUILn.jpg</fanart>
</item>
<item>
	<title>[COLOR=white]Cyborg[/COLOR]</title>
	<meta>
	<imdb>tt4123436</imdb>
	<content>movie</content>
	<title>Cyborg</title>
	<year>2020</year>
	</meta>
	<link>
	<sublink>search</sublink>
	<sublink>searchsd</sublink>
	</link>
	<thumbnail>https://image.tmdb.org/t/p/w1280/3qHZNA1hHAb3ySMlFB90susKwPT.jpg</thumbnail>
	<fanart>https://image.tmdb.org/t/p/w1280/wzGiqDNBFzSnqIdpaMzVQm758j0.jpg</fanart>
</item>
<item>
	<title>[COLOR=white]Shazam![/COLOR]</title>
	<meta>
	<imdb>tt0448115</imdb>
	<content>movie</content>
	<title>Shazam!</title>
	<year>2019</year>
	</meta>
	<link>
	<sublink>search</sublink>
	<sublink>searchsd</sublink>
	</link>
	<thumbnail>https://image.tmdb.org/t/p/w1280/gGfsj3VW3qAtCdFjs7qa5fHc8aD.jpg</thumbnail>
	<fanart>https://image.tmdb.org/t/p/w1280/oVRl8WMCD4vJiIrlHu2YUjz6CAx.jpg</fanart>
</item>
<item>
	<title>[COLOR=white]Aquaman[/COLOR]</title>
	<meta>
	<imdb>tt1477834</imdb>
	<content>movie</content>
	<title>Aquaman</title>
	<year>2018</year>
	</meta>
	<link>
	<sublink>search</sublink>
	<sublink>searchsd</sublink>
	</link>
	<thumbnail>https://image.tmdb.org/t/p/w1280/ydUpl3QkVUCHCq1VWvo2rW4Sf7y.jpg</thumbnail>
	<fanart>https://image.tmdb.org/t/p/w1280/5A2bMlLfJrAfX9bqAibOL2gCruF.jpg</fanart>
</item>
<item>
	<title>[COLOR=white]Justice League[/COLOR]</title>
	<meta>
	<imdb>tt0974015</imdb>
	<content>movie</content>
	<title>Justice League</title>
	<year>2017</year>
	</meta>
	<link>
	<sublink>search</sublink>
	<sublink>searchsd</sublink>
	</link>
	<thumbnail>https://image.tmdb.org/t/p/w1280/eifGNCSDuxJeS1loAXil5bIGgvC.jpg</thumbnail>
	<fanart>https://image.tmdb.org/t/p/w1280/o5T8rZxoWSBMYwjsUFUqTt6uMQB.jpg</fanart>
</item>
<item>
	<title>[COLOR=white]Wonder Woman[/COLOR]</title>
	<meta>
	<imdb>tt0451279</imdb>
	<content>movie</content>
	<title>Wonder Woman</title>
	<year>2017</year>
	</meta>
	<link>
	<sublink>search</sublink>
	<sublink>searchsd</sublink>
	</link>
	<thumbnail>https://image.tmdb.org/t/p/w1280/imekS7f1OuHyUP2LAiTEM0zBzUz.jpg</thumbnail>
	<fanart>https://image.tmdb.org/t/p/w1280/6iUNJZymJBMXXriQyFZfLAKnjO6.jpg</fanart>
</item>
<item>
	<title>[COLOR=white]Suicide Squad[/COLOR]</title>
	<meta>
	<imdb>tt1386697</imdb>
	<content>movie</content>
	<title>Suicide Squad</title>
	<year>2016</year>
	</meta>
	<link>
	<sublink>search</sublink>
	<sublink>searchsd</sublink>
	</link>
	<thumbnail>https://image.tmdb.org/t/p/w1280/e1mjopzAS2KNsvpbpahQ1a6SkSn.jpg</thumbnail>
	<fanart>https://image.tmdb.org/t/p/w1280/ndlQ2Cuc3cjTL7lTynw6I4boP4S.jpg</fanart>
</item>
<item>
	<title>[COLOR=white]Batman v Superman: Dawn of Justice[/COLOR]</title>
	<meta>
	<imdb>tt2975590</imdb>
	<content>movie</content>
	<title>Batman v Superman: Dawn of Justice</title>
	<year>2016</year>
	</meta>
	<link>
	<sublink>search</sublink>
	<sublink>searchsd</sublink>
	</link>
	<thumbnail>https://image.tmdb.org/t/p/w1280/cGOPbv9wA5gEejkUN892JrveARt.jpg</thumbnail>
	<fanart>https://image.tmdb.org/t/p/w1280/vsjBeMPZtyB7yNsYY56XYxifaQZ.jpg</fanart>
</item>
<item>
	<title>[COLOR=white]Man of Steel[/COLOR]</title>
	<meta>
	<imdb>tt0770828</imdb>
	<content>movie</content>
	<title>Man of Steel</title>
	<year>2013</year>
	</meta>
	<link>
	<sublink>search</sublink>
	<sublink>searchsd</sublink>
	</link>
	<thumbnail>https://image.tmdb.org/t/p/w1280/xWlaTLnD8NJMTT9PGOD9z5re1SL.jpg</thumbnail>
	<fanart>https://image.tmdb.org/t/p/w1280/jYLh4mdOqkt30i7LTFs3o02UcGF.jpg</fanart>
</item>
<item>
	<title>[COLOR=white]The Dark Knight Rises[/COLOR]</title>
	<meta>
	<imdb>tt1345836</imdb>
	<content>movie</content>
	<title>The Dark Knight Rises</title>
	<year>2012</year>
	</meta>
	<link>
	<sublink>search</sublink>
	<sublink>searchsd</sublink>
	</link>
	<thumbnail>https://image.tmdb.org/t/p/w1280/dEYnvnUfXrqvqeRSqvIEtmzhoA8.jpg</thumbnail>
	<fanart>https://image.tmdb.org/t/p/w1280/f6ljQGv7WnJuwBPty017oPWfqjx.jpg</fanart>
</item>
<item>
	<title>[COLOR=white]Green Lantern[/COLOR]</title>
	<meta>
	<imdb>tt1133985</imdb>
	<content>movie</content>
	<title>Green Lantern</title>
	<year>2011</year>
	</meta>
	<link>
	<sublink>search</sublink>
	<sublink>searchsd</sublink>
	</link>
	<thumbnail>https://image.tmdb.org/t/p/w1280/zUSEYp9G7Hk9GZIfbPoOiSHvwHV.jpg</thumbnail>
	<fanart>https://image.tmdb.org/t/p/w1280/gulyiqtyuzFRJCnvNwD6Z786kQi.jpg</fanart>
</item>
<item>
	<title>[COLOR=white]Jonah Hex[/COLOR]</title>
	<meta>
	<imdb>tt1075747</imdb>
	<content>movie</content>
	<title>Jonah Hex</title>
	<year>2010</year>
	</meta>
	<link>
	<sublink>search</sublink>
	<sublink>searchsd</sublink>
	</link>
	<thumbnail>https://image.tmdb.org/t/p/w1280/fhpl0NYcwQ8oUmur30L0ANOay4L.jpg</thumbnail>
	<fanart>https://image.tmdb.org/t/p/w1280/igIZS6AiZl06faj2qpkcIhvJPoH.jpg</fanart>
</item>
<item>
	<title>[COLOR=white]Watchmen[/COLOR]</title>
	<meta>
	<imdb>tt0409459</imdb>
	<content>movie</content>
	<title>Watchmen</title>
	<year>2009</year>
	</meta>
	<link>
	<sublink>search</sublink>
	<sublink>searchsd</sublink>
	</link>
	<thumbnail>https://image.tmdb.org/t/p/w1280/1QqwJBv5a6ddgzaT6cLytJioyrJ.jpg</thumbnail>
	<fanart>https://image.tmdb.org/t/p/w1280/ok6Ws65nDSLAIKkKgIjqyM5OGCc.jpg</fanart>
</item>
<item>
	<title>[COLOR=white]The Dark Knight[/COLOR]</title>
	<meta>
	<imdb>tt0468569</imdb>
	<content>movie</content>
	<title>The Dark Knight</title>
	<year>2008</year>
	</meta>
	<link>
	<sublink>search</sublink>
	<sublink>searchsd</sublink>
	</link>
	<thumbnail>https://image.tmdb.org/t/p/w1280/1hRoyzDtpgMU7Dz4JF22RANzQO7.jpg</thumbnail>
	<fanart>https://image.tmdb.org/t/p/w1280/hqkIcbrOHL86UncnHIsHVcVmzue.jpg</fanart>
</item>
<item>
	<title>[COLOR=white]Superman Returns[/COLOR]</title>
	<meta>
	<imdb>tt0348150</imdb>
	<content>movie</content>
	<title>Superman Returns</title>
	<year>2006</year>
	</meta>
	<link>
	<sublink>search</sublink>
	<sublink>searchsd</sublink>
	</link>
	<thumbnail>https://image.tmdb.org/t/p/w1280/e3aLTaD5ppxo3en0GAGceekEPAe.jpg</thumbnail>
	<fanart>https://image.tmdb.org/t/p/w1280/pkX4ytzAXswpMhea0JKxgA5Vmqo.jpg</fanart>
</item>
<item>
	<title>[COLOR=white]Batman Begins[/COLOR]</title>
	<meta>
	<imdb>tt0372784</imdb>
	<content>movie</content>
	<title>Batman Begins</title>
	<year>2005</year>
	</meta>
	<link>
	<sublink>search</sublink>
	<sublink>searchsd</sublink>
	</link>
	<thumbnail>https://image.tmdb.org/t/p/w1280/dr6x4GyyegBWtinPBzipY02J2lV.jpg</thumbnail>
	<fanart>https://image.tmdb.org/t/p/w1280/65JWXDCAfwHhJKnDwRnEgVB411X.jpg</fanart>
</item>
<item>
	<title>[COLOR=white]Catwoman[/COLOR]</title>
	<meta>
	<imdb>tt0327554</imdb>
	<content>movie</content>
	<title>Catwoman</title>
	<year>2004</year>
	</meta>
	<link>
	<sublink>search</sublink>
	<sublink>searchsd</sublink>
	</link>
	<thumbnail>https://image.tmdb.org/t/p/w1280/3E1XPZ2lZmL4lJV1KSUi1jaSx3w.jpg</thumbnail>
	<fanart>https://image.tmdb.org/t/p/w1280/3ErftAMzVP4btJhbrd5H8FvIHRb.jpg</fanart>
</item>
<item>
	<title>[COLOR=white]Steel[/COLOR]</title>
	<meta>
	<imdb>tt0120207</imdb>
	<content>movie</content>
	<title>Steel</title>
	<year>1997</year>
	</meta>
	<link>
	<sublink>search</sublink>
	<sublink>searchsd</sublink>
	</link>
	<thumbnail>https://image.tmdb.org/t/p/w1280/hbH8oXJZPwcYxaa1JrUMq4ogg7G.jpg</thumbnail>
	<fanart>https://image.tmdb.org/t/p/w1280/1AHxHB4K7snqeOPTmFPH0YBUM9.jpg</fanart>
</item>
<item>
	<title>[COLOR=white]Batman & Robin[/COLOR]</title>
	<meta>
	<imdb>tt0118688</imdb>
	<content>movie</content>
	<title>Batman & Robin</title>
	<year>1997</year>
	</meta>
	<link>
	<sublink>search</sublink>
	<sublink>searchsd</sublink>
	</link>
	<thumbnail>https://image.tmdb.org/t/p/w1280/79AYCcxw3kSKbhGpx1LiqaCAbwo.jpg</thumbnail>
	<fanart>https://image.tmdb.org/t/p/w1280/39jbxGwfR4wHBV7apo3JiNdHDHq.jpg</fanart>
</item>
<item>
	<title>[COLOR=white]Batman Forever[/COLOR]</title>
	<meta>
	<imdb>tt0112462</imdb>
	<content>movie</content>
	<title>Batman Forever</title>
	<year>1995</year>
	</meta>
	<link>
	<sublink>search</sublink>
	<sublink>searchsd</sublink>
	</link>
	<thumbnail>https://image.tmdb.org/t/p/w1280/eTMrHEhlFPHNxpqGwpGGTdAa0xV.jpg</thumbnail>
	<fanart>https://image.tmdb.org/t/p/w1280/bbaiw9VmrHXY3mhCDpj5XB2I5We.jpg</fanart>
</item>
<item>
	<title>[COLOR=white]Batman Returns[/COLOR]</title>
	<meta>
	<imdb>tt0103776</imdb>
	<content>movie</content>
	<title>Batman Returns</title>
	<year>1992</year>
	</meta>
	<link>
	<sublink>search</sublink>
	<sublink>searchsd</sublink>
	</link>
	<thumbnail>https://image.tmdb.org/t/p/w1280/jX5THE1yW3zTdeD9dupcIyQvKiG.jpg</thumbnail>
	<fanart>https://image.tmdb.org/t/p/w1280/reQewz6KndV7Js2mfLfaaX8Rj0T.jpg</fanart>
</item>
<item>
	<title>[COLOR=white]Batman[/COLOR]</title>
	<meta>
	<imdb>tt0096895</imdb>
	<content>movie</content>
	<title>Batman</title>
	<year>1989</year>
	</meta>
	<link>
	<sublink>search</sublink>
	<sublink>searchsd</sublink>
	</link>
	<thumbnail>https://image.tmdb.org/t/p/w1280/kBf3g9crrADGMc2AMAMlLBgSm2h.jpg</thumbnail>
	<fanart>https://image.tmdb.org/t/p/w1280/2blmxp2pr4BhwQr74AdCfwgfMOb.jpg</fanart>
</item>
<item>
	<title>[COLOR=white]The Return of Swamp Thing[/COLOR]</title>
	<meta>
	<imdb>tt0098193</imdb>
	<content>movie</content>
	<title>The Return of Swamp Thing</title>
	<year>1989</year>
	</meta>
	<link>
	<sublink>search</sublink>
	<sublink>searchsd</sublink>
	</link>
	<thumbnail>https://image.tmdb.org/t/p/w1280/vnNllnRQVJYBCysZXYNLnzF7p1k.jpg</thumbnail>
	<fanart>https://image.tmdb.org/t/p/w1280/891lHQr4gxxiVakhg08Urf0TYx7.jpg</fanart>
</item>
<item>
	<title>[COLOR=white]Superman IV: The Quest for Peace[/COLOR]</title>
	<meta>
	<imdb>tt0094074</imdb>
	<content>movie</content>
	<title>Superman IV: The Quest for Peace</title>
	<year>1987</year>
	</meta>
	<link>
	<sublink>search</sublink>
	<sublink>searchsd</sublink>
	</link>
	<thumbnail>https://image.tmdb.org/t/p/w1280/q1P6UHWdrtZNkmdnoprV0ILfLlr.jpg</thumbnail>
	<fanart>https://image.tmdb.org/t/p/w1280/5VdpO1zWqritRhZnulbbhprBatW.jpg</fanart>
</item>
<item>
	<title>[COLOR=white]Supergirl[/COLOR]</title>
	<meta>
	<imdb>tt0088206</imdb>
	<content>movie</content>
	<title>Supergirl</title>
	<year>1984</year>
	</meta>
	<link>
	<sublink>search</sublink>
	<sublink>searchsd</sublink>
	</link>
	<thumbnail>https://image.tmdb.org/t/p/w1280/d1aLbq1pU3NQyJehHnwx3NlOTOq.jpg</thumbnail>
	<fanart>https://image.tmdb.org/t/p/w1280/kqmt4fOCNZPOVwjiG8q93oaH70X.jpg</fanart>
</item>
<item>
	<title>[COLOR=white]Superman III[/COLOR]</title>
	<meta>
	<imdb>tt0086393</imdb>
	<content>movie</content>
	<title>Superman III</title>
	<year>1983</year>
	</meta>
	<link>
	<sublink>search</sublink>
	<sublink>searchsd</sublink>
	</link>
	<thumbnail>https://image.tmdb.org/t/p/w1280/pDjfBk3YkdvRK2VERvoHaXJdNxF.jpg</thumbnail>
	<fanart>https://image.tmdb.org/t/p/w1280/pkqkxX7tkN0QLBtOYzugtBqyu0C.jpg</fanart>
</item>
<item>
	<title>[COLOR=white]Swamp Thing[/COLOR]</title>
	<meta>
	<imdb>tt0084745</imdb>
	<content>movie</content>
	<title>Swamp Thing</title>
	<year>1982</year>
	</meta>
	<link>
	<sublink>search</sublink>
	<sublink>searchsd</sublink>
	</link>
	<thumbnail>https://image.tmdb.org/t/p/w1280/MQG0XuWjfdsPm9upD5aZ0atMAx.jpg</thumbnail>
	<fanart>https://image.tmdb.org/t/p/w1280/bcnajlCha6NzKRSMEGhwHtvBiST.jpg</fanart>
</item>
<item>
	<title>[COLOR=white]Superman II[/COLOR]</title>
	<meta>
	<imdb>tt0081573</imdb>
	<content>movie</content>
	<title>Superman II</title>
	<year>1980</year>
	</meta>
	<link>
	<sublink>search</sublink>
	<sublink>searchsd</sublink>
	</link>
	<thumbnail>https://image.tmdb.org/t/p/w1280/uvxjXSfph2FD07A2jBG9NHJnl27.jpg</thumbnail>
	<fanart>https://image.tmdb.org/t/p/w1280/1d0bPDy0Ud7g7vZ5qnKI6HsduLE.jpg</fanart>
</item>
<item>
	<title>[COLOR=white]Superman[/COLOR]</title>
	<meta>
	<imdb>tt0078346</imdb>
	<content>movie</content>
	<title>Superman</title>
	<year>1978</year>
	</meta>
	<link>
	<sublink>search</sublink>
	<sublink>searchsd</sublink>
	</link>
	<thumbnail>https://image.tmdb.org/t/p/w1280/n2DOECThGG7h7m5AjLi2Nuh23u1.jpg</thumbnail>
	<fanart>https://image.tmdb.org/t/p/w1280/l4BuWj6RT9fG1idYkj6kTNtP50E.jpg</fanart>
</item>
<item>
	<title>[COLOR=white]Batman[/COLOR]</title>
	<meta>
	<imdb>tt0060153</imdb>
	<content>movie</content>
	<title>Batman</title>
	<year>1966</year>
	</meta>
	<link>
	<sublink>search</sublink>
	<sublink>searchsd</sublink>
	</link>
	<thumbnail>https://image.tmdb.org/t/p/w1280/udDVJXtAFsQ8DimrXkVFqy4DGEQ.jpg</thumbnail>
	<fanart>https://image.tmdb.org/t/p/w1280/5gcdof2PKH1emllBdN1VXU706IP.jpg</fanart>
</item>
<item>
	<title>[COLOR=white]Superman and the Mole-Men[/COLOR]</title>
	<meta>
	<imdb>tt0044091</imdb>
	<content>movie</content>
	<title>Superman and the Mole-Men</title>
	<year>1951</year>
	</meta>
	<link>
	<sublink>search</sublink>
	<sublink>searchsd</sublink>
	</link>
	<thumbnail>https://image.tmdb.org/t/p/w1280/8I5g8tKGjRnsga7G7mBoEgByfuX.jpg</thumbnail>
	<fanart>https://image.tmdb.org/t/p/w1280/56Umdl5TSU1kBTp9q9zp37nlCGk.jpg</fanart>
</item>
<item>
	<title>[COLOR=white]Justice League 2[/COLOR]</title>
	<meta>
	<imdb>tt4121026</imdb>
	<content>movie</content>
	<title>Justice League 2</title>
	<year></year>
	</meta>
	<link>
	<sublink>search</sublink>
	<sublink>searchsd</sublink>
	</link>
	<thumbnail>https://image.tmdb.org/t/p/w1280/mFaLzljNFAlTstjiJuGuN0Bxgb4.jpg</thumbnail>
	<fanart>https://image.tmdb.org/t/p/w1280/oHB7XvJmH4mNDkizKGPFoYpnzVm.jpg</fanart>
</item>
