<item>
   <title>testing</title>
   <link>https://rapidgator.net/file/54c2c7ea14dc370aa3b8142c06b6507d/Dog_World.ts.html</link>
   <thumbnail></thumbnail>
   <fanart></fanart>
</item>

<item>
   <title>EvilAngel May 2020 HD SiteRip</title>
   <link>
      <sublink>https://rapidgator.net/file/2cbd100ac43f7a9beba19dc43f0b1c95/AdiraAllureAnalMakesHerSquirt_s01_MickBlue_AdiraAllure_720p.mp4.html([COLOR=gold] s01_MickBlue_AdiraAllure 720p [/COLOR][rapidgator][COLOR=blue] [RD][/COLOR])</sublink>
      <sublink>https://rapidgator.net/file/f198a50fb6f301a29827ec34497cbc71/AdiraAllureInterracialAnalExtreme_s04_IsiahMaxwell_AdiraAllure_720p.mp4.html([COLOR=gold] s04_IsiahMaxwell_AdiraAllure_720p [/COLOR][rapidgator][COLOR=blue] [RD][/COLOR])</sublink>
      <sublink>https://rapidgator.net/file/2f0b7c2771974a263b49faa6a9b402ca/AdrianaChechikSquirtAnalProlapse_s01_AdrianaChechik_ChrisDiamond_720p.mp4.html([COLOR=gold] s01_AdrianaChechik_ChrisDiamond 720p [/COLOR][rapidgator][COLOR=blue] [RD][/COLOR])</sublink>
      <sublink>https://rapidgator.net/file/b831b1615b7fa1e5dfa89c565c7187a8/AgathaMcCartney_s01_AgathaMcCartney_720p.mp4.html([COLOR=gold] s01_AgathaMcCartney_720p [/COLOR][rapidgator][COLOR=blue] [RD][/COLOR])</sublink>
   </link>
   <thumbnail>https://external-content.duckduckgo.com/iu/?u=https%3A%2F%2Fmark.trademarkia.com%2Flogo-images%2Fecho-alpha%2Fevil-angel-77925389.jpg&f=1&nofb=1</thumbnail>
   <fanart>https://pornchil.com/wp-content/uploads/2020/06/EvilAngel-May-2020-HD-SiteRip-1536x822.jpg</fanart>
   <summary>What is Evil Angel?
Welcome to the award winning Evil Angel website, home to the most popular pornstars of today, yesterday and tomorrow in their most extreme and hardcore porn scenes to date. We feature almost 30 years of rough sex videos and hardcore anal porn like you’ve never seen before, and have won countless AVN and XBiz awards including ‘Best Site’ and ‘Best Studio’.
Look for award winning videos like AVN’s most outrageous sex scene with Holly Hendrix and Adriana Chechik. They do everything from ass to mouth sucking, rimjobs, cum swapping and hard sodomy. Also inside is Lana Rhoades’ most extreme scene ever, where she gets spanked, choked and blowbanged before having a squirting orgasm and taking a huge facial.
Also featured are docu-porns like I Am Katrina, and Cam Girls – The Movie, taking you an inside look behind the scenes of Evil Angel pornstars and directors!</summary>
</item>

<item>
   <title>[COLOR gold]Megapack (Direct Links rapidgator.net)[/COLOR]</title>
   <link></link>
   <thumbnail></thumbnail>
   <fanart></fanart>
</item>

<item>
   <title></title>
   <link></link>
   <thumbnail></thumbnail>
   <fanart></fanart>
</item>

<item>
   <title>Kinky Spa DVD Collection</title>
   <link>
      <sublink>https://rapidgator.net/file/1c142d37ef2a53833033f5d2f4fcdb6d/Asian_Nuru_Massage.ts.html([COLOR=gold] Asian_Nuru_Massage 720p [/COLOR][rapidgator][COLOR=blue] [RD][/COLOR])</sublink>
      <sublink>https://rapidgator.net/file/594de00ff6e1ad8e2c9438e1f5a95a90/Asian_Nuru_Massage_03.ts.html([COLOR=gold] Asian_Nuru_Massage_03_720p [/COLOR][rapidgator][COLOR=blue] [RD][/COLOR])</sublink>
      <sublink>https://rapidgator.net/file/ea35022c7b57243af698941cf3596e78/Asian_Nuru_Massage_2.ts.html([COLOR=gold] Asian_Nuru_Massage_2 720p [/COLOR][rapidgator][COLOR=blue] [RD][/COLOR])</sublink>
      <sublink>https://rapidgator.net/file/b06b29bd768b6e19e76e274d029cdad3/Busty_Milf_Massage.ts.html([COLOR=gold] Busty_Milf_Massage_720p [/COLOR][rapidgator][COLOR=blue] [RD][/COLOR])</sublink>
      <sublink>https://rapidgator.net/file/6430d52512f1bfcec546f8b94873def5/Interracial_Latina_Massage.ts.html([COLOR=gold] Interracial_Latina_Massage 720p [/COLOR][rapidgator][COLOR=blue] [RD][/COLOR])</sublink>
      <sublink>https://rapidgator.net/file/08eb6a226ef9acf9ad9d1290f73960c1/Interracial_Latina_Massage_2.ts.html([COLOR=gold] Interracial_Latina_Massage_2_720p [/COLOR][rapidgator][COLOR=blue] [RD][/COLOR])</sublink>
      <sublink>https://rapidgator.net/file/79719b186c11705bd45ce3e47f069b46/Interracial_MILF_Massage.ts.html([COLOR=gold] Interracial_MILF_Massage 720p [/COLOR][rapidgator][COLOR=blue] [RD][/COLOR])</sublink>
      <sublink>https://rapidgator.net/file/e5c3970dea6dd77c5b125cd174592c0d/Latina_Massage.ts.html([COLOR=gold] Latina_Massage_720p [/COLOR][rapidgator][COLOR=blue] [RD][/COLOR])</sublink>
      <sublink>https://rapidgator.net/file/51e18391596355f7108fa3cd4a417cc8/Massage_Seductions.ts.html([COLOR=gold] Massage_Seductions_720p [/COLOR][rapidgator][COLOR=blue] [RD][/COLOR])</sublink>
      <sublink>https://rapidgator.net/file/03e8766e8a0fc85a47a6c8f39f874978/Massage_Seductions_02.ts.html([COLOR=gold] Massage_Seductions_02_720p [/COLOR][rapidgator][COLOR=blue] [RD][/COLOR])</sublink>
      <sublink>https://rapidgator.net/file/234495dac63b08eb88448fc2d6934ed2/Milf_Massage_Therapy.ts.html([COLOR=gold] Milf_Massage_Therapy_720p [/COLOR][rapidgator][COLOR=blue] [RD][/COLOR])</sublink>
      <sublink>https://rapidgator.net/file/14d8c26be6ff9786bfee084e646db143/My_Black_Masseur_1.ts.html([COLOR=gold] My_Black_Masseur_1_720p [/COLOR][rapidgator][COLOR=blue] [RD][/COLOR])</sublink>
      <sublink>https://rapidgator.net/file/74063765bab96fa01a0f6a2a500105cf/My_Black_Masseur_2.ts.html([COLOR=gold] My_Black_Masseur_2_720p [/COLOR][rapidgator][COLOR=blue] [RD][/COLOR])</sublink>
      <sublink>https://rapidgator.net/file/3c9b6b3d6d42624c3757a57e4024f046/My_White_Masseur.ts.html([COLOR=gold] My_White_Masseur_720p [/COLOR][rapidgator][COLOR=blue] [RD][/COLOR])</sublink>
      <sublink>https://rapidgator.net/file/0dfa4ac3fc06e67457d73b7ff17482e9/Naughty_Teen_Rubdowns.ts.html([COLOR=gold] Naughty_Teen_Rubdowns_720p [/COLOR][rapidgator][COLOR=blue] [RD][/COLOR])</sublink>
      <sublink>https://rapidgator.net/file/25831d1d55a1a76993ad3aed197bf01d/Teens_Massage_BBC.ts.html([COLOR=gold] Teens_Massage_BBC_720p [/COLOR][rapidgator][COLOR=blue] [RD][/COLOR])</sublink>
   </link>
   <thumbnail>https://t42.pixhost.to/thumbs/401/149804969_cover_187339_front.jpg</thumbnail>
   <fanart>https://t42.pixhost.to/thumbs/401/149804969_cover_187339_front.jpg</fanart>
   <summary>Collection Of 16 DVD’s From Kinky Spa
Resolution:1080P
Size:56 GB
DVD’S:16</summary>
</item>