<xml>
<boss>
<item>
	<title>[COLOR=white]101 Dalmatians[/COLOR]</title>
	<meta>
	<imdb>tt0115433</imdb>
	<content>movie</content>
	<title>101 Dalmatians</title>
	<year>1996</year>
	</meta>
	<link>
	<sublink>search</sublink>
	<sublink>searchsd</sublink>
	</link>
	<thumbnail>https://image.tmdb.org/t/p/w1280/54SKV7ALfiVGJBzoStGTLYkRZEM.jpg</thumbnail>
	<fanart>https://image.tmdb.org/t/p/w1280/4CcoF2VSW6GD21DGbmpxWMWafaE.jpg</fanart>
</item>
<item>
	<title>[COLOR=white]A Bug's Life[/COLOR]</title>
	<meta>
	<imdb>tt0120623</imdb>
	<content>movie</content>
	<title>A Bug's Life</title>
	<year>1998</year>
	</meta>
	<link>
	<sublink>search</sublink>
	<sublink>searchsd</sublink>
	</link>
	<thumbnail>https://image.tmdb.org/t/p/w1280/u9qGMRwcPwP0WETxulS5hKUsEum.jpg</thumbnail>
	<fanart>https://image.tmdb.org/t/p/w1280/bHMHpXNjeKRxcjWcpbIAD5f0aIK.jpg</fanart>
</item>
<item>
	<title>[COLOR=white]Aladdin[/COLOR]</title>
	<meta>
	<imdb>tt0103639</imdb>
	<content>movie</content>
	<title>Aladdin</title>
	<year>1992</year>
	</meta>
	<link>
	<sublink>search</sublink>
	<sublink>searchsd</sublink>
	</link>
	<thumbnail>https://image.tmdb.org/t/p/w1280/7f53XAE4nPiGe9XprpGAeWHuKPw.jpg</thumbnail>
	<fanart>https://image.tmdb.org/t/p/w1280/toPEmFIckgRSPd40g6OLv3LWPtp.jpg</fanart>
</item>
<item>
	<title>[COLOR=white]Alice in Wonderland[/COLOR]</title>
	<meta>
	<imdb>tt1014759</imdb>
	<content>movie</content>
	<title>Alice in Wonderland</title>
	<year>2010</year>
	</meta>
	<link>
	<sublink>search</sublink>
	<sublink>searchsd</sublink>
	</link>
	<thumbnail>https://image.tmdb.org/t/p/w1280/pvEE5EN5N1yjmHmldfL4aJWm56l.jpg</thumbnail>
	<fanart>https://image.tmdb.org/t/p/w1280/aBCjJWQkEsn3Y3nbx1IOKRLalqa.jpg</fanart>
</item>
<item>
	<title>[COLOR=white]An American Tail[/COLOR]</title>
	<meta>
	<imdb>tt0090633</imdb>
	<content>movie</content>
	<title>An American Tail</title>
	<year>1986</year>
	</meta>
	<link>
	<sublink>search</sublink>
	<sublink>searchsd</sublink>
	</link>
	<thumbnail>https://image.tmdb.org/t/p/w1280/glZNfxN4cef0pJeD08xru7ZVWlI.jpg</thumbnail>
	<fanart>https://image.tmdb.org/t/p/w1280/bl42TZnTrT1b9bGcE153ZYWZmDw.jpg</fanart>
</item>
<item>
	<title>[COLOR=white]Anastasia[/COLOR]</title>
	<meta>
	<imdb>tt0118617</imdb>
	<content>movie</content>
	<title>Anastasia</title>
	<year>1997</year>
	</meta>
	<link>
	<sublink>search</sublink>
	<sublink>searchsd</sublink>
	</link>
	<thumbnail>https://image.tmdb.org/t/p/w1280/dKJ6OOYlHGPARKidvP1kYJjXW29.jpg</thumbnail>
	<fanart>https://image.tmdb.org/t/p/w1280/aMdz0ngZaAsKvlbOCIXieHd9fgD.jpg</fanart>
</item>
<item>
	<title>[COLOR=white]Atlantis: The Lost Empire[/COLOR]</title>
	<meta>
	<imdb>tt0230011</imdb>
	<content>movie</content>
	<title>Atlantis: The Lost Empire</title>
	<year>2001</year>
	</meta>
	<link>
	<sublink>search</sublink>
	<sublink>searchsd</sublink>
	</link>
	<thumbnail>https://image.tmdb.org/t/p/w1280/9kbLIQEj99g5Hb9g1IG3VNdtt3h.jpg</thumbnail>
	<fanart>https://image.tmdb.org/t/p/w1280/6tDYT0R7uzVroxR7W2nppuTv2Ha.jpg</fanart>
</item>
<item>
	<title>[COLOR=white]Back to the Future Part III[/COLOR]</title>
	<meta>
	<imdb>tt0099088</imdb>
	<content>movie</content>
	<title>Back to the Future Part III</title>
	<year>1990</year>
	</meta>
	<link>
	<sublink>search</sublink>
	<sublink>searchsd</sublink>
	</link>
	<thumbnail>https://image.tmdb.org/t/p/w1280/6DmgPTZYaug7QNDjOhUDWyjOQDl.jpg</thumbnail>
	<fanart>https://image.tmdb.org/t/p/w1280/pP2a4MBQbIeZMbErBWMjxTT5Npb.jpg</fanart>
</item>
<item>
	<title>[COLOR=white]Back to the Future Part II[/COLOR]</title>
	<meta>
	<imdb>tt0096874</imdb>
	<content>movie</content>
	<title>Back to the Future Part II</title>
	<year>1989</year>
	</meta>
	<link>
	<sublink>search</sublink>
	<sublink>searchsd</sublink>
	</link>
	<thumbnail>https://image.tmdb.org/t/p/w1280/k5dzvCQkXU2CAhLtlj9BHE7xmyK.jpg</thumbnail>
	<fanart>https://image.tmdb.org/t/p/w1280/snLFUFzWUZCdYkAbhZlaGJxiY3I.jpg</fanart>
</item>
<item>
	<title>[COLOR=white]Back to the Future[/COLOR]</title>
	<meta>
	<imdb>tt0088763</imdb>
	<content>movie</content>
	<title>Back to the Future</title>
	<year>1985</year>
	</meta>
	<link>
	<sublink>search</sublink>
	<sublink>searchsd</sublink>
	</link>
	<thumbnail>https://image.tmdb.org/t/p/w1280/pTpxQB1N0waaSc3OSn0e9oc8kx9.jpg</thumbnail>
	<fanart>https://image.tmdb.org/t/p/w1280/x4N74cycZvKu5k3KDERJay4ajR3.jpg</fanart>
</item>
<item>
	<title>[COLOR=white]Bambi[/COLOR]</title>
	<meta>
	<imdb>tt0034492</imdb>
	<content>movie</content>
	<title>Bambi</title>
	<year>1942</year>
	</meta>
	<link>
	<sublink>search</sublink>
	<sublink>searchsd</sublink>
	</link>
	<thumbnail>https://image.tmdb.org/t/p/w1280/wV9e2y4myJ4KMFsyFfWYcUOawyK.jpg</thumbnail>
	<fanart>https://image.tmdb.org/t/p/w1280/zM2Rdsh4kiTEXPkkO9lWBzZpwAH.jpg</fanart>
</item>
<item>
	<title>[COLOR=white]Beauty and the Beast[/COLOR]</title>
	<meta>
	<imdb>tt0101414</imdb>
	<content>movie</content>
	<title>Beauty and the Beast</title>
	<year>1991</year>
	</meta>
	<link>
	<sublink>search</sublink>
	<sublink>searchsd</sublink>
	</link>
	<thumbnail>https://image.tmdb.org/t/p/w1280/b9QJr2oblOu1grgOMUZF1xkUJdh.jpg</thumbnail>
	<fanart>https://image.tmdb.org/t/p/w1280/tPammIMserHjUXmyiK8m7q5x4P6.jpg</fanart>
</item>
<item>
	<title>[COLOR=white]Big Hero 6[/COLOR]</title>
	<meta>
	<imdb>tt2245084</imdb>
	<content>movie</content>
	<title>Big Hero 6</title>
	<year>2014</year>
	</meta>
	<link>
	<sublink>search</sublink>
	<sublink>searchsd</sublink>
	</link>
	<thumbnail>https://image.tmdb.org/t/p/w1280/9gLu47Zw5ertuFTZaxXOvNfy78T.jpg</thumbnail>
	<fanart>https://image.tmdb.org/t/p/w1280/2BXd0t9JdVqCp9sKf6kzMkr7QjB.jpg</fanart>
</item>
<item>
	<title>[COLOR=white]Bolt[/COLOR]</title>
	<meta>
	<imdb>tt0397892</imdb>
	<content>movie</content>
	<title>Bolt</title>
	<year>2008</year>
	</meta>
	<link>
	<sublink>search</sublink>
	<sublink>searchsd</sublink>
	</link>
	<thumbnail>https://image.tmdb.org/t/p/w1280/pGA75RbbIDXlUJtzJogAtS0KyxL.jpg</thumbnail>
	<fanart>https://image.tmdb.org/t/p/w1280/lwI40taKaCKHK9mUeSBP2tQz8dS.jpg</fanart>
</item>
<item>
	<title>[COLOR=white]Brave[/COLOR]</title>
	<meta>
	<imdb>tt1217209</imdb>
	<content>movie</content>
	<title>Brave</title>
	<year>2012</year>
	</meta>
	<link>
	<sublink>search</sublink>
	<sublink>searchsd</sublink>
	</link>
	<thumbnail>https://image.tmdb.org/t/p/w1280/qhABv2d4NZLhsOOA4iBFM4rfuJC.jpg</thumbnail>
	<fanart>https://image.tmdb.org/t/p/w1280/sfRCA9g3CunpnZO3QurHSIRcsUq.jpg</fanart>
</item>
<item>
	<title>[COLOR=white]Brother Bear[/COLOR]</title>
	<meta>
	<imdb>tt0328880</imdb>
	<content>movie</content>
	<title>Brother Bear</title>
	<year>2003</year>
	</meta>
	<link>
	<sublink>search</sublink>
	<sublink>searchsd</sublink>
	</link>
	<thumbnail>https://image.tmdb.org/t/p/w1280/otptPbEY0vBostmo95xwiiumMJm.jpg</thumbnail>
	<fanart>https://image.tmdb.org/t/p/w1280/mDgZ8aLCrH4NcUJIvF0W5B8qa4G.jpg</fanart>
</item>
<item>
	<title>[COLOR=white]Cars 2[/COLOR]</title>
	<meta>
	<imdb>tt1216475</imdb>
	<content>movie</content>
	<title>Cars 2</title>
	<year>2011</year>
	</meta>
	<link>
	<sublink>search</sublink>
	<sublink>searchsd</sublink>
	</link>
	<thumbnail>https://image.tmdb.org/t/p/w1280/AblhtULOVtrkSnFxRPQ8gBemxw9.jpg</thumbnail>
	<fanart>https://image.tmdb.org/t/p/w1280/jEcmZhtJkZQc6ta2vzBd9CU7GIx.jpg</fanart>
</item>
<item>
	<title>[COLOR=white]Cars[/COLOR]</title>
	<meta>
	<imdb>tt0317219</imdb>
	<content>movie</content>
	<title>Cars</title>
	<year>2006</year>
	</meta>
	<link>
	<sublink>search</sublink>
	<sublink>searchsd</sublink>
	</link>
	<thumbnail>https://image.tmdb.org/t/p/w1280/5damnMcRFKSjhCirgX3CMa88MBj.jpg</thumbnail>
	<fanart>https://image.tmdb.org/t/p/w1280/a1MlbLBk5Sy6YvMbSuKfwGlDVlb.jpg</fanart>
</item>
<item>
	<title>[COLOR=white]Charlie and the Chocolate Factory[/COLOR]</title>
	<meta>
	<imdb>tt0367594</imdb>
	<content>movie</content>
	<title>Charlie and the Chocolate Factory</title>
	<year>2005</year>
	</meta>
	<link>
	<sublink>search</sublink>
	<sublink>searchsd</sublink>
	</link>
	<thumbnail>https://image.tmdb.org/t/p/w1280/dvHl1dYvaZRhj9Gk0ITcCHr4DIJ.jpg</thumbnail>
	<fanart>https://image.tmdb.org/t/p/w1280/t7TwFwRrx3Re52651dy52ObXBBh.jpg</fanart>
</item>
<item>
	<title>[COLOR=white]Chicken Little[/COLOR]</title>
	<meta>
	<imdb>tt0371606</imdb>
	<content>movie</content>
	<title>Chicken Little</title>
	<year>2005</year>
	</meta>
	<link>
	<sublink>search</sublink>
	<sublink>searchsd</sublink>
	</link>
	<thumbnail>https://image.tmdb.org/t/p/w1280/iLMALbInUmbNn1tHmxJEWm5MyjP.jpg</thumbnail>
	<fanart>https://image.tmdb.org/t/p/w1280/9YqNb9V9lded8ZDjMz8nkQLpq15.jpg</fanart>
</item>
<item>
	<title>[COLOR=white]Cinderella[/COLOR]</title>
	<meta>
	<imdb>tt1661199</imdb>
	<content>movie</content>
	<title>Cinderella</title>
	<year>2015</year>
	</meta>
	<link>
	<sublink>search</sublink>
	<sublink>searchsd</sublink>
	</link>
	<thumbnail>https://image.tmdb.org/t/p/w1280/2i0JH5WqYFqki7WDhUW56Sg0obh.jpg</thumbnail>
	<fanart>https://image.tmdb.org/t/p/w1280/gkuyOdCeuKLdOlwQIUF44SHsYCq.jpg</fanart>
</item>
<item>
	<title>[COLOR=white]Cloudy with a Chance of Meatballs[/COLOR]</title>
	<meta>
	<imdb>tt0844471</imdb>
	<content>movie</content>
	<title>Cloudy with a Chance of Meatballs</title>
	<year>2009</year>
	</meta>
	<link>
	<sublink>search</sublink>
	<sublink>searchsd</sublink>
	</link>
	<thumbnail>https://image.tmdb.org/t/p/w1280/8GyuFxLh3PTaQDy3Vhk1gV3KU8Z.jpg</thumbnail>
	<fanart>https://image.tmdb.org/t/p/w1280/vYovS909jUV3wxms4DmHGjZ1lhw.jpg</fanart>
</item>
<item>
	<title>[COLOR=white]Despicable Me 2[/COLOR]</title>
	<meta>
	<imdb>tt1690953</imdb>
	<content>movie</content>
	<title>Despicable Me 2</title>
	<year>2013</year>
	</meta>
	<link>
	<sublink>search</sublink>
	<sublink>searchsd</sublink>
	</link>
	<thumbnail>https://image.tmdb.org/t/p/w1280/kQrYyZQHkwkUg2KlUDyvymj9FAp.jpg</thumbnail>
	<fanart>https://image.tmdb.org/t/p/w1280/rmgxcw8tGTmdhsWqdjGBS9uI1tO.jpg</fanart>
</item>
<item>
	<title>[COLOR=white]Despicable Me[/COLOR]</title>
	<meta>
	<imdb>tt1323594</imdb>
	<content>movie</content>
	<title>Despicable Me</title>
	<year>2010</year>
	</meta>
	<link>
	<sublink>search</sublink>
	<sublink>searchsd</sublink>
	</link>
	<thumbnail>https://image.tmdb.org/t/p/w1280/4zHJhBSY4kNZXfhTlmy2TzXD51M.jpg</thumbnail>
	<fanart>https://image.tmdb.org/t/p/w1280/yo1ef57MEPkEE4BDZKTZGH9uDcX.jpg</fanart>
</item>
<item>
	<title>[COLOR=white]Dinosaur[/COLOR]</title>
	<meta>
	<imdb>tt0130623</imdb>
	<content>movie</content>
	<title>Dinosaur</title>
	<year>2000</year>
	</meta>
	<link>
	<sublink>search</sublink>
	<sublink>searchsd</sublink>
	</link>
	<thumbnail>https://image.tmdb.org/t/p/w1280/jZDp3C5howi40aCeqXDJliodXk9.jpg</thumbnail>
	<fanart>https://image.tmdb.org/t/p/w1280/LT2796bodQIvIV50KcyrsIkq6r.jpg</fanart>
</item>
<item>
	<title>[COLOR=white]Dumbo[/COLOR]</title>
	<meta>
	<imdb>tt0033563</imdb>
	<content>movie</content>
	<title>Dumbo</title>
	<year>1941</year>
	</meta>
	<link>
	<sublink>search</sublink>
	<sublink>searchsd</sublink>
	</link>
	<thumbnail>https://image.tmdb.org/t/p/w1280/hKDdllslMtsU9JixAv5HR9biXlp.jpg</thumbnail>
	<fanart>https://image.tmdb.org/t/p/w1280/sa5vHfu5n4NFqZbVf2hzqGr6bim.jpg</fanart>
</item>
<item>
	<title>[COLOR=white]Eight Below[/COLOR]</title>
	<meta>
	<imdb>tt0397313</imdb>
	<content>movie</content>
	<title>Eight Below</title>
	<year>2006</year>
	</meta>
	<link>
	<sublink>search</sublink>
	<sublink>searchsd</sublink>
	</link>
	<thumbnail>https://image.tmdb.org/t/p/w1280/b25TensrtHJNGeYFFtI86GMO27a.jpg</thumbnail>
	<fanart>https://image.tmdb.org/t/p/w1280/glBFWMS34i4v3d0RYyKCZzgzVlt.jpg</fanart>
</item>
<item>
	<title>[COLOR=white]Enchanted[/COLOR]</title>
	<meta>
	<imdb>tt0461770</imdb>
	<content>movie</content>
	<title>Enchanted</title>
	<year>2007</year>
	</meta>
	<link>
	<sublink>search</sublink>
	<sublink>searchsd</sublink>
	</link>
	<thumbnail>https://image.tmdb.org/t/p/w1280/65EfHNQ6NCeAoRPNLRhTyLqNZmU.jpg</thumbnail>
	<fanart>https://image.tmdb.org/t/p/w1280/9l5Nzo1qbEslfCu2NYWimpZ1Vkc.jpg</fanart>
</item>
<item>
	<title>[COLOR=white]Epic[/COLOR]</title>
	<meta>
	<imdb>tt0848537</imdb>
	<content>movie</content>
	<title>Epic</title>
	<year>2013</year>
	</meta>
	<link>
	<sublink>search</sublink>
	<sublink>searchsd</sublink>
	</link>
	<thumbnail>https://image.tmdb.org/t/p/w1280/dUeXOJCpfWmZd9KaPkq2122J1ji.jpg</thumbnail>
	<fanart>https://image.tmdb.org/t/p/w1280/v6w2o3ji8aVLph6zNgR5yDGQfmS.jpg</fanart>
</item>
<item>
	<title>[COLOR=white]Frozen[/COLOR]</title>
	<meta>
	<imdb>tt2294629</imdb>
	<content>movie</content>
	<title>Frozen</title>
	<year>2013</year>
	</meta>
	<link>
	<sublink>search</sublink>
	<sublink>searchsd</sublink>
	</link>
	<thumbnail>https://image.tmdb.org/t/p/w1280/jIjdFXKUNtdf1bwqMrhearpyjMj.jpg</thumbnail>
	<fanart>https://image.tmdb.org/t/p/w1280/cAhCDpAq80QCeQvHytY9JkBalpH.jpg</fanart>
</item>
<item>
	<title>[COLOR=white]Ghostbusters[/COLOR]</title>
	<meta>
	<imdb>tt0087332</imdb>
	<content>movie</content>
	<title>Ghostbusters</title>
	<year>1984</year>
	</meta>
	<link>
	<sublink>search</sublink>
	<sublink>searchsd</sublink>
	</link>
	<thumbnail>https://image.tmdb.org/t/p/w1280/3FS3oBdorgczgfCkFi2u8ZTFfpS.jpg</thumbnail>
	<fanart>https://image.tmdb.org/t/p/w1280/lIQKmTXxBM0SjdA4lJyV8aFZ6tg.jpg</fanart>
</item>
<item>
	<title>[COLOR=white]Harry Potter and the Chamber of Secrets[/COLOR]</title>
	<meta>
	<imdb>tt0295297</imdb>
	<content>movie</content>
	<title>Harry Potter and the Chamber of Secrets</title>
	<year>2002</year>
	</meta>
	<link>
	<sublink>search</sublink>
	<sublink>searchsd</sublink>
	</link>
	<thumbnail>https://image.tmdb.org/t/p/w1280/sdEOH0992YZ0QSxgXNIGLq1ToUi.jpg</thumbnail>
	<fanart>https://image.tmdb.org/t/p/w1280/2grHB4caPBmOyDW9x7NAwldtk8Y.jpg</fanart>
</item>
<item>
	<title>[COLOR=white]Harry Potter and the Deathly Hallows: Part 1[/COLOR]</title>
	<meta>
	<imdb>tt0926084</imdb>
	<content>movie</content>
	<title>Harry Potter and the Deathly Hallows: Part 1</title>
	<year>2010</year>
	</meta>
	<link>
	<sublink>search</sublink>
	<sublink>searchsd</sublink>
	</link>
	<thumbnail>https://image.tmdb.org/t/p/w1280/maP4MTfPCeVD2FZbKTLUgriOW4R.jpg</thumbnail>
	<fanart>https://image.tmdb.org/t/p/w1280/8YA36faYlkpfp6aozcGsqq68pZ9.jpg</fanart>
</item>
<item>
	<title>[COLOR=white]Harry Potter and the Deathly Hallows: Part 2[/COLOR]</title>
	<meta>
	<imdb>tt1201607</imdb>
	<content>movie</content>
	<title>Harry Potter and the Deathly Hallows: Part 2</title>
	<year>2011</year>
	</meta>
	<link>
	<sublink>search</sublink>
	<sublink>searchsd</sublink>
	</link>
	<thumbnail>https://image.tmdb.org/t/p/w1280/fTplI1NCSuEDP4ITLcTps739fcC.jpg</thumbnail>
	<fanart>https://image.tmdb.org/t/p/w1280/6n0DAcyjTHS6888mt8U9ZsLy9nR.jpg</fanart>
</item>
<item>
	<title>[COLOR=white]Harry Potter and the Goblet of Fire[/COLOR]</title>
	<meta>
	<imdb>tt0330373</imdb>
	<content>movie</content>
	<title>Harry Potter and the Goblet of Fire</title>
	<year>2005</year>
	</meta>
	<link>
	<sublink>search</sublink>
	<sublink>searchsd</sublink>
	</link>
	<thumbnail>https://image.tmdb.org/t/p/w1280/6sASqcdrEHXxUhA3nFpjrRecPD2.jpg</thumbnail>
	<fanart>https://image.tmdb.org/t/p/w1280/gzKW3emulMxIHzuXxZoyDB1lei9.jpg</fanart>
</item>
<item>
	<title>[COLOR=white]Harry Potter and the Half-Blood Prince[/COLOR]</title>
	<meta>
	<imdb>tt0417741</imdb>
	<content>movie</content>
	<title>Harry Potter and the Half-Blood Prince</title>
	<year>2009</year>
	</meta>
	<link>
	<sublink>search</sublink>
	<sublink>searchsd</sublink>
	</link>
	<thumbnail>https://image.tmdb.org/t/p/w1280/bFXys2nhALwDvpkF3dP3Vvdfn8b.jpg</thumbnail>
	<fanart>https://image.tmdb.org/t/p/w1280/kRyojLYtWPsBKfDhphhhl1FdM5a.jpg</fanart>
</item>
<item>
	<title>[COLOR=white]Harry Potter and the Order of the Phoenix[/COLOR]</title>
	<meta>
	<imdb>tt0373889</imdb>
	<content>movie</content>
	<title>Harry Potter and the Order of the Phoenix</title>
	<year>2007</year>
	</meta>
	<link>
	<sublink>search</sublink>
	<sublink>searchsd</sublink>
	</link>
	<thumbnail>https://image.tmdb.org/t/p/w1280/4YnLxYLHhT4UQ8i9jxAXWy46Xuw.jpg</thumbnail>
	<fanart>https://image.tmdb.org/t/p/w1280/gGt4ePOhD8ilxd3FYhKB06L2CyG.jpg</fanart>
</item>
<item>
	<title>[COLOR=white]Harry Potter and the Philosopher's Stone[/COLOR]</title>
	<meta>
	<imdb>tt0241527</imdb>
	<content>movie</content>
	<title>Harry Potter and the Philosopher's Stone</title>
	<year>2001</year>
	</meta>
	<link>
	<sublink>search</sublink>
	<sublink>searchsd</sublink>
	</link>
	<thumbnail>https://image.tmdb.org/t/p/w1280/dCtFvscYcXQKTNvyyaQr2g2UacJ.jpg</thumbnail>
	<fanart>https://image.tmdb.org/t/p/w1280/aPndWixw0hlH1XAXcSSZxW5LF8m.jpg</fanart>
</item>
<item>
	<title>[COLOR=white]Harry Potter and the Prisoner of Azkaban[/COLOR]</title>
	<meta>
	<imdb>tt0304141</imdb>
	<content>movie</content>
	<title>Harry Potter and the Prisoner of Azkaban</title>
	<year>2004</year>
	</meta>
	<link>
	<sublink>search</sublink>
	<sublink>searchsd</sublink>
	</link>
	<thumbnail>https://image.tmdb.org/t/p/w1280/jUFjMoLh8T2CWzHUSjKCojI5SHu.jpg</thumbnail>
	<fanart>https://image.tmdb.org/t/p/w1280/wUpBH6RIH4uOiWoPjj8MKUemu9F.jpg</fanart>
</item>
<item>
	<title>[COLOR=white]Hercules[/COLOR]</title>
	<meta>
	<imdb>tt0119282</imdb>
	<content>movie</content>
	<title>Hercules</title>
	<year>1997</year>
	</meta>
	<link>
	<sublink>search</sublink>
	<sublink>searchsd</sublink>
	</link>
	<thumbnail>https://image.tmdb.org/t/p/w1280/yds93kIrmH1aNN0YKAcHLyOkNEV.jpg</thumbnail>
	<fanart>https://image.tmdb.org/t/p/w1280/mlI0GuNH7AezVQzuabFHz0I4vVT.jpg</fanart>
</item>
<item>
	<title>[COLOR=white]Horton Hears a Who![/COLOR]</title>
	<meta>
	<imdb>tt0451079</imdb>
	<content>movie</content>
	<title>Horton Hears a Who!</title>
	<year>2008</year>
	</meta>
	<link>
	<sublink>search</sublink>
	<sublink>searchsd</sublink>
	</link>
	<thumbnail>https://image.tmdb.org/t/p/w1280/cYc2MbsXsDbMcf3tZDSiuNLn7kn.jpg</thumbnail>
	<fanart>https://image.tmdb.org/t/p/w1280/jft2L1Jhe9xhKhB5uYBzYIjGXkw.jpg</fanart>
</item>
<item>
	<title>[COLOR=white]Hotel Transylvania[/COLOR]</title>
	<meta>
	<imdb>tt0837562</imdb>
	<content>movie</content>
	<title>Hotel Transylvania</title>
	<year>2012</year>
	</meta>
	<link>
	<sublink>search</sublink>
	<sublink>searchsd</sublink>
	</link>
	<thumbnail>https://image.tmdb.org/t/p/w1280/9qugesYpAWHUpdrw2w8URSGkAPt.jpg</thumbnail>
	<fanart>https://image.tmdb.org/t/p/w1280/sETTal2HPPkUC3lWc27HL1AFu9C.jpg</fanart>
</item>
<item>
	<title>[COLOR=white]How to Train Your Dragon 2[/COLOR]</title>
	<meta>
	<imdb>tt1646971</imdb>
	<content>movie</content>
	<title>How to Train Your Dragon 2</title>
	<year>2014</year>
	</meta>
	<link>
	<sublink>search</sublink>
	<sublink>searchsd</sublink>
	</link>
	<thumbnail>https://image.tmdb.org/t/p/w1280/lRjOR4uclMQijUav4OjeZprlehu.jpg</thumbnail>
	<fanart>https://image.tmdb.org/t/p/w1280/kxMnGToxk5EtDhTBuz3kkZPzg1b.jpg</fanart>
</item>
<item>
	<title>[COLOR=white]How to Train Your Dragon[/COLOR]</title>
	<meta>
	<imdb>tt0892769</imdb>
	<content>movie</content>
	<title>How to Train Your Dragon</title>
	<year>2010</year>
	</meta>
	<link>
	<sublink>search</sublink>
	<sublink>searchsd</sublink>
	</link>
	<thumbnail>https://image.tmdb.org/t/p/w1280/hIXX3IRFy0InUOmYeWjvhCAgQNj.jpg</thumbnail>
	<fanart>https://image.tmdb.org/t/p/w1280/3eR9HOkPZUbrGWDRdKHeKoiMLc4.jpg</fanart>
</item>
<item>
	<title>[COLOR=white]Hugo[/COLOR]</title>
	<meta>
	<imdb>tt0970179</imdb>
	<content>movie</content>
	<title>Hugo</title>
	<year>2011</year>
	</meta>
	<link>
	<sublink>search</sublink>
	<sublink>searchsd</sublink>
	</link>
	<thumbnail>https://image.tmdb.org/t/p/w1280/wGmVmF1QSKM8Bys08dFfFXRqTMH.jpg</thumbnail>
	<fanart>https://image.tmdb.org/t/p/w1280/mAXgaPxxUQg6U446yz8KPRYSUT.jpg</fanart>
</item>
<item>
	<title>[COLOR=white]Ice Age: Dawn of the Dinosaurs[/COLOR]</title>
	<meta>
	<imdb>tt1080016</imdb>
	<content>movie</content>
	<title>Ice Age: Dawn of the Dinosaurs</title>
	<year>2009</year>
	</meta>
	<link>
	<sublink>search</sublink>
	<sublink>searchsd</sublink>
	</link>
	<thumbnail>https://image.tmdb.org/t/p/w1280/crAf8b9gFpcdvY7majL8xWzTbem.jpg</thumbnail>
	<fanart>https://image.tmdb.org/t/p/w1280/18pbr8D6U2puwUJYxAyqkLXJXSi.jpg</fanart>
</item>
<item>
	<title>[COLOR=white]Ice Age: The Meltdown[/COLOR]</title>
	<meta>
	<imdb>tt0438097</imdb>
	<content>movie</content>
	<title>Ice Age: The Meltdown</title>
	<year>2006</year>
	</meta>
	<link>
	<sublink>search</sublink>
	<sublink>searchsd</sublink>
	</link>
	<thumbnail>https://image.tmdb.org/t/p/w1280/isRuztu5Ch7FJdtSBLcG8QSOpEI.jpg</thumbnail>
	<fanart>https://image.tmdb.org/t/p/w1280/lxNCa4FifUuLeUkWUQl2yuf9JnJ.jpg</fanart>
</item>
<item>
	<title>[COLOR=white]Ice Age[/COLOR]</title>
	<meta>
	<imdb>tt0268380</imdb>
	<content>movie</content>
	<title>Ice Age</title>
	<year>2002</year>
	</meta>
	<link>
	<sublink>search</sublink>
	<sublink>searchsd</sublink>
	</link>
	<thumbnail>https://image.tmdb.org/t/p/w1280/zpaQwR0YViPd83bx1e559QyZ35i.jpg</thumbnail>
	<fanart>https://image.tmdb.org/t/p/w1280/oDqbewoFuIEWA7UWurole6MzDGn.jpg</fanart>
</item>
<item>
	<title>[COLOR=white]Inside Out[/COLOR]</title>
	<meta>
	<imdb>tt2096673</imdb>
	<content>movie</content>
	<title>Inside Out</title>
	<year>2015</year>
	</meta>
	<link>
	<sublink>search</sublink>
	<sublink>searchsd</sublink>
	</link>
	<thumbnail>https://image.tmdb.org/t/p/w1280/aAmfIX3TT40zUHGcCKrlOZRKC7u.jpg</thumbnail>
	<fanart>https://image.tmdb.org/t/p/w1280/szytSpLAyBh3ULei3x663mAv5ZT.jpg</fanart>
</item>
<item>
	<title>[COLOR=white]Jumanji[/COLOR]</title>
	<meta>
	<imdb>tt0113497</imdb>
	<content>movie</content>
	<title>Jumanji</title>
	<year>1995</year>
	</meta>
	<link>
	<sublink>search</sublink>
	<sublink>searchsd</sublink>
	</link>
	<thumbnail>https://image.tmdb.org/t/p/w1280/vgpXmVaVyUL7GGiDeiK1mKEKzcX.jpg</thumbnail>
	<fanart>https://image.tmdb.org/t/p/w1280/7k4zEgUZbzMHawDaMc9yIkmY1qR.jpg</fanart>
</item>
<item>
	<title>[COLOR=white]Kung Fu Panda 2[/COLOR]</title>
	<meta>
	<imdb>tt1302011</imdb>
	<content>movie</content>
	<title>Kung Fu Panda 2</title>
	<year>2011</year>
	</meta>
	<link>
	<sublink>search</sublink>
	<sublink>searchsd</sublink>
	</link>
	<thumbnail>https://image.tmdb.org/t/p/w1280/Fzyy2dauoKxjUzUPYYo3kJkJAW.jpg</thumbnail>
	<fanart>https://image.tmdb.org/t/p/w1280/eyiE1vuizMKVu8MoZkg2xsramFl.jpg</fanart>
</item>
<item>
	<title>[COLOR=white]Kung Fu Panda[/COLOR]</title>
	<meta>
	<imdb>tt0441773</imdb>
	<content>movie</content>
	<title>Kung Fu Panda</title>
	<year>2008</year>
	</meta>
	<link>
	<sublink>search</sublink>
	<sublink>searchsd</sublink>
	</link>
	<thumbnail>https://image.tmdb.org/t/p/w1280/2Paj1nufT0jeSY0G4u3RC31HIGT.jpg</thumbnail>
	<fanart>https://image.tmdb.org/t/p/w1280/UJwhgwAxU42cm9XKncO9boFAEV.jpg</fanart>
</item>
<item>
	<title>[COLOR=white]Lady and the Tramp[/COLOR]</title>
	<meta>
	<imdb>tt0048280</imdb>
	<content>movie</content>
	<title>Lady and the Tramp</title>
	<year>1955</year>
	</meta>
	<link>
	<sublink>search</sublink>
	<sublink>searchsd</sublink>
	</link>
	<thumbnail>https://image.tmdb.org/t/p/w1280/AqQpqEn33UYExlAoWA02Hizb2lc.jpg</thumbnail>
	<fanart>https://image.tmdb.org/t/p/w1280/osSsQ4QWXS7Flu3y39QqP924Lud.jpg</fanart>
</item>
<item>
	<title>[COLOR=white]Legend of the Guardians: The Owls of Ga'Hoole[/COLOR]</title>
	<meta>
	<imdb>tt1219342</imdb>
	<content>movie</content>
	<title>Legend of the Guardians: The Owls of Ga'Hoole</title>
	<year>2010</year>
	</meta>
	<link>
	<sublink>search</sublink>
	<sublink>searchsd</sublink>
	</link>
	<thumbnail>https://image.tmdb.org/t/p/w1280/mgkRaVtdrOAZT2cFZi9Ihh9QpuL.jpg</thumbnail>
	<fanart>https://image.tmdb.org/t/p/w1280/6lwiZ1v5n3F0oY9ouCLlI9LgRRm.jpg</fanart>
</item>
<item>
	<title>[COLOR=white]Lemony Snicket's A Series of Unfortunate Events[/COLOR]</title>
	<meta>
	<imdb>tt0339291</imdb>
	<content>movie</content>
	<title>Lemony Snicket's A Series of Unfortunate Events</title>
	<year>2004</year>
	</meta>
	<link>
	<sublink>search</sublink>
	<sublink>searchsd</sublink>
	</link>
	<thumbnail>https://image.tmdb.org/t/p/w1280/dHQMAj9E2G2ewjN1aCOPubsZaj1.jpg</thumbnail>
	<fanart>https://image.tmdb.org/t/p/w1280/iH65TTlQtDKCFZ9FZI04jz6xKPF.jpg</fanart>
</item>
<item>
	<title>[COLOR=white]Madagascar[/COLOR]</title>
	<meta>
	<imdb>tt0351283</imdb>
	<content>movie</content>
	<title>Madagascar</title>
	<year>2005</year>
	</meta>
	<link>
	<sublink>search</sublink>
	<sublink>searchsd</sublink>
	</link>
	<thumbnail>https://image.tmdb.org/t/p/w1280/2YiESGB68BGQSAFvfJxBi774sc4.jpg</thumbnail>
	<fanart>https://image.tmdb.org/t/p/w1280/wUetiqu2EFhHW94yTP0pWABfyUG.jpg</fanart>
</item>
<item>
	<title>[COLOR=white]Maleficent[/COLOR]</title>
	<meta>
	<imdb>tt1587310</imdb>
	<content>movie</content>
	<title>Maleficent</title>
	<year>2014</year>
	</meta>
	<link>
	<sublink>search</sublink>
	<sublink>searchsd</sublink>
	</link>
	<thumbnail>https://image.tmdb.org/t/p/w1280/4FYu1AAu14tuBU0lns0hbKiHUcH.jpg</thumbnail>
	<fanart>https://image.tmdb.org/t/p/w1280/tO4xw0P4mdia3EcS6pHkox3cOIy.jpg</fanart>
</item>
<item>
	<title>[COLOR=white]Megamind[/COLOR]</title>
	<meta>
	<imdb>tt1001526</imdb>
	<content>movie</content>
	<title>Megamind</title>
	<year>2010</year>
	</meta>
	<link>
	<sublink>search</sublink>
	<sublink>searchsd</sublink>
	</link>
	<thumbnail>https://image.tmdb.org/t/p/w1280/mws4hcv746iKsTv81sY393LY4YI.jpg</thumbnail>
	<fanart>https://image.tmdb.org/t/p/w1280/ixIJRnkjEclMf8ZCYijT84En5Bb.jpg</fanart>
</item>
<item>
	<title>[COLOR=white]Minions[/COLOR]</title>
	<meta>
	<imdb>tt2293640</imdb>
	<content>movie</content>
	<title>Minions</title>
	<year>2015</year>
	</meta>
	<link>
	<sublink>search</sublink>
	<sublink>searchsd</sublink>
	</link>
	<thumbnail>https://image.tmdb.org/t/p/w1280/q0R4crx2SehcEEQEkYObktdeFy.jpg</thumbnail>
	<fanart>https://image.tmdb.org/t/p/w1280/wiSIfl9FnXYGXzUKji7Muc3Oj3o.jpg</fanart>
</item>
<item>
	<title>[COLOR=white]Monsters University[/COLOR]</title>
	<meta>
	<imdb>tt1453405</imdb>
	<content>movie</content>
	<title>Monsters University</title>
	<year>2013</year>
	</meta>
	<link>
	<sublink>search</sublink>
	<sublink>searchsd</sublink>
	</link>
	<thumbnail>https://image.tmdb.org/t/p/w1280/a05xQU9huY3P5uurLcGGHmsf2Vh.jpg</thumbnail>
	<fanart>https://image.tmdb.org/t/p/w1280/5mDCKKS7M8aUZKdShnCa7lLbzmH.jpg</fanart>
</item>
<item>
	<title>[COLOR=white]Monsters, Inc.[/COLOR]</title>
	<meta>
	<imdb>tt0198781</imdb>
	<content>movie</content>
	<title>Monsters, Inc.</title>
	<year>2001</year>
	</meta>
	<link>
	<sublink>search</sublink>
	<sublink>searchsd</sublink>
	</link>
	<thumbnail>https://image.tmdb.org/t/p/w1280/93Y9BGx8blzmZOPSoivkFfaifqU.jpg</thumbnail>
	<fanart>https://image.tmdb.org/t/p/w1280/eKBUYeSgGVvztO2MZxD5YMcz6kv.jpg</fanart>
</item>
<item>
	<title>[COLOR=white]Mr. Peabody & Sherman[/COLOR]</title>
	<meta>
	<imdb>tt0864835</imdb>
	<content>movie</content>
	<title>Mr. Peabody & Sherman</title>
	<year>2014</year>
	</meta>
	<link>
	<sublink>search</sublink>
	<sublink>searchsd</sublink>
	</link>
	<thumbnail>https://image.tmdb.org/t/p/w1280/wGRWVfhMdGIThSDld2965oUkJ5E.jpg</thumbnail>
	<fanart>https://image.tmdb.org/t/p/w1280/hpIUiHIyNKWsid3Tz4adtYsUqo1.jpg</fanart>
</item>
<item>
	<title>[COLOR=white]Mulan II[/COLOR]</title>
	<meta>
	<imdb>tt0279967</imdb>
	<content>movie</content>
	<title>Mulan II</title>
	<year>2004</year>
	</meta>
	<link>
	<sublink>search</sublink>
	<sublink>searchsd</sublink>
	</link>
	<thumbnail>https://image.tmdb.org/t/p/w1280/ebuRP7g3tJlLxeejylu4Wx4Qsjv.jpg</thumbnail>
	<fanart>https://image.tmdb.org/t/p/w1280/7qzlrqvvXvl4SYbjTErZ0x8uZxA.jpg</fanart>
</item>
<item>
	<title>[COLOR=white]Mulan[/COLOR]</title>
	<meta>
	<imdb>tt0120762</imdb>
	<content>movie</content>
	<title>Mulan</title>
	<year>1998</year>
	</meta>
	<link>
	<sublink>search</sublink>
	<sublink>searchsd</sublink>
	</link>
	<thumbnail>https://image.tmdb.org/t/p/w1280/vXjfMyXHixdEEkqcuWS6hy3EZAG.jpg</thumbnail>
	<fanart>https://image.tmdb.org/t/p/w1280/sYydx5Q6qxdATbrj7imghCz0KEj.jpg</fanart>
</item>
<item>
	<title>[COLOR=white]One Hundred and One Dalmatians[/COLOR]</title>
	<meta>
	<imdb>tt0055254</imdb>
	<content>movie</content>
	<title>One Hundred and One Dalmatians</title>
	<year>1961</year>
	</meta>
	<link>
	<sublink>search</sublink>
	<sublink>searchsd</sublink>
	</link>
	<thumbnail>https://image.tmdb.org/t/p/w1280/vo5j5OZIdnfMIZSkVfSvh8cJUU.jpg</thumbnail>
	<fanart>https://image.tmdb.org/t/p/w1280/vHBYOUjt04iI0COvMtPAMa2pC9y.jpg</fanart>
</item>
<item>
	<title>[COLOR=white]Open Season[/COLOR]</title>
	<meta>
	<imdb>tt0400717</imdb>
	<content>movie</content>
	<title>Open Season</title>
	<year>2006</year>
	</meta>
	<link>
	<sublink>search</sublink>
	<sublink>searchsd</sublink>
	</link>
	<thumbnail>https://image.tmdb.org/t/p/w1280/9TY3wQPNhZ60Mng0JetKEOfXqxU.jpg</thumbnail>
	<fanart>https://image.tmdb.org/t/p/w1280/7bmzhqOJ9TGXUU5d4pqYUWl3YZ8.jpg</fanart>
</item>
<item>
	<title>[COLOR=white]Over the Hedge[/COLOR]</title>
	<meta>
	<imdb>tt0327084</imdb>
	<content>movie</content>
	<title>Over the Hedge</title>
	<year>2006</year>
	</meta>
	<link>
	<sublink>search</sublink>
	<sublink>searchsd</sublink>
	</link>
	<thumbnail>https://image.tmdb.org/t/p/w1280/fGvoD6n6blbFprgbl3BJ2U8YHSF.jpg</thumbnail>
	<fanart>https://image.tmdb.org/t/p/w1280/lNABYZx4BLt97dinPV4iRegGVfa.jpg</fanart>
</item>
<item>
	<title>[COLOR=white]Oz: The Great and Powerful[/COLOR]</title>
	<meta>
	<imdb>tt1623205</imdb>
	<content>movie</content>
	<title>Oz: The Great and Powerful</title>
	<year>2013</year>
	</meta>
	<link>
	<sublink>search</sublink>
	<sublink>searchsd</sublink>
	</link>
	<thumbnail>https://image.tmdb.org/t/p/w1280/7qzLIcYR7ev7iXngY8NKHBZHwwT.jpg</thumbnail>
	<fanart>https://image.tmdb.org/t/p/w1280/4jv4TsBccZt60ltlPYmL8vaG8cu.jpg</fanart>
</item>
<item>
	<title>[COLOR=white]Paddington[/COLOR]</title>
	<meta>
	<imdb>tt1109624</imdb>
	<content>movie</content>
	<title>Paddington</title>
	<year>2014</year>
	</meta>
	<link>
	<sublink>search</sublink>
	<sublink>searchsd</sublink>
	</link>
	<thumbnail>https://image.tmdb.org/t/p/w1280/Sw7g22Wt4IILyD8LepkjNe5ql9.jpg</thumbnail>
	<fanart>https://image.tmdb.org/t/p/w1280/zwMEMIo1j5TjP9oUG89aWCKDjYt.jpg</fanart>
</item>
<item>
	<title>[COLOR=white]Pinocchio[/COLOR]</title>
	<meta>
	<imdb>tt0032910</imdb>
	<content>movie</content>
	<title>Pinocchio</title>
	<year>1940</year>
	</meta>
	<link>
	<sublink>search</sublink>
	<sublink>searchsd</sublink>
	</link>
	<thumbnail>https://image.tmdb.org/t/p/w1280/hu9sn5kHTXZsafNQYQf4qQ16BGI.jpg</thumbnail>
	<fanart>https://image.tmdb.org/t/p/w1280/rma1Rc12ogaCuqlu3e9rU1ma6My.jpg</fanart>
</item>
<item>
	<title>[COLOR=white]Pixels[/COLOR]</title>
	<meta>
	<imdb>tt2120120</imdb>
	<content>movie</content>
	<title>Pixels</title>
	<year>2015</year>
	</meta>
	<link>
	<sublink>search</sublink>
	<sublink>searchsd</sublink>
	</link>
	<thumbnail>https://image.tmdb.org/t/p/w1280/h5lnhUIS7HwcOBEEOc7coRlhylh.jpg</thumbnail>
	<fanart>https://image.tmdb.org/t/p/w1280/giwHyGSqtpY9nMBwdAa8DOIk9IU.jpg</fanart>
</item>
<item>
	<title>[COLOR=white]Pocahontas[/COLOR]</title>
	<meta>
	<imdb>tt0114148</imdb>
	<content>movie</content>
	<title>Pocahontas</title>
	<year>1995</year>
	</meta>
	<link>
	<sublink>search</sublink>
	<sublink>searchsd</sublink>
	</link>
	<thumbnail>https://image.tmdb.org/t/p/w1280/qk95miOV8wDABbO5gyCpCrvbVFu.jpg</thumbnail>
	<fanart>https://image.tmdb.org/t/p/w1280/dm6NraLaLOCvGfzYPl7puMvvxfr.jpg</fanart>
</item>
<item>
	<title>[COLOR=white]Rango[/COLOR]</title>
	<meta>
	<imdb>tt1192628</imdb>
	<content>movie</content>
	<title>Rango</title>
	<year>2011</year>
	</meta>
	<link>
	<sublink>search</sublink>
	<sublink>searchsd</sublink>
	</link>
	<thumbnail>https://image.tmdb.org/t/p/w1280/afxRbCwwKjrWgGJtsVNs1BW1Dk5.jpg</thumbnail>
	<fanart>https://image.tmdb.org/t/p/w1280/fX6o5DCdGVEEZ1OT1IourOUkQMb.jpg</fanart>
</item>
<item>
	<title>[COLOR=white]Ratatouille[/COLOR]</title>
	<meta>
	<imdb>tt0382932</imdb>
	<content>movie</content>
	<title>Ratatouille</title>
	<year>2007</year>
	</meta>
	<link>
	<sublink>search</sublink>
	<sublink>searchsd</sublink>
	</link>
	<thumbnail>https://image.tmdb.org/t/p/w1280/jEiEU8viSb8CIIHcfprVr2V6XDz.jpg</thumbnail>
	<fanart>https://image.tmdb.org/t/p/w1280/mZlf2J8qAuKr4lV0LP0FaFiyWl.jpg</fanart>
</item>
<item>
	<title>[COLOR=white]Rio[/COLOR]</title>
	<meta>
	<imdb>tt1436562</imdb>
	<content>movie</content>
	<title>Rio</title>
	<year>2011</year>
	</meta>
	<link>
	<sublink>search</sublink>
	<sublink>searchsd</sublink>
	</link>
	<thumbnail>https://image.tmdb.org/t/p/w1280/isQ9BSjdF8IrSm2g4WPHSJYN5s9.jpg</thumbnail>
	<fanart>https://image.tmdb.org/t/p/w1280/odbEuhGUgSkeWWD1sPoylXTZMUa.jpg</fanart>
</item>
<item>
	<title>[COLOR=white]Rise of the Guardians[/COLOR]</title>
	<meta>
	<imdb>tt1446192</imdb>
	<content>movie</content>
	<title>Rise of the Guardians</title>
	<year>2012</year>
	</meta>
	<link>
	<sublink>search</sublink>
	<sublink>searchsd</sublink>
	</link>
	<thumbnail>https://image.tmdb.org/t/p/w1280/sIZr3pWcnLTjMkOaTkBrV967lTK.jpg</thumbnail>
	<fanart>https://image.tmdb.org/t/p/w1280/uLAzeXooxaCJvxltbEqZQHLxniP.jpg</fanart>
</item>
<item>
	<title>[COLOR=white]Robin Hood[/COLOR]</title>
	<meta>
	<imdb>tt0070608</imdb>
	<content>movie</content>
	<title>Robin Hood</title>
	<year>1973</year>
	</meta>
	<link>
	<sublink>search</sublink>
	<sublink>searchsd</sublink>
	</link>
	<thumbnail>https://image.tmdb.org/t/p/w1280/78yFcKivWbLwlPcUOPj2A75k4Ii.jpg</thumbnail>
	<fanart>https://image.tmdb.org/t/p/w1280/gidtawc8Mne3Dc5UrkvXhoIZqCZ.jpg</fanart>
</item>
<item>
	<title>[COLOR=white]Shrek 2[/COLOR]</title>
	<meta>
	<imdb>tt0298148</imdb>
	<content>movie</content>
	<title>Shrek 2</title>
	<year>2004</year>
	</meta>
	<link>
	<sublink>search</sublink>
	<sublink>searchsd</sublink>
	</link>
	<thumbnail>https://image.tmdb.org/t/p/w1280/akWDA0BMVYK4OTM92T5i91DYnsT.jpg</thumbnail>
	<fanart>https://image.tmdb.org/t/p/w1280/nJ0TsLEeht6y30AMryc4ElQ8gzp.jpg</fanart>
</item>
<item>
	<title>[COLOR=white]Shrek the Third[/COLOR]</title>
	<meta>
	<imdb>tt0413267</imdb>
	<content>movie</content>
	<title>Shrek the Third</title>
	<year>2007</year>
	</meta>
	<link>
	<sublink>search</sublink>
	<sublink>searchsd</sublink>
	</link>
	<thumbnail>https://image.tmdb.org/t/p/w1280/lA17Mlz8hXVZsW5Y3WuUa8KPilQ.jpg</thumbnail>
	<fanart>https://image.tmdb.org/t/p/w1280/7fT1IogBbxM6S7SOIGSe7BXLEMq.jpg</fanart>
</item>
<item>
	<title>[COLOR=white]Shrek[/COLOR]</title>
	<meta>
	<imdb>tt0126029</imdb>
	<content>movie</content>
	<title>Shrek</title>
	<year>2001</year>
	</meta>
	<link>
	<sublink>search</sublink>
	<sublink>searchsd</sublink>
	</link>
	<thumbnail>https://image.tmdb.org/t/p/w1280/140ewbWv8qHStD3mlBDvvGd0Zvu.jpg</thumbnail>
	<fanart>https://image.tmdb.org/t/p/w1280/wBG4kHfhwm3bLwKUFNRByXXv4r2.jpg</fanart>
</item>
<item>
	<title>[COLOR=white]Space Jam[/COLOR]</title>
	<meta>
	<imdb>tt0117705</imdb>
	<content>movie</content>
	<title>Space Jam</title>
	<year>1996</year>
	</meta>
	<link>
	<sublink>search</sublink>
	<sublink>searchsd</sublink>
	</link>
	<thumbnail>https://image.tmdb.org/t/p/w1280/xI9AwhOWtsbFlS8tYD2PXa80p7u.jpg</thumbnail>
	<fanart>https://image.tmdb.org/t/p/w1280/kBTdPNTAzagAY6UiwY957KCDGuu.jpg</fanart>
</item>
<item>
	<title>[COLOR=white]Tangled[/COLOR]</title>
	<meta>
	<imdb>tt0398286</imdb>
	<content>movie</content>
	<title>Tangled</title>
	<year>2010</year>
	</meta>
	<link>
	<sublink>search</sublink>
	<sublink>searchsd</sublink>
	</link>
	<thumbnail>https://image.tmdb.org/t/p/w1280/re6AOJbhBk9FIK3knwU6rYlbPDx.jpg</thumbnail>
	<fanart>https://image.tmdb.org/t/p/w1280/uFg02Gt69UM6Ouam4slMdD0s029.jpg</fanart>
</item>
<item>
	<title>[COLOR=white]Tarzan[/COLOR]</title>
	<meta>
	<imdb>tt0120855</imdb>
	<content>movie</content>
	<title>Tarzan</title>
	<year>1999</year>
	</meta>
	<link>
	<sublink>search</sublink>
	<sublink>searchsd</sublink>
	</link>
	<thumbnail>https://image.tmdb.org/t/p/w1280/hnTrfKJmnPLMTajHw2RDgv6hVyH.jpg</thumbnail>
	<fanart>https://image.tmdb.org/t/p/w1280/vwS3vyNaD94h4BjLjNvbVOCNfsJ.jpg</fanart>
</item>
<item>
	<title>[COLOR=white]The Addams Family[/COLOR]</title>
	<meta>
	<imdb>tt0101272</imdb>
	<content>movie</content>
	<title>The Addams Family</title>
	<year>1991</year>
	</meta>
	<link>
	<sublink>search</sublink>
	<sublink>searchsd</sublink>
	</link>
	<thumbnail>https://image.tmdb.org/t/p/w1280/ajiQj0jbacMAmPxDU3fP9TeIfTi.jpg</thumbnail>
	<fanart>https://image.tmdb.org/t/p/w1280/QF8QdGN6SJm6A2dvFG0pA3SBV6.jpg</fanart>
</item>
<item>
	<title>[COLOR=white]The Adventures of Tintin[/COLOR]</title>
	<meta>
	<imdb>tt0983193</imdb>
	<content>movie</content>
	<title>The Adventures of Tintin</title>
	<year>2011</year>
	</meta>
	<link>
	<sublink>search</sublink>
	<sublink>searchsd</sublink>
	</link>
	<thumbnail>https://image.tmdb.org/t/p/w1280/3XOaHJARdZIXcd7sgJV24Txp3gf.jpg</thumbnail>
	<fanart>https://image.tmdb.org/t/p/w1280/m3xgF9JiTlfN1rO9hcvTd4PTIQy.jpg</fanart>
</item>
<item>
	<title>[COLOR=white]The Aristocats[/COLOR]</title>
	<meta>
	<imdb>tt0065421</imdb>
	<content>movie</content>
	<title>The Aristocats</title>
	<year>1970</year>
	</meta>
	<link>
	<sublink>search</sublink>
	<sublink>searchsd</sublink>
	</link>
	<thumbnail>https://image.tmdb.org/t/p/w1280/3LudCahifOrueMklYBxAXY2wpBg.jpg</thumbnail>
	<fanart>https://image.tmdb.org/t/p/w1280/fojdVtSsZa7fXyJQ6w1Exw7GWum.jpg</fanart>
</item>
<item>
	<title>[COLOR=white]The Book of Life[/COLOR]</title>
	<meta>
	<imdb>tt2262227</imdb>
	<content>movie</content>
	<title>The Book of Life</title>
	<year>2014</year>
	</meta>
	<link>
	<sublink>search</sublink>
	<sublink>searchsd</sublink>
	</link>
	<thumbnail>https://image.tmdb.org/t/p/w1280/5B4lKHSQAtT1FSEfbjJkQ8ylxAY.jpg</thumbnail>
	<fanart>https://image.tmdb.org/t/p/w1280/lVshZpxU5EB8zXJrnXxblaDps6m.jpg</fanart>
</item>
<item>
	<title>[COLOR=white]The Chronicles of Narnia: The Lion, the Witch and the Wardrobe[/COLOR]</title>
	<meta>
	<imdb>tt0363771</imdb>
	<content>movie</content>
	<title>The Chronicles of Narnia: The Lion, the Witch and the Wardrobe</title>
	<year>2005</year>
	</meta>
	<link>
	<sublink>search</sublink>
	<sublink>searchsd</sublink>
	</link>
	<thumbnail>https://image.tmdb.org/t/p/w1280/l8RKDgjl9co0IgFZblxhtIOi5Uj.jpg</thumbnail>
	<fanart>https://image.tmdb.org/t/p/w1280/4ZwXJcUT3KdE8Kan9TJ7l0Rg5LG.jpg</fanart>
</item>
<item>
	<title>[COLOR=white]The Croods[/COLOR]</title>
	<meta>
	<imdb>tt0481499</imdb>
	<content>movie</content>
	<title>The Croods</title>
	<year>2013</year>
	</meta>
	<link>
	<sublink>search</sublink>
	<sublink>searchsd</sublink>
	</link>
	<thumbnail>https://image.tmdb.org/t/p/w1280/eHi3Nbgh6Cs2KiIyEMF4Ig4CdjX.jpg</thumbnail>
	<fanart>https://image.tmdb.org/t/p/w1280/vg2hf8eAZhULxtQRS87CbrH2WMQ.jpg</fanart>
</item>
<item>
	<title>[COLOR=white]The Emperor's New Groove[/COLOR]</title>
	<meta>
	<imdb>tt0120917</imdb>
	<content>movie</content>
	<title>The Emperor's New Groove</title>
	<year>2000</year>
	</meta>
	<link>
	<sublink>search</sublink>
	<sublink>searchsd</sublink>
	</link>
	<thumbnail>https://image.tmdb.org/t/p/w1280/rbgOxT446Wb0c4dJC4iLKgxtW1U.jpg</thumbnail>
	<fanart>https://image.tmdb.org/t/p/w1280/Aczojyb0VFBNpFrxARqeCtdd2gA.jpg</fanart>
</item>
<item>
	<title>[COLOR=white]The Fox and the Hound[/COLOR]</title>
	<meta>
	<imdb>tt0082406</imdb>
	<content>movie</content>
	<title>The Fox and the Hound</title>
	<year>1981</year>
	</meta>
	<link>
	<sublink>search</sublink>
	<sublink>searchsd</sublink>
	</link>
	<thumbnail>https://image.tmdb.org/t/p/w1280/1382VHxqZDXu2t8i46zf4fP71JG.jpg</thumbnail>
	<fanart>https://image.tmdb.org/t/p/w1280/87uShMszqPxwA034GsskGdzJOgN.jpg</fanart>
</item>
<item>
	<title>[COLOR=white]The Good Dinosaur[/COLOR]</title>
	<meta>
	<imdb>tt1979388</imdb>
	<content>movie</content>
	<title>The Good Dinosaur</title>
	<year>2015</year>
	</meta>
	<link>
	<sublink>search</sublink>
	<sublink>searchsd</sublink>
	</link>
	<thumbnail>https://image.tmdb.org/t/p/w1280/2ZckiMTfSkCep2JTtZbr73tnQbN.jpg</thumbnail>
	<fanart>https://image.tmdb.org/t/p/w1280/pDuD96Fz0ZZXf9buEvRu1UQsmFT.jpg</fanart>
</item>
<item>
	<title>[COLOR=white]The Goonies[/COLOR]</title>
	<meta>
	<imdb>tt0089218</imdb>
	<content>movie</content>
	<title>The Goonies</title>
	<year>1985</year>
	</meta>
	<link>
	<sublink>search</sublink>
	<sublink>searchsd</sublink>
	</link>
	<thumbnail>https://image.tmdb.org/t/p/w1280/bZUbpjwnarSHJK40W9sGpyedWhx.jpg</thumbnail>
	<fanart>https://image.tmdb.org/t/p/w1280/qKeyO9gXaaK0g87tvvqOPK1siwc.jpg</fanart>
</item>
<item>
	<title>[COLOR=white]The Hitchhiker's Guide to the Galaxy[/COLOR]</title>
	<meta>
	<imdb>tt0371724</imdb>
	<content>movie</content>
	<title>The Hitchhiker's Guide to the Galaxy</title>
	<year>2005</year>
	</meta>
	<link>
	<sublink>search</sublink>
	<sublink>searchsd</sublink>
	</link>
	<thumbnail>https://image.tmdb.org/t/p/w1280/fOb4cJMhnZ11BoHNUii3Vcfo3XU.jpg</thumbnail>
	<fanart>https://image.tmdb.org/t/p/w1280/hhuwQa0tcFAVxcVkVaLWl2UJY26.jpg</fanart>
</item>
<item>
	<title>[COLOR=white]The Hunchback of Notre Dame[/COLOR]</title>
	<meta>
	<imdb>tt0116583</imdb>
	<content>movie</content>
	<title>The Hunchback of Notre Dame</title>
	<year>1996</year>
	</meta>
	<link>
	<sublink>search</sublink>
	<sublink>searchsd</sublink>
	</link>
	<thumbnail>https://image.tmdb.org/t/p/w1280/gpMXF2Bp7GHTT8GbMgf7yuBEyuV.jpg</thumbnail>
	<fanart>https://image.tmdb.org/t/p/w1280/cHada6eEf0hCOr25paU9YEt6N6l.jpg</fanart>
</item>
<item>
	<title>[COLOR=white]The Incredibles[/COLOR]</title>
	<meta>
	<imdb>tt0317705</imdb>
	<content>movie</content>
	<title>The Incredibles</title>
	<year>2004</year>
	</meta>
	<link>
	<sublink>search</sublink>
	<sublink>searchsd</sublink>
	</link>
	<thumbnail>https://image.tmdb.org/t/p/w1280/2LqaLgk4Z226KkgPJuiOQ58wvrm.jpg</thumbnail>
	<fanart>https://image.tmdb.org/t/p/w1280/wiDGnsn9RtNglgKQy4J1jZQBG5v.jpg</fanart>
</item>
<item>
	<title>[COLOR=white]The Iron Giant[/COLOR]</title>
	<meta>
	<imdb>tt0129167</imdb>
	<content>movie</content>
	<title>The Iron Giant</title>
	<year>1999</year>
	</meta>
	<link>
	<sublink>search</sublink>
	<sublink>searchsd</sublink>
	</link>
	<thumbnail>https://image.tmdb.org/t/p/w1280/rdN6IjV4xlDDhrT8ewkkJfPvp2e.jpg</thumbnail>
	<fanart>https://image.tmdb.org/t/p/w1280/7FE4OF0nNGL3BFS7NygJzTSLy91.jpg</fanart>
</item>
<item>
	<title>[COLOR=white]The Jungle Book[/COLOR]</title>
	<meta>
	<imdb>tt0061852</imdb>
	<content>movie</content>
	<title>The Jungle Book</title>
	<year>1967</year>
	</meta>
	<link>
	<sublink>search</sublink>
	<sublink>searchsd</sublink>
	</link>
	<thumbnail>https://image.tmdb.org/t/p/w1280/1AreNcL9s24Qfghbzomy0IlzCFk.jpg</thumbnail>
	<fanart>https://image.tmdb.org/t/p/w1280/pfSLaXhojt0cNU6lWRGxvbQ2HWi.jpg</fanart>
</item>
<item>
	<title>[COLOR=white]The Land Before Time[/COLOR]</title>
	<meta>
	<imdb>tt0095489</imdb>
	<content>movie</content>
	<title>The Land Before Time</title>
	<year>1988</year>
	</meta>
	<link>
	<sublink>search</sublink>
	<sublink>searchsd</sublink>
	</link>
	<thumbnail>https://image.tmdb.org/t/p/w1280/8YMjnTP9tL5Xj8eOfXii8bsikDM.jpg</thumbnail>
	<fanart>https://image.tmdb.org/t/p/w1280/t9svFw203MlNfgWb62HEHsrUxTt.jpg</fanart>
</item>
<item>
	<title>[COLOR=white]The Last Airbender[/COLOR]</title>
	<meta>
	<imdb>tt0938283</imdb>
	<content>movie</content>
	<title>The Last Airbender</title>
	<year>2010</year>
	</meta>
	<link>
	<sublink>search</sublink>
	<sublink>searchsd</sublink>
	</link>
	<thumbnail>https://image.tmdb.org/t/p/w1280/zgwRTYWEEPivTwjB9S03HtmMcbM.jpg</thumbnail>
	<fanart>https://image.tmdb.org/t/p/w1280/pKf721WaYpxEdISJ9LYg23fd3wM.jpg</fanart>
</item>
<item>
	<title>[COLOR=white]The Lego Movie[/COLOR]</title>
	<meta>
	<imdb>tt1490017</imdb>
	<content>movie</content>
	<title>The Lego Movie</title>
	<year>2014</year>
	</meta>
	<link>
	<sublink>search</sublink>
	<sublink>searchsd</sublink>
	</link>
	<thumbnail>https://image.tmdb.org/t/p/w1280/lMHbadNmznKs5vgBAkHxKGHulOa.jpg</thumbnail>
	<fanart>https://image.tmdb.org/t/p/w1280/ef7HMjpN36vrgwrkTmtVasbU3Xo.jpg</fanart>
</item>
<item>
	<title>[COLOR=white]The Lion King 1 1/2 [/COLOR]</title>
	<meta>
	<imdb>tt0318403</imdb>
	<content>movie</content>
	<title>The Lion King 1 1/2 </title>
	<year>2004</year>
	</meta>
	<link>
	<sublink>search</sublink>
	<sublink>searchsd</sublink>
	</link>
	<thumbnail>https://image.tmdb.org/t/p/w1280/nCSu6jqZXqbXW1HeeveMYNOU02H.jpg</thumbnail>
	<fanart>https://image.tmdb.org/t/p/w1280/pql1l2FPU5e4nPxoY2TbYaPwjLj.jpg</fanart>
</item>
<item>
	<title>[COLOR=white]The Lion King[/COLOR]</title>
	<meta>
	<imdb>tt0110357</imdb>
	<content>movie</content>
	<title>The Lion King</title>
	<year>1994</year>
	</meta>
	<link>
	<sublink>search</sublink>
	<sublink>searchsd</sublink>
	</link>
	<thumbnail>https://image.tmdb.org/t/p/w1280/bKPtXn9n4M4s8vvZrbw40mYsefB.jpg</thumbnail>
	<fanart>https://image.tmdb.org/t/p/w1280/6lL49SOgBtqiXMs7Y5HWBYH3X9Z.jpg</fanart>
</item>
<item>
	<title>[COLOR=white]The Little Mermaid[/COLOR]</title>
	<meta>
	<imdb>tt0097757</imdb>
	<content>movie</content>
	<title>The Little Mermaid</title>
	<year>1989</year>
	</meta>
	<link>
	<sublink>search</sublink>
	<sublink>searchsd</sublink>
	</link>
	<thumbnail>https://image.tmdb.org/t/p/w1280/ivdzLXCVgPUyjphKbbB40z8FQp8.jpg</thumbnail>
	<fanart>https://image.tmdb.org/t/p/w1280/h62PZCsfuiCD3JvkXmGqrUpnHJL.jpg</fanart>
</item>
<item>
	<title>[COLOR=white]The Lorax[/COLOR]</title>
	<meta>
	<imdb>tt1482459</imdb>
	<content>movie</content>
	<title>The Lorax</title>
	<year>2012</year>
	</meta>
	<link>
	<sublink>search</sublink>
	<sublink>searchsd</sublink>
	</link>
	<thumbnail>https://image.tmdb.org/t/p/w1280/6FuYtjegxaUv7n7C733hUEOQytR.jpg</thumbnail>
	<fanart>https://image.tmdb.org/t/p/w1280/7CuXAFUWcOlR5kt07ln1fZDxdHX.jpg</fanart>
</item>
<item>
	<title>[COLOR=white]The NeverEnding Story[/COLOR]</title>
	<meta>
	<imdb>tt0088323</imdb>
	<content>movie</content>
	<title>The NeverEnding Story</title>
	<year>1984</year>
	</meta>
	<link>
	<sublink>search</sublink>
	<sublink>searchsd</sublink>
	</link>
	<thumbnail>https://image.tmdb.org/t/p/w1280/kpgv4C338cFHhDrFyjDVIbJQqp4.jpg</thumbnail>
	<fanart>https://image.tmdb.org/t/p/w1280/sG3Du3Ha6rGeSzFfXme1nh8S2Jl.jpg</fanart>
</item>
<item>
	<title>[COLOR=white]The Nightmare Before Christmas[/COLOR]</title>
	<meta>
	<imdb>tt0107688</imdb>
	<content>movie</content>
	<title>The Nightmare Before Christmas</title>
	<year>1993</year>
	</meta>
	<link>
	<sublink>search</sublink>
	<sublink>searchsd</sublink>
	</link>
	<thumbnail>https://image.tmdb.org/t/p/w1280/6oxkO1VgKCq74fNILKAg6t2dVEt.jpg</thumbnail>
	<fanart>https://image.tmdb.org/t/p/w1280/8MzrNA4WMwgKnGzOzqFZpa9gEhm.jpg</fanart>
</item>
<item>
	<title>[COLOR=white]The Nut Job[/COLOR]</title>
	<meta>
	<imdb>tt1821658</imdb>
	<content>movie</content>
	<title>The Nut Job</title>
	<year>2014</year>
	</meta>
	<link>
	<sublink>search</sublink>
	<sublink>searchsd</sublink>
	</link>
	<thumbnail>https://image.tmdb.org/t/p/w1280/rXdSfDu08cs0fU9S6l3AK1bJqy8.jpg</thumbnail>
	<fanart>https://image.tmdb.org/t/p/w1280/TCtQLLO9PRqCcPCFgpx77a3Pct.jpg</fanart>
</item>
<item>
	<title>[COLOR=white]The Polar Express[/COLOR]</title>
	<meta>
	<imdb>tt0338348</imdb>
	<content>movie</content>
	<title>The Polar Express</title>
	<year>2004</year>
	</meta>
	<link>
	<sublink>search</sublink>
	<sublink>searchsd</sublink>
	</link>
	<thumbnail>https://image.tmdb.org/t/p/w1280/2NETsNUxcfBdKtq3W5YbT9O03Ak.jpg</thumbnail>
	<fanart>https://image.tmdb.org/t/p/w1280/AcXCaPRB037DZoZZ2cJzRSxrNBP.jpg</fanart>
</item>
<item>
	<title>[COLOR=white]The Princess and the Frog[/COLOR]</title>
	<meta>
	<imdb>tt0780521</imdb>
	<content>movie</content>
	<title>The Princess and the Frog</title>
	<year>2009</year>
	</meta>
	<link>
	<sublink>search</sublink>
	<sublink>searchsd</sublink>
	</link>
	<thumbnail>https://image.tmdb.org/t/p/w1280/bVRHirC6uIZL9VtRqYRxdedYnOG.jpg</thumbnail>
	<fanart>https://image.tmdb.org/t/p/w1280/1lwFk4K21cx0QIdmVDDF1qyLmTm.jpg</fanart>
</item>
<item>
	<title>[COLOR=white]The Road to El Dorado[/COLOR]</title>
	<meta>
	<imdb>tt0138749</imdb>
	<content>movie</content>
	<title>The Road to El Dorado</title>
	<year>2000</year>
	</meta>
	<link>
	<sublink>search</sublink>
	<sublink>searchsd</sublink>
	</link>
	<thumbnail>https://image.tmdb.org/t/p/w1280/lQnNNjT4yW3i2rmQhGibiPBnc6e.jpg</thumbnail>
	<fanart>https://image.tmdb.org/t/p/w1280/wO94ht5j5LpFoXeQomW0ItbOfsE.jpg</fanart>
</item>
<item>
	<title>[COLOR=white]The Sound of Music[/COLOR]</title>
	<meta>
	<imdb>tt0059742</imdb>
	<content>movie</content>
	<title>The Sound of Music</title>
	<year>1965</year>
	</meta>
	<link>
	<sublink>search</sublink>
	<sublink>searchsd</sublink>
	</link>
	<thumbnail>https://image.tmdb.org/t/p/w1280/459fPVvI4lkEV0piSfcq0irKHi8.jpg</thumbnail>
	<fanart>https://image.tmdb.org/t/p/w1280/weiACHVZa0lQ10cd3BhJm9d8YUF.jpg</fanart>
</item>
<item>
	<title>[COLOR=white]The Sword in the Stone[/COLOR]</title>
	<meta>
	<imdb>tt0057546</imdb>
	<content>movie</content>
	<title>The Sword in the Stone</title>
	<year>1963</year>
	</meta>
	<link>
	<sublink>search</sublink>
	<sublink>searchsd</sublink>
	</link>
	<thumbnail>https://image.tmdb.org/t/p/w1280/rgN4lN4paKVdUQ65lZ5qaNmSt2G.jpg</thumbnail>
	<fanart>https://image.tmdb.org/t/p/w1280/nFM5i0ur7XstB9WvvkPX6QGPq86.jpg</fanart>
</item>
<item>
	<title>[COLOR=white]Titan A.E.[/COLOR]</title>
	<meta>
	<imdb>tt0120913</imdb>
	<content>movie</content>
	<title>Titan A.E.</title>
	<year>2000</year>
	</meta>
	<link>
	<sublink>search</sublink>
	<sublink>searchsd</sublink>
	</link>
	<thumbnail>https://image.tmdb.org/t/p/w1280/huI8CYyxY0BhzJSLn6XAP4nWAv.jpg</thumbnail>
	<fanart>https://image.tmdb.org/t/p/w1280/gb1EB2iKOPvA3OTPLTXHAsPb7ek.jpg</fanart>
</item>
<item>
	<title>[COLOR=white]Toy Story 2[/COLOR]</title>
	<meta>
	<imdb>tt0120363</imdb>
	<content>movie</content>
	<title>Toy Story 2</title>
	<year>1999</year>
	</meta>
	<link>
	<sublink>search</sublink>
	<sublink>searchsd</sublink>
	</link>
	<thumbnail>https://image.tmdb.org/t/p/w1280/3CmK3XurcLeUyMifCR28ibzupbB.jpg</thumbnail>
	<fanart>https://image.tmdb.org/t/p/w1280/9Kjxr4VCU0Y4DAuXkzR2moAy7DK.jpg</fanart>
</item>
<item>
	<title>[COLOR=white]Toy Story 3[/COLOR]</title>
	<meta>
	<imdb>tt0435761</imdb>
	<content>movie</content>
	<title>Toy Story 3</title>
	<year>2010</year>
	</meta>
	<link>
	<sublink>search</sublink>
	<sublink>searchsd</sublink>
	</link>
	<thumbnail>https://image.tmdb.org/t/p/w1280/mMltbSxwEdNE4Cv8QYLpzkHWTDo.jpg</thumbnail>
	<fanart>https://image.tmdb.org/t/p/w1280/y2qAjM37QgatWeG84DDtwsZuMW.jpg</fanart>
</item>
<item>
	<title>[COLOR=white]Toy Story[/COLOR]</title>
	<meta>
	<imdb>tt0114709</imdb>
	<content>movie</content>
	<title>Toy Story</title>
	<year>1995</year>
	</meta>
	<link>
	<sublink>search</sublink>
	<sublink>searchsd</sublink>
	</link>
	<thumbnail>https://image.tmdb.org/t/p/w1280/rhIRbceoE9lR4veEXuwCC2wARtG.jpg</thumbnail>
	<fanart>https://image.tmdb.org/t/p/w1280/dji4Fm0gCDVb9DQQMRvAI8YNnTz.jpg</fanart>
</item>
<item>
	<title>[COLOR=white]Treasure Planet[/COLOR]</title>
	<meta>
	<imdb>tt0133240</imdb>
	<content>movie</content>
	<title>Treasure Planet</title>
	<year>2002</year>
	</meta>
	<link>
	<sublink>search</sublink>
	<sublink>searchsd</sublink>
	</link>
	<thumbnail>https://image.tmdb.org/t/p/w1280/yfcoA7q9n852yVnYa0VcAchgA72.jpg</thumbnail>
	<fanart>https://image.tmdb.org/t/p/w1280/3HVvtFm9NvOfn1u3yfeEugh2ZWj.jpg</fanart>
</item>
<item>
	<title>[COLOR=white]Up[/COLOR]</title>
	<meta>
	<imdb>tt1049413</imdb>
	<content>movie</content>
	<title>Up</title>
	<year>2009</year>
	</meta>
	<link>
	<sublink>search</sublink>
	<sublink>searchsd</sublink>
	</link>
	<thumbnail>https://image.tmdb.org/t/p/w1280/nk11pvocdb5zbFhX5oq5YiLPYMo.jpg</thumbnail>
	<fanart>https://image.tmdb.org/t/p/w1280/6fX7NF6IUJCTVssei7Shgl9J6LL.jpg</fanart>
</item>
<item>
	<title>[COLOR=white]WALL*E[/COLOR]</title>
	<meta>
	<imdb>tt0910970</imdb>
	<content>movie</content>
	<title>WALL*E</title>
	<year>2008</year>
	</meta>
	<link>
	<sublink>search</sublink>
	<sublink>searchsd</sublink>
	</link>
	<thumbnail>https://image.tmdb.org/t/p/w1280/9cJETuLMc6R0bTWRA5i7ctY9bxk.jpg</thumbnail>
	<fanart>https://image.tmdb.org/t/p/w1280/2nFyTvssbtJMLC6eyYwwZ88gALD.jpg</fanart>
</item>
<item>
	<title>[COLOR=white]Wreck-It Ralph[/COLOR]</title>
	<meta>
	<imdb>tt1772341</imdb>
	<content>movie</content>
	<title>Wreck-It Ralph</title>
	<year>2012</year>
	</meta>
	<link>
	<sublink>search</sublink>
	<sublink>searchsd</sublink>
	</link>
	<thumbnail>https://image.tmdb.org/t/p/w1280/emJc3atQsh2vnTgogQiyDIHKKPB.jpg</thumbnail>
	<fanart>https://image.tmdb.org/t/p/w1280/3M1DzBDrkZQ5y0QE8TXqELCJJP9.jpg</fanart>
</item>
</boss>
</xml>