<item>
	<title>[COLOR=white]Aladdin[/COLOR]</title>
	<meta>
	<imdb>tt0103639</imdb>
	<content>movie</content>
	<title>Aladdin</title>
	<year>1992</year>
	</meta>
	<link>
	<sublink>search</sublink>
	<sublink>searchsd</sublink>
	</link>
	<thumbnail>https://image.tmdb.org/t/p/w1280/7f53XAE4nPiGe9XprpGAeWHuKPw.jpg</thumbnail>
	<fanart>https://image.tmdb.org/t/p/w1280/toPEmFIckgRSPd40g6OLv3LWPtp.jpg</fanart>
</item>
<item>
	<title>[COLOR=white]Alice in Wonderland[/COLOR]</title>
	<meta>
	<imdb>tt0043274</imdb>
	<content>movie</content>
	<title>Alice in Wonderland</title>
	<year>1951</year>
	</meta>
	<link>
	<sublink>search</sublink>
	<sublink>searchsd</sublink>
	</link>
	<thumbnail>https://image.tmdb.org/t/p/w1280/6nqrMYon3UEMrTrkLvJPH5IwQZe.jpg</thumbnail>
	<fanart>https://image.tmdb.org/t/p/w1280/p6frW7qR3wUbssM25BS8BlzyoKc.jpg</fanart>
</item>
<item>
	<title>[COLOR=white]Atlantis: The Lost Empire[/COLOR]</title>
	<meta>
	<imdb>tt0230011</imdb>
	<content>movie</content>
	<title>Atlantis: The Lost Empire</title>
	<year>2001</year>
	</meta>
	<link>
	<sublink>search</sublink>
	<sublink>searchsd</sublink>
	</link>
	<thumbnail>https://image.tmdb.org/t/p/w1280/9kbLIQEj99g5Hb9g1IG3VNdtt3h.jpg</thumbnail>
	<fanart>https://image.tmdb.org/t/p/w1280/6tDYT0R7uzVroxR7W2nppuTv2Ha.jpg</fanart>
</item>
<item>
	<title>[COLOR=white]Bambi[/COLOR]</title>
	<meta>
	<imdb>tt0034492</imdb>
	<content>movie</content>
	<title>Bambi</title>
	<year>1942</year>
	</meta>
	<link>
	<sublink>search</sublink>
	<sublink>searchsd</sublink>
	</link>
	<thumbnail>https://image.tmdb.org/t/p/w1280/wV9e2y4myJ4KMFsyFfWYcUOawyK.jpg</thumbnail>
	<fanart>https://image.tmdb.org/t/p/w1280/zM2Rdsh4kiTEXPkkO9lWBzZpwAH.jpg</fanart>
</item>
<item>
	<title>[COLOR=white]Beauty and the Beast[/COLOR]</title>
	<meta>
	<imdb>tt0101414</imdb>
	<content>movie</content>
	<title>Beauty and the Beast</title>
	<year>1991</year>
	</meta>
	<link>
	<sublink>search</sublink>
	<sublink>searchsd</sublink>
	</link>
	<thumbnail>https://image.tmdb.org/t/p/w1280/b9QJr2oblOu1grgOMUZF1xkUJdh.jpg</thumbnail>
	<fanart>https://image.tmdb.org/t/p/w1280/tPammIMserHjUXmyiK8m7q5x4P6.jpg</fanart>
</item>
<item>
	<title>[COLOR=white]Bolt[/COLOR]</title>
	<meta>
	<imdb>tt0397892</imdb>
	<content>movie</content>
	<title>Bolt</title>
	<year>2008</year>
	</meta>
	<link>
	<sublink>search</sublink>
	<sublink>searchsd</sublink>
	</link>
	<thumbnail>https://image.tmdb.org/t/p/w1280/pGA75RbbIDXlUJtzJogAtS0KyxL.jpg</thumbnail>
	<fanart>https://image.tmdb.org/t/p/w1280/lwI40taKaCKHK9mUeSBP2tQz8dS.jpg</fanart>
</item>
<item>
	<title>[COLOR=white]Brother Bear[/COLOR]</title>
	<meta>
	<imdb>tt0328880</imdb>
	<content>movie</content>
	<title>Brother Bear</title>
	<year>2003</year>
	</meta>
	<link>
	<sublink>search</sublink>
	<sublink>searchsd</sublink>
	</link>
	<thumbnail>https://image.tmdb.org/t/p/w1280/otptPbEY0vBostmo95xwiiumMJm.jpg</thumbnail>
	<fanart>https://image.tmdb.org/t/p/w1280/mDgZ8aLCrH4NcUJIvF0W5B8qa4G.jpg</fanart>
</item>
<item>
	<title>[COLOR=white]Chicken Little[/COLOR]</title>
	<meta>
	<imdb>tt0371606</imdb>
	<content>movie</content>
	<title>Chicken Little</title>
	<year>2005</year>
	</meta>
	<link>
	<sublink>search</sublink>
	<sublink>searchsd</sublink>
	</link>
	<thumbnail>https://image.tmdb.org/t/p/w1280/iLMALbInUmbNn1tHmxJEWm5MyjP.jpg</thumbnail>
	<fanart>https://image.tmdb.org/t/p/w1280/9YqNb9V9lded8ZDjMz8nkQLpq15.jpg</fanart>
</item>
<item>
	<title>[COLOR=white]Cinderella[/COLOR]</title>
	<meta>
	<imdb>tt0042332</imdb>
	<content>movie</content>
	<title>Cinderella</title>
	<year>1950</year>
	</meta>
	<link>
	<sublink>search</sublink>
	<sublink>searchsd</sublink>
	</link>
	<thumbnail>https://image.tmdb.org/t/p/w1280/cdf4J7tDhSPAghWWgx9EnwQWBfF.jpg</thumbnail>
	<fanart>https://image.tmdb.org/t/p/w1280/7XY6mgZB6NDxr22jNW227Ibs4Br.jpg</fanart>
</item>
<item>
	<title>[COLOR=white]Dinosaur[/COLOR]</title>
	<meta>
	<imdb>none</imdb>
	<content>movie</content>
	<title>Dinosaur</title>
	<year>2000</year>
	</meta>
	<link>
	<sublink>search</sublink>
	<sublink>searchsd</sublink>
	</link>
	<thumbnail>https://image.tmdb.org/t/p/w1280/jZDp3C5howi40aCeqXDJliodXk9.jpg</thumbnail>
	<fanart>https://image.tmdb.org/t/p/w1280/LT2796bodQIvIV50KcyrsIkq6r.jpg</fanart>
</item>
<item>
	<title>[COLOR=white]Dumbo[/COLOR]</title>
	<meta>
	<imdb>tt0033563</imdb>
	<content>movie</content>
	<title>Dumbo</title>
	<year>1941</year>
	</meta>
	<link>
	<sublink>search</sublink>
	<sublink>searchsd</sublink>
	</link>
	<thumbnail>https://image.tmdb.org/t/p/w1280/hKDdllslMtsU9JixAv5HR9biXlp.jpg</thumbnail>
	<fanart>https://image.tmdb.org/t/p/w1280/sa5vHfu5n4NFqZbVf2hzqGr6bim.jpg</fanart>
</item>
<item>
	<title>[COLOR=white]Fantasia 2000[/COLOR]</title>
	<meta>
	<imdb>tt0120910</imdb>
	<content>movie</content>
	<title>Fantasia 2000</title>
	<year>1999</year>
	</meta>
	<link>
	<sublink>search</sublink>
	<sublink>searchsd</sublink>
	</link>
	<thumbnail>https://image.tmdb.org/t/p/w1280/rlsJxzIU5KEeNzvsWeDkdKry1Z1.jpg</thumbnail>
	<fanart>https://image.tmdb.org/t/p/w1280/vUQjup0AO21xZjmbzW1CjoB74vi.jpg</fanart>
</item>
<item>
	<title>[COLOR=white]Fantasia[/COLOR]</title>
	<meta>
	<imdb>tt0032455</imdb>
	<content>movie</content>
	<title>Fantasia</title>
	<year>1940</year>
	</meta>
	<link>
	<sublink>search</sublink>
	<sublink>searchsd</sublink>
	</link>
	<thumbnail>https://image.tmdb.org/t/p/w1280/mSJgxrTaTgDSOoggIPcj3ZoZswT.jpg</thumbnail>
	<fanart>https://image.tmdb.org/t/p/w1280/oZBj2o3JVULRe1SlBalBpnkfp6x.jpg</fanart>
</item>
<item>
	<title>[COLOR=white]Frozen[/COLOR]</title>
	<meta>
	<imdb>none</imdb>
	<content>movie</content>
	<title>Frozen</title>
	<year>2013</year>
	</meta>
	<link>
	<sublink>search</sublink>
	<sublink>searchsd</sublink>
	</link>
	<thumbnail>https://image.tmdb.org/t/p/w1280/jIjdFXKUNtdf1bwqMrhearpyjMj.jpg</thumbnail>
	<fanart>https://image.tmdb.org/t/p/w1280/cAhCDpAq80QCeQvHytY9JkBalpH.jpg</fanart>
</item>
<item>
	<title>[COLOR=white]Fun & Fancy Free[/COLOR]</title>
	<meta>
	<imdb>none</imdb>
	<content>movie</content>
	<title>Fun & Fancy Free</title>
	<year>1947</year>
	</meta>
	<link>
	<sublink>search</sublink>
	<sublink>searchsd</sublink>
	</link>
	<thumbnail>https://image.tmdb.org/t/p/w1280/1OuUZOWCSwPSxkZZeArFSA01LlV.jpg</thumbnail>
	<fanart>https://image.tmdb.org/t/p/w1280/yo4MHt1UTdOOMw3pkVagaMXD7i.jpg</fanart>
</item>
<item>
	<title>[COLOR=white]Hercules[/COLOR]</title>
	<meta>
	<imdb>tt0119282</imdb>
	<content>movie</content>
	<title>Hercules</title>
	<year>1997</year>
	</meta>
	<link>
	<sublink>search</sublink>
	<sublink>searchsd</sublink>
	</link>
	<thumbnail>https://image.tmdb.org/t/p/w1280/yds93kIrmH1aNN0YKAcHLyOkNEV.jpg</thumbnail>
	<fanart>https://image.tmdb.org/t/p/w1280/mlI0GuNH7AezVQzuabFHz0I4vVT.jpg</fanart>
</item>
<item>
	<title>[COLOR=white]Home on the Range[/COLOR]</title>
	<meta>
	<imdb>none</imdb>
	<content>movie</content>
	<title>Home on the Range</title>
	<year>2004</year>
	</meta>
	<link>
	<sublink>search</sublink>
	<sublink>searchsd</sublink>
	</link>
	<thumbnail>https://image.tmdb.org/t/p/w1280/1KFa2Mzzn2DMlC95eJwRYgRsHI.jpg</thumbnail>
	<fanart>https://image.tmdb.org/t/p/w1280/rQKlcMY8i3elENXEHlkAbQr3xiG.jpg</fanart>
</item>
<item>
	<title>[COLOR=white]Lady and the Tramp[/COLOR]</title>
	<meta>
	<imdb>tt0048280</imdb>
	<content>movie</content>
	<title>Lady and the Tramp</title>
	<year>1955</year>
	</meta>
	<link>
	<sublink>search</sublink>
	<sublink>searchsd</sublink>
	</link>
	<thumbnail>https://image.tmdb.org/t/p/w1280/AqQpqEn33UYExlAoWA02Hizb2lc.jpg</thumbnail>
	<fanart>https://image.tmdb.org/t/p/w1280/osSsQ4QWXS7Flu3y39QqP924Lud.jpg</fanart>
</item>
<item>
	<title>[COLOR=white]Lilo & Stitch[/COLOR]</title>
	<meta>
	<imdb>tt0275847</imdb>
	<content>movie</content>
	<title>Lilo & Stitch</title>
	<year>2002</year>
	</meta>
	<link>
	<sublink>search</sublink>
	<sublink>searchsd</sublink>
	</link>
	<thumbnail>https://image.tmdb.org/t/p/w1280/tVaEulzowKhMhDvHNNYb9rNEZPB.jpg</thumbnail>
	<fanart>https://image.tmdb.org/t/p/w1280/gss26usvT59v4bltFPVg49AiBFZ.jpg</fanart>
</item>
<item>
	<title>[COLOR=white]Make Mine Music[/COLOR]</title>
	<meta>
	<imdb>none</imdb>
	<content>movie</content>
	<title>Make Mine Music</title>
	<year>1946</year>
	</meta>
	<link>
	<sublink>search</sublink>
	<sublink>searchsd</sublink>
	</link>
	<thumbnail>https://image.tmdb.org/t/p/w1280/20Hs0MNWxwIAhSC7gfIN2bISrZI.jpg</thumbnail>
	<fanart>https://image.tmdb.org/t/p/w1280/iTwOiALjxkBjd7iKwMjQy9hMiMc.jpg</fanart>
</item>
<item>
	<title>[COLOR=white]Meet the Robinsons[/COLOR]</title>
	<meta>
	<imdb>tt0396555</imdb>
	<content>movie</content>
	<title>Meet the Robinsons</title>
	<year>2007</year>
	</meta>
	<link>
	<sublink>search</sublink>
	<sublink>searchsd</sublink>
	</link>
	<thumbnail>https://image.tmdb.org/t/p/w1280/oe7w9SxGmpSW1dlz5QaVVKWBEVz.jpg</thumbnail>
	<fanart>https://image.tmdb.org/t/p/w1280/jxWA2lDLidicmmDymnxlz53zAb9.jpg</fanart>
</item>
<item>
	<title>[COLOR=white]Melody Time[/COLOR]</title>
	<meta>
	<imdb>none</imdb>
	<content>movie</content>
	<title>Melody Time</title>
	<year>1948</year>
	</meta>
	<link>
	<sublink>search</sublink>
	<sublink>searchsd</sublink>
	</link>
	<thumbnail>https://image.tmdb.org/t/p/w1280/jvsVPD3oIDwiNDR6rK38YoEFf4h.jpg</thumbnail>
	<fanart>https://image.tmdb.org/t/p/w1280/dC4ovAcuEcULK3zXd22xei24fCK.jpg</fanart>
</item>
<item>
	<title>[COLOR=white]Mulan[/COLOR]</title>
	<meta>
	<imdb>tt0120762</imdb>
	<content>movie</content>
	<title>Mulan</title>
	<year>1998</year>
	</meta>
	<link>
	<sublink>search</sublink>
	<sublink>searchsd</sublink>
	</link>
	<thumbnail>https://image.tmdb.org/t/p/w1280/vXjfMyXHixdEEkqcuWS6hy3EZAG.jpg</thumbnail>
	<fanart>https://image.tmdb.org/t/p/w1280/sYydx5Q6qxdATbrj7imghCz0KEj.jpg</fanart>
</item>
<item>
	<title>[COLOR=white]Oliver & Company[/COLOR]</title>
	<meta>
	<imdb>tt0095776</imdb>
	<content>movie</content>
	<title>Oliver & Company</title>
	<year>1988</year>
	</meta>
	<link>
	<sublink>search</sublink>
	<sublink>searchsd</sublink>
	</link>
	<thumbnail>https://image.tmdb.org/t/p/w1280/m54pXsIUy3IJoaGhk3RwKsZQPG8.jpg</thumbnail>
	<fanart>https://image.tmdb.org/t/p/w1280/7klp2EhVlmogIXLyQsLVFrhdMD3.jpg</fanart>
</item>
<item>
	<title>[COLOR=white]One Hundred and One Dalmatians[/COLOR]</title>
	<meta>
	<imdb>tt0055254</imdb>
	<content>movie</content>
	<title>One Hundred and One Dalmatians</title>
	<year>1961</year>
	</meta>
	<link>
	<sublink>search</sublink>
	<sublink>searchsd</sublink>
	</link>
	<thumbnail>https://image.tmdb.org/t/p/w1280/vo5j5OZIdnfMIZSkVfSvh8cJUU.jpg</thumbnail>
	<fanart>https://image.tmdb.org/t/p/w1280/vHBYOUjt04iI0COvMtPAMa2pC9y.jpg</fanart>
</item>
<item>
	<title>[COLOR=white]Peter Pan[/COLOR]</title>
	<meta>
	<imdb>tt0046183</imdb>
	<content>movie</content>
	<title>Peter Pan</title>
	<year>1953</year>
	</meta>
	<link>
	<sublink>search</sublink>
	<sublink>searchsd</sublink>
	</link>
	<thumbnail>https://image.tmdb.org/t/p/w1280/aWLgUzpkVFk8OVcg5jJte5I0Ces.jpg</thumbnail>
	<fanart>https://image.tmdb.org/t/p/w1280/eLOKujSMudMf62ATU7XnpLaID1c.jpg</fanart>
</item>
<item>
	<title>[COLOR=white]Pinocchio[/COLOR]</title>
	<meta>
	<imdb>tt0032910</imdb>
	<content>movie</content>
	<title>Pinocchio</title>
	<year>1940</year>
	</meta>
	<link>
	<sublink>search</sublink>
	<sublink>searchsd</sublink>
	</link>
	<thumbnail>https://image.tmdb.org/t/p/w1280/hu9sn5kHTXZsafNQYQf4qQ16BGI.jpg</thumbnail>
	<fanart>https://image.tmdb.org/t/p/w1280/rma1Rc12ogaCuqlu3e9rU1ma6My.jpg</fanart>
</item>
<item>
	<title>[COLOR=white]Pocahontas[/COLOR]</title>
	<meta>
	<imdb>tt0114148</imdb>
	<content>movie</content>
	<title>Pocahontas</title>
	<year>1995</year>
	</meta>
	<link>
	<sublink>search</sublink>
	<sublink>searchsd</sublink>
	</link>
	<thumbnail>https://image.tmdb.org/t/p/w1280/qk95miOV8wDABbO5gyCpCrvbVFu.jpg</thumbnail>
	<fanart>https://image.tmdb.org/t/p/w1280/dm6NraLaLOCvGfzYPl7puMvvxfr.jpg</fanart>
</item>
<item>
	<title>[COLOR=white]Robin Hood[/COLOR]</title>
	<meta>
	<imdb>tt0070608</imdb>
	<content>movie</content>
	<title>Robin Hood</title>
	<year>1973</year>
	</meta>
	<link>
	<sublink>search</sublink>
	<sublink>searchsd</sublink>
	</link>
	<thumbnail>https://image.tmdb.org/t/p/w1280/78yFcKivWbLwlPcUOPj2A75k4Ii.jpg</thumbnail>
	<fanart>https://image.tmdb.org/t/p/w1280/gidtawc8Mne3Dc5UrkvXhoIZqCZ.jpg</fanart>
</item>
<item>
	<title>[COLOR=white]Saludos Amigos[/COLOR]</title>
	<meta>
	<imdb>tt0036326</imdb>
	<content>movie</content>
	<title>Saludos Amigos</title>
	<year>1942</year>
	</meta>
	<link>
	<sublink>search</sublink>
	<sublink>searchsd</sublink>
	</link>
	<thumbnail>https://image.tmdb.org/t/p/w1280/jiNSrKpgKdLXEUasOvNaCBgEner.jpg</thumbnail>
	<fanart>https://image.tmdb.org/t/p/w1280/trg7wvn1cVvhltOKIZ789EBexuw.jpg</fanart>
</item>
<item>
	<title>[COLOR=white]Sleeping Beauty[/COLOR]</title>
	<meta>
	<imdb>tt0053285</imdb>
	<content>movie</content>
	<title>Sleeping Beauty</title>
	<year>1959</year>
	</meta>
	<link>
	<sublink>search</sublink>
	<sublink>searchsd</sublink>
	</link>
	<thumbnail>https://image.tmdb.org/t/p/w1280/j4YBuAe8D1jDSiitpq69og9x3Yl.jpg</thumbnail>
	<fanart>https://image.tmdb.org/t/p/w1280/zWKl0O88hHRinqadToYFVWuPkdG.jpg</fanart>
</item>
<item>
	<title>[COLOR=white]Snow White and the Seven Dwarfs[/COLOR]</title>
	<meta>
	<imdb>tt0029583</imdb>
	<content>movie</content>
	<title>Snow White and the Seven Dwarfs</title>
	<year>1937</year>
	</meta>
	<link>
	<sublink>search</sublink>
	<sublink>searchsd</sublink>
	</link>
	<thumbnail>https://image.tmdb.org/t/p/w1280/wbVGRBYPRRahIZNGXY9TfHDUSc2.jpg</thumbnail>
	<fanart>https://image.tmdb.org/t/p/w1280/c66otZnSdri67kR7ps92kRX849o.jpg</fanart>
</item>
<item>
	<title>[COLOR=white]Tangled[/COLOR]</title>
	<meta>
	<imdb>tt0398286</imdb>
	<content>movie</content>
	<title>Tangled</title>
	<year>2010</year>
	</meta>
	<link>
	<sublink>search</sublink>
	<sublink>searchsd</sublink>
	</link>
	<thumbnail>https://image.tmdb.org/t/p/w1280/re6AOJbhBk9FIK3knwU6rYlbPDx.jpg</thumbnail>
	<fanart>https://image.tmdb.org/t/p/w1280/uFg02Gt69UM6Ouam4slMdD0s029.jpg</fanart>
</item>
<item>
	<title>[COLOR=white]Tarzan[/COLOR]</title>
	<meta>
	<imdb>tt0120855</imdb>
	<content>movie</content>
	<title>Tarzan</title>
	<year>1999</year>
	</meta>
	<link>
	<sublink>search</sublink>
	<sublink>searchsd</sublink>
	</link>
	<thumbnail>https://image.tmdb.org/t/p/w1280/hnTrfKJmnPLMTajHw2RDgv6hVyH.jpg</thumbnail>
	<fanart>https://image.tmdb.org/t/p/w1280/vwS3vyNaD94h4BjLjNvbVOCNfsJ.jpg</fanart>
</item>
<item>
	<title>[COLOR=white]The Adventures of Ichabod and Mr. Toad[/COLOR]</title>
	<meta>
	<imdb>none</imdb>
	<content>movie</content>
	<title>The Adventures of Ichabod and Mr. Toad</title>
	<year>1949</year>
	</meta>
	<link>
	<sublink>search</sublink>
	<sublink>searchsd</sublink>
	</link>
	<thumbnail>https://image.tmdb.org/t/p/w1280/jxj5YILmvzXrviQ0mBQs2dwLX09.jpg</thumbnail>
	<fanart>https://image.tmdb.org/t/p/w1280/fi07BlzQ3HIG8GGljhwtFYjdf9N.jpg</fanart>
</item>
<item>
	<title>[COLOR=white]The Aristocats[/COLOR]</title>
	<meta>
	<imdb>tt0065421</imdb>
	<content>movie</content>
	<title>The Aristocats</title>
	<year>1970</year>
	</meta>
	<link>
	<sublink>search</sublink>
	<sublink>searchsd</sublink>
	</link>
	<thumbnail>https://image.tmdb.org/t/p/w1280/3LudCahifOrueMklYBxAXY2wpBg.jpg</thumbnail>
	<fanart>https://image.tmdb.org/t/p/w1280/fojdVtSsZa7fXyJQ6w1Exw7GWum.jpg</fanart>
</item>
<item>
	<title>[COLOR=white]The Black Cauldron[/COLOR]</title>
	<meta>
	<imdb>tt0088814</imdb>
	<content>movie</content>
	<title>The Black Cauldron</title>
	<year>1985</year>
	</meta>
	<link>
	<sublink>search</sublink>
	<sublink>searchsd</sublink>
	</link>
	<thumbnail>https://image.tmdb.org/t/p/w1280/ul51Bblm9tSaUh0vvhTRLW9xmJo.jpg</thumbnail>
	<fanart>https://image.tmdb.org/t/p/w1280/uGgOTNflRFixvKB3RKVOwSNf90m.jpg</fanart>
</item>
<item>
	<title>[COLOR=white]The Emperor's New Groove[/COLOR]</title>
	<meta>
	<imdb>tt0120917</imdb>
	<content>movie</content>
	<title>The Emperor's New Groove</title>
	<year>2000</year>
	</meta>
	<link>
	<sublink>search</sublink>
	<sublink>searchsd</sublink>
	</link>
	<thumbnail>https://image.tmdb.org/t/p/w1280/rbgOxT446Wb0c4dJC4iLKgxtW1U.jpg</thumbnail>
	<fanart>https://image.tmdb.org/t/p/w1280/Aczojyb0VFBNpFrxARqeCtdd2gA.jpg</fanart>
</item>
<item>
	<title>[COLOR=white]The Fox and the Hound[/COLOR]</title>
	<meta>
	<imdb>tt0082406</imdb>
	<content>movie</content>
	<title>The Fox and the Hound</title>
	<year>1981</year>
	</meta>
	<link>
	<sublink>search</sublink>
	<sublink>searchsd</sublink>
	</link>
	<thumbnail>https://image.tmdb.org/t/p/w1280/1382VHxqZDXu2t8i46zf4fP71JG.jpg</thumbnail>
	<fanart>https://image.tmdb.org/t/p/w1280/87uShMszqPxwA034GsskGdzJOgN.jpg</fanart>
</item>
<item>
	<title>[COLOR=white]The Great Mouse Detective[/COLOR]</title>
	<meta>
	<imdb>tt0091149</imdb>
	<content>movie</content>
	<title>The Great Mouse Detective</title>
	<year>1986</year>
	</meta>
	<link>
	<sublink>search</sublink>
	<sublink>searchsd</sublink>
	</link>
	<thumbnail>https://image.tmdb.org/t/p/w1280/7p2ekrptHyB2qPLwVkq7vvZL7mz.jpg</thumbnail>
	<fanart>https://image.tmdb.org/t/p/w1280/A0enTetqBfL3UqLPyg0MONLQDXN.jpg</fanart>
</item>
<item>
	<title>[COLOR=white]The Hunchback of Notre Dame[/COLOR]</title>
	<meta>
	<imdb>tt0116583</imdb>
	<content>movie</content>
	<title>The Hunchback of Notre Dame</title>
	<year>1996</year>
	</meta>
	<link>
	<sublink>search</sublink>
	<sublink>searchsd</sublink>
	</link>
	<thumbnail>https://image.tmdb.org/t/p/w1280/gpMXF2Bp7GHTT8GbMgf7yuBEyuV.jpg</thumbnail>
	<fanart>https://image.tmdb.org/t/p/w1280/cHada6eEf0hCOr25paU9YEt6N6l.jpg</fanart>
</item>
<item>
	<title>[COLOR=white]The Jungle Book[/COLOR]</title>
	<meta>
	<imdb>tt0061852</imdb>
	<content>movie</content>
	<title>The Jungle Book</title>
	<year>1967</year>
	</meta>
	<link>
	<sublink>search</sublink>
	<sublink>searchsd</sublink>
	</link>
	<thumbnail>https://image.tmdb.org/t/p/w1280/1AreNcL9s24Qfghbzomy0IlzCFk.jpg</thumbnail>
	<fanart>https://image.tmdb.org/t/p/w1280/pfSLaXhojt0cNU6lWRGxvbQ2HWi.jpg</fanart>
</item>
<item>
	<title>[COLOR=white]The Lion King[/COLOR]</title>
	<meta>
	<imdb>tt0110357</imdb>
	<content>movie</content>
	<title>The Lion King</title>
	<year>1994</year>
	</meta>
	<link>
	<sublink>search</sublink>
	<sublink>searchsd</sublink>
	</link>
	<thumbnail>https://image.tmdb.org/t/p/w1280/bKPtXn9n4M4s8vvZrbw40mYsefB.jpg</thumbnail>
	<fanart>https://image.tmdb.org/t/p/w1280/6lL49SOgBtqiXMs7Y5HWBYH3X9Z.jpg</fanart>
</item>
<item>
	<title>[COLOR=white]The Little Mermaid[/COLOR]</title>
	<meta>
	<imdb>tt0097757</imdb>
	<content>movie</content>
	<title>The Little Mermaid</title>
	<year>1989</year>
	</meta>
	<link>
	<sublink>search</sublink>
	<sublink>searchsd</sublink>
	</link>
	<thumbnail>https://image.tmdb.org/t/p/w1280/ivdzLXCVgPUyjphKbbB40z8FQp8.jpg</thumbnail>
	<fanart>https://image.tmdb.org/t/p/w1280/h62PZCsfuiCD3JvkXmGqrUpnHJL.jpg</fanart>
</item>
<item>
	<title>[COLOR=white]The Princess and the Frog[/COLOR]</title>
	<meta>
	<imdb>tt0780521</imdb>
	<content>movie</content>
	<title>The Princess and the Frog</title>
	<year>2009</year>
	</meta>
	<link>
	<sublink>search</sublink>
	<sublink>searchsd</sublink>
	</link>
	<thumbnail>https://image.tmdb.org/t/p/w1280/bVRHirC6uIZL9VtRqYRxdedYnOG.jpg</thumbnail>
	<fanart>https://image.tmdb.org/t/p/w1280/1lwFk4K21cx0QIdmVDDF1qyLmTm.jpg</fanart>
</item>
<item>
	<title>[COLOR=white]The Rescuers Down Under[/COLOR]</title>
	<meta>
	<imdb>tt0100477</imdb>
	<content>movie</content>
	<title>The Rescuers Down Under</title>
	<year>1990</year>
	</meta>
	<link>
	<sublink>search</sublink>
	<sublink>searchsd</sublink>
	</link>
	<thumbnail>https://image.tmdb.org/t/p/w1280/vyi6BGcWHjaUwNkdga3wKEESIaP.jpg</thumbnail>
	<fanart>https://image.tmdb.org/t/p/w1280/jCbLi7MXY7mO22WO6dVta2fCPmV.jpg</fanart>
</item>
<item>
	<title>[COLOR=white]The Rescuers[/COLOR]</title>
	<meta>
	<imdb>none</imdb>
	<content>movie</content>
	<title>The Rescuers</title>
	<year>1977</year>
	</meta>
	<link>
	<sublink>search</sublink>
	<sublink>searchsd</sublink>
	</link>
	<thumbnail>https://image.tmdb.org/t/p/w1280/49rGpB2x6AFB83SC4IBl9foRIGp.jpg</thumbnail>
	<fanart>https://image.tmdb.org/t/p/w1280/8kVDTCCrcN2twIJZpkTNfG3df85.jpg</fanart>
</item>
<item>
	<title>[COLOR=white]The Sword in the Stone[/COLOR]</title>
	<meta>
	<imdb>none</imdb>
	<content>movie</content>
	<title>The Sword in the Stone</title>
	<year>1963</year>
	</meta>
	<link>
	<sublink>search</sublink>
	<sublink>searchsd</sublink>
	</link>
	<thumbnail>https://image.tmdb.org/t/p/w1280/rgN4lN4paKVdUQ65lZ5qaNmSt2G.jpg</thumbnail>
	<fanart>https://image.tmdb.org/t/p/w1280/nFM5i0ur7XstB9WvvkPX6QGPq86.jpg</fanart>
</item>
<item>
	<title>[COLOR=white]The Three Caballeros[/COLOR]</title>
	<meta>
	<imdb>tt0038166</imdb>
	<content>movie</content>
	<title>The Three Caballeros</title>
	<year>1944</year>
	</meta>
	<link>
	<sublink>search</sublink>
	<sublink>searchsd</sublink>
	</link>
	<thumbnail>https://image.tmdb.org/t/p/w1280/4cejsYPl5u9k9PY5WvIo62UdvZP.jpg</thumbnail>
	<fanart>https://image.tmdb.org/t/p/w1280/s0lw0bouIMYwuJhz0bDUA0ucab0.jpg</fanart>
</item>
<item>
	<title>[COLOR=white]Treasure Planet[/COLOR]</title>
	<meta>
	<imdb>tt0133240</imdb>
	<content>movie</content>
	<title>Treasure Planet</title>
	<year>2002</year>
	</meta>
	<link>
	<sublink>search</sublink>
	<sublink>searchsd</sublink>
	</link>
	<thumbnail>https://image.tmdb.org/t/p/w1280/yfcoA7q9n852yVnYa0VcAchgA72.jpg</thumbnail>
	<fanart>https://image.tmdb.org/t/p/w1280/3HVvtFm9NvOfn1u3yfeEugh2ZWj.jpg</fanart>
</item>
<item>
	<title>[COLOR=white]Winnie the Pooh[/COLOR]</title>
	<meta>
	<imdb>none</imdb>
	<content>movie</content>
	<title>Winnie the Pooh</title>
	<year>2011</year>
	</meta>
	<link>
	<sublink>search</sublink>
	<sublink>searchsd</sublink>
	</link>
	<thumbnail>https://image.tmdb.org/t/p/w1280/dD3IiGBPHeuqiNsvbmR2vcNMqt4.jpg</thumbnail>
	<fanart>https://image.tmdb.org/t/p/w1280/7FZJz63TtQtF9Jlz36N2YjhODD6.jpg</fanart>
</item>
<item>
	<title>[COLOR=white]Wreck-It Ralph[/COLOR]</title>
	<meta>
	<imdb>none</imdb>
	<content>movie</content>
	<title>Wreck-It Ralph</title>
	<year>2012</year>
	</meta>
	<link>
	<sublink>search</sublink>
	<sublink>searchsd</sublink>
	</link>
	<thumbnail>https://image.tmdb.org/t/p/w1280/emJc3atQsh2vnTgogQiyDIHKKPB.jpg</thumbnail>
	<fanart>https://image.tmdb.org/t/p/w1280/3M1DzBDrkZQ5y0QE8TXqELCJJP9.jpg</fanart>
</item>
