<item>
	<title>[COLOR=white]How to Train Your Dragon[/COLOR]</title>
	<meta>
	<imdb>tt0892769</imdb>
	<content>movie</content>
	<title>How to Train Your Dragon</title>
	<year>2010</year>
	</meta>
	<link>
	<sublink>search</sublink>
	<sublink>searchsd</sublink>
	</link>
	<thumbnail>https://image.tmdb.org/t/p/w1280/hIXX3IRFy0InUOmYeWjvhCAgQNj.jpg</thumbnail>
	<fanart>https://image.tmdb.org/t/p/w1280/3eR9HOkPZUbrGWDRdKHeKoiMLc4.jpg</fanart>
</item>
<item>
	<title>[COLOR=white]Toy Story 3[/COLOR]</title>
	<meta>
	<imdb>tt0435761</imdb>
	<content>movie</content>
	<title>Toy Story 3</title>
	<year>2010</year>
	</meta>
	<link>
	<sublink>search</sublink>
	<sublink>searchsd</sublink>
	</link>
	<thumbnail>https://image.tmdb.org/t/p/w1280/mMltbSxwEdNE4Cv8QYLpzkHWTDo.jpg</thumbnail>
	<fanart>https://image.tmdb.org/t/p/w1280/y2qAjM37QgatWeG84DDtwsZuMW.jpg</fanart>
</item>
<item>
	<title>[COLOR=white]Renaissance[/COLOR]</title>
	<meta>
	<imdb>tt0386741</imdb>
	<content>movie</content>
	<title>Renaissance</title>
	<year>2006</year>
	</meta>
	<link>
	<sublink>search</sublink>
	<sublink>searchsd</sublink>
	</link>
	<thumbnail>https://image.tmdb.org/t/p/w1280/qLCgkxWisyDBLLQWaANRiaMG6wn.jpg</thumbnail>
	<fanart>https://image.tmdb.org/t/p/w1280/1hvIBefVDjAoX58Xvf8C7Tg7z3j.jpg</fanart>
</item>
<item>
	<title>[COLOR=white]The Triplets of Belleville[/COLOR]</title>
	<meta>
	<imdb>tt0286244</imdb>
	<content>movie</content>
	<title>The Triplets of Belleville</title>
	<year>2003</year>
	</meta>
	<link>
	<sublink>search</sublink>
	<sublink>searchsd</sublink>
	</link>
	<thumbnail>https://image.tmdb.org/t/p/w1280/A8aSp63Xi4cnip3wAhk7Jml1uWG.jpg</thumbnail>
	<fanart>https://image.tmdb.org/t/p/w1280/qBRwRxhUszKvcHQxMiimuax6U2e.jpg</fanart>
</item>
<item>
	<title>[COLOR=white]Hoodwinked![/COLOR]</title>
	<meta>
	<imdb>tt0443536</imdb>
	<content>movie</content>
	<title>Hoodwinked!</title>
	<year>2005</year>
	</meta>
	<link>
	<sublink>search</sublink>
	<sublink>searchsd</sublink>
	</link>
	<thumbnail>https://image.tmdb.org/t/p/w1280/cx7CmTKBa5sgZqLp6680CdMrZc1.jpg</thumbnail>
	<fanart>https://image.tmdb.org/t/p/w1280/4KWtkmddn9bu537mU2WRsmJuoBe.jpg</fanart>
</item>
<item>
	<title>[COLOR=white]Mulan[/COLOR]</title>
	<meta>
	<imdb>tt0120762</imdb>
	<content>movie</content>
	<title>Mulan</title>
	<year>1998</year>
	</meta>
	<link>
	<sublink>search</sublink>
	<sublink>searchsd</sublink>
	</link>
	<thumbnail>https://image.tmdb.org/t/p/w1280/vXjfMyXHixdEEkqcuWS6hy3EZAG.jpg</thumbnail>
	<fanart>https://image.tmdb.org/t/p/w1280/sYydx5Q6qxdATbrj7imghCz0KEj.jpg</fanart>
</item>
<item>
	<title>[COLOR=white]WALL*E[/COLOR]</title>
	<meta>
	<imdb>tt0910970</imdb>
	<content>movie</content>
	<title>WALL*E</title>
	<year>2008</year>
	</meta>
	<link>
	<sublink>search</sublink>
	<sublink>searchsd</sublink>
	</link>
	<thumbnail>https://image.tmdb.org/t/p/w1280/9cJETuLMc6R0bTWRA5i7ctY9bxk.jpg</thumbnail>
	<fanart>https://image.tmdb.org/t/p/w1280/2nFyTvssbtJMLC6eyYwwZ88gALD.jpg</fanart>
</item>
<item>
	<title>[COLOR=white]Tangled[/COLOR]</title>
	<meta>
	<imdb>tt0398286</imdb>
	<content>movie</content>
	<title>Tangled</title>
	<year>2010</year>
	</meta>
	<link>
	<sublink>search</sublink>
	<sublink>searchsd</sublink>
	</link>
	<thumbnail>https://image.tmdb.org/t/p/w1280/re6AOJbhBk9FIK3knwU6rYlbPDx.jpg</thumbnail>
	<fanart>https://image.tmdb.org/t/p/w1280/uFg02Gt69UM6Ouam4slMdD0s029.jpg</fanart>
</item>
<item>
	<title>[COLOR=white]The Illusionist[/COLOR]</title>
	<meta>
	<imdb>tt0775489</imdb>
	<content>movie</content>
	<title>The Illusionist</title>
	<year>2010</year>
	</meta>
	<link>
	<sublink>search</sublink>
	<sublink>searchsd</sublink>
	</link>
	<thumbnail>https://image.tmdb.org/t/p/w1280/Ac2tNYW9sRaOhmtMJQuhf2mvo00.jpg</thumbnail>
	<fanart>https://image.tmdb.org/t/p/w1280/iI9mgfMxPgBG8qdE7AA2pq6Tqjz.jpg</fanart>
</item>
<item>
	<title>[COLOR=white]First Squad: The Moment of Truth[/COLOR]</title>
	<meta>
	<imdb>tt1343712</imdb>
	<content>movie</content>
	<title>First Squad: The Moment of Truth</title>
	<year>2009</year>
	</meta>
	<link>
	<sublink>search</sublink>
	<sublink>searchsd</sublink>
	</link>
	<thumbnail>https://image.tmdb.org/t/p/w1280/cF0ZM7aJkacUs50llJMtkaDhVJA.jpg</thumbnail>
	<fanart>https://image.tmdb.org/t/p/w1280/cvj6yvLi4NskCmhMKEAVgDsFydr.jpg</fanart>
</item>
<item>
	<title>[COLOR=white]The Secret of Kells[/COLOR]</title>
	<meta>
	<imdb>tt0485601</imdb>
	<content>movie</content>
	<title>The Secret of Kells</title>
	<year>2009</year>
	</meta>
	<link>
	<sublink>search</sublink>
	<sublink>searchsd</sublink>
	</link>
	<thumbnail>https://image.tmdb.org/t/p/w1280/hTmIGCqLKKUoEKJYOAJJau8mgne.jpg</thumbnail>
	<fanart>https://image.tmdb.org/t/p/w1280/i9KqqGDw6aOOxtQDdzP4xHmjyHT.jpg</fanart>
</item>
<item>
	<title>[COLOR=white]The Lord of the Rings[/COLOR]</title>
	<meta>
	<imdb>tt0077869</imdb>
	<content>movie</content>
	<title>The Lord of the Rings</title>
	<year>1978</year>
	</meta>
	<link>
	<sublink>search</sublink>
	<sublink>searchsd</sublink>
	</link>
	<thumbnail>https://image.tmdb.org/t/p/w1280/1l3WpoF7TX9pOprX4XepCXjQXUV.jpg</thumbnail>
	<fanart>https://image.tmdb.org/t/p/w1280/8HqSxB9VLJkbRXRdlocbLq9wxwY.jpg</fanart>
</item>
<item>
	<title>[COLOR=white]Cars[/COLOR]</title>
	<meta>
	<imdb>tt0317219</imdb>
	<content>movie</content>
	<title>Cars</title>
	<year>2006</year>
	</meta>
	<link>
	<sublink>search</sublink>
	<sublink>searchsd</sublink>
	</link>
	<thumbnail>https://image.tmdb.org/t/p/w1280/5damnMcRFKSjhCirgX3CMa88MBj.jpg</thumbnail>
	<fanart>https://image.tmdb.org/t/p/w1280/a1MlbLBk5Sy6YvMbSuKfwGlDVlb.jpg</fanart>
</item>
<item>
	<title>[COLOR=white]Astro Boy[/COLOR]</title>
	<meta>
	<imdb>tt0375568</imdb>
	<content>movie</content>
	<title>Astro Boy</title>
	<year>2009</year>
	</meta>
	<link>
	<sublink>search</sublink>
	<sublink>searchsd</sublink>
	</link>
	<thumbnail>https://image.tmdb.org/t/p/w1280/4kQczIhUFTnDWwG6HKsgCxLoi6.jpg</thumbnail>
	<fanart>https://image.tmdb.org/t/p/w1280/koxKvzuShnLANUXWH1vkJEWigGB.jpg</fanart>
</item>
<item>
	<title>[COLOR=white]Megamind[/COLOR]</title>
	<meta>
	<imdb>tt1001526</imdb>
	<content>movie</content>
	<title>Megamind</title>
	<year>2010</year>
	</meta>
	<link>
	<sublink>search</sublink>
	<sublink>searchsd</sublink>
	</link>
	<thumbnail>https://image.tmdb.org/t/p/w1280/mws4hcv746iKsTv81sY393LY4YI.jpg</thumbnail>
	<fanart>https://image.tmdb.org/t/p/w1280/ixIJRnkjEclMf8ZCYijT84En5Bb.jpg</fanart>
</item>
<item>
	<title>[COLOR=white]Despicable Me[/COLOR]</title>
	<meta>
	<imdb>tt1323594</imdb>
	<content>movie</content>
	<title>Despicable Me</title>
	<year>2010</year>
	</meta>
	<link>
	<sublink>search</sublink>
	<sublink>searchsd</sublink>
	</link>
	<thumbnail>https://image.tmdb.org/t/p/w1280/4zHJhBSY4kNZXfhTlmy2TzXD51M.jpg</thumbnail>
	<fanart>https://image.tmdb.org/t/p/w1280/yo1ef57MEPkEE4BDZKTZGH9uDcX.jpg</fanart>
</item>
<item>
	<title>[COLOR=white]A Scanner Darkly[/COLOR]</title>
	<meta>
	<imdb>tt0405296</imdb>
	<content>movie</content>
	<title>A Scanner Darkly</title>
	<year>2006</year>
	</meta>
	<link>
	<sublink>search</sublink>
	<sublink>searchsd</sublink>
	</link>
	<thumbnail>https://image.tmdb.org/t/p/w1280/wS0QhF2RTwap84BKGr9hKHzNAMx.jpg</thumbnail>
	<fanart>https://image.tmdb.org/t/p/w1280/nZuqo9yQpEo447sH0w0MFBgdT6J.jpg</fanart>
</item>
<item>
	<title>[COLOR=white]Corpse Bride[/COLOR]</title>
	<meta>
	<imdb>tt0121164</imdb>
	<content>movie</content>
	<title>Corpse Bride</title>
	<year>2005</year>
	</meta>
	<link>
	<sublink>search</sublink>
	<sublink>searchsd</sublink>
	</link>
	<thumbnail>https://image.tmdb.org/t/p/w1280/o9GbcdP7rOg2m1NyUnUR3ZwNcTE.jpg</thumbnail>
	<fanart>https://image.tmdb.org/t/p/w1280/mlfoltX46WG4FqdKy92hiOq33qO.jpg</fanart>
</item>
<item>
	<title>[COLOR=white]Coraline[/COLOR]</title>
	<meta>
	<imdb>tt0327597</imdb>
	<content>movie</content>
	<title>Coraline</title>
	<year>2009</year>
	</meta>
	<link>
	<sublink>search</sublink>
	<sublink>searchsd</sublink>
	</link>
	<thumbnail>https://image.tmdb.org/t/p/w1280/ybOmHUVVXcwBQErjw7tmeE97fpO.jpg</thumbnail>
	<fanart>https://image.tmdb.org/t/p/w1280/8ChkcF8uX6OYyTuOMuiYHT28VSu.jpg</fanart>
</item>
<item>
	<title>[COLOR=white]Futurama: Into the Wild Green Yonder[/COLOR]</title>
	<meta>
	<imdb>tt1054487</imdb>
	<content>movie</content>
	<title>Futurama: Into the Wild Green Yonder</title>
	<year>2009</year>
	</meta>
	<link>
	<sublink>search</sublink>
	<sublink>searchsd</sublink>
	</link>
	<thumbnail>https://image.tmdb.org/t/p/w1280/oO277AgYJubRcGdU1vRlfJdMbP3.jpg</thumbnail>
	<fanart>https://image.tmdb.org/t/p/w1280/5AKPFpdAyotePd1N0JW3u9l4tkl.jpg</fanart>
</item>
<item>
	<title>[COLOR=white]Finding Nemo[/COLOR]</title>
	<meta>
	<imdb>tt0266543</imdb>
	<content>movie</content>
	<title>Finding Nemo</title>
	<year>2003</year>
	</meta>
	<link>
	<sublink>search</sublink>
	<sublink>searchsd</sublink>
	</link>
	<thumbnail>https://image.tmdb.org/t/p/w1280/syPWyeeqzTQIxjIUaIFI7d0TyEY.jpg</thumbnail>
	<fanart>https://image.tmdb.org/t/p/w1280/n2vIGWw4ezslXjlP0VNxkp9wqwU.jpg</fanart>
</item>
<item>
	<title>[COLOR=white]Monsters, Inc.[/COLOR]</title>
	<meta>
	<imdb>tt0198781</imdb>
	<content>movie</content>
	<title>Monsters, Inc.</title>
	<year>2001</year>
	</meta>
	<link>
	<sublink>search</sublink>
	<sublink>searchsd</sublink>
	</link>
	<thumbnail>https://image.tmdb.org/t/p/w1280/93Y9BGx8blzmZOPSoivkFfaifqU.jpg</thumbnail>
	<fanart>https://image.tmdb.org/t/p/w1280/eKBUYeSgGVvztO2MZxD5YMcz6kv.jpg</fanart>
</item>
<item>
	<title>[COLOR=white]Shrek[/COLOR]</title>
	<meta>
	<imdb>tt0126029</imdb>
	<content>movie</content>
	<title>Shrek</title>
	<year>2001</year>
	</meta>
	<link>
	<sublink>search</sublink>
	<sublink>searchsd</sublink>
	</link>
	<thumbnail>https://image.tmdb.org/t/p/w1280/140ewbWv8qHStD3mlBDvvGd0Zvu.jpg</thumbnail>
	<fanart>https://image.tmdb.org/t/p/w1280/wBG4kHfhwm3bLwKUFNRByXXv4r2.jpg</fanart>
</item>
<item>
	<title>[COLOR=white]Shrek 2[/COLOR]</title>
	<meta>
	<imdb>tt0298148</imdb>
	<content>movie</content>
	<title>Shrek 2</title>
	<year>2004</year>
	</meta>
	<link>
	<sublink>search</sublink>
	<sublink>searchsd</sublink>
	</link>
	<thumbnail>https://image.tmdb.org/t/p/w1280/akWDA0BMVYK4OTM92T5i91DYnsT.jpg</thumbnail>
	<fanart>https://image.tmdb.org/t/p/w1280/nJ0TsLEeht6y30AMryc4ElQ8gzp.jpg</fanart>
</item>
<item>
	<title>[COLOR=white]Shrek the Third[/COLOR]</title>
	<meta>
	<imdb>tt0413267</imdb>
	<content>movie</content>
	<title>Shrek the Third</title>
	<year>2007</year>
	</meta>
	<link>
	<sublink>search</sublink>
	<sublink>searchsd</sublink>
	</link>
	<thumbnail>https://image.tmdb.org/t/p/w1280/lA17Mlz8hXVZsW5Y3WuUa8KPilQ.jpg</thumbnail>
	<fanart>https://image.tmdb.org/t/p/w1280/7fT1IogBbxM6S7SOIGSe7BXLEMq.jpg</fanart>
</item>
<item>
	<title>[COLOR=white]Aladdin[/COLOR]</title>
	<meta>
	<imdb>tt0103639</imdb>
	<content>movie</content>
	<title>Aladdin</title>
	<year>1992</year>
	</meta>
	<link>
	<sublink>search</sublink>
	<sublink>searchsd</sublink>
	</link>
	<thumbnail>https://image.tmdb.org/t/p/w1280/7f53XAE4nPiGe9XprpGAeWHuKPw.jpg</thumbnail>
	<fanart>https://image.tmdb.org/t/p/w1280/toPEmFIckgRSPd40g6OLv3LWPtp.jpg</fanart>
</item>
<item>
	<title>[COLOR=white]Toy Story[/COLOR]</title>
	<meta>
	<imdb>tt0114709</imdb>
	<content>movie</content>
	<title>Toy Story</title>
	<year>1995</year>
	</meta>
	<link>
	<sublink>search</sublink>
	<sublink>searchsd</sublink>
	</link>
	<thumbnail>https://image.tmdb.org/t/p/w1280/rhIRbceoE9lR4veEXuwCC2wARtG.jpg</thumbnail>
	<fanart>https://image.tmdb.org/t/p/w1280/dji4Fm0gCDVb9DQQMRvAI8YNnTz.jpg</fanart>
</item>
<item>
	<title>[COLOR=white]Toy Story 2[/COLOR]</title>
	<meta>
	<imdb>tt0120363</imdb>
	<content>movie</content>
	<title>Toy Story 2</title>
	<year>1999</year>
	</meta>
	<link>
	<sublink>search</sublink>
	<sublink>searchsd</sublink>
	</link>
	<thumbnail>https://image.tmdb.org/t/p/w1280/3CmK3XurcLeUyMifCR28ibzupbB.jpg</thumbnail>
	<fanart>https://image.tmdb.org/t/p/w1280/9Kjxr4VCU0Y4DAuXkzR2moAy7DK.jpg</fanart>
</item>
<item>
	<title>[COLOR=white]The Iron Giant[/COLOR]</title>
	<meta>
	<imdb>tt0129167</imdb>
	<content>movie</content>
	<title>The Iron Giant</title>
	<year>1999</year>
	</meta>
	<link>
	<sublink>search</sublink>
	<sublink>searchsd</sublink>
	</link>
	<thumbnail>https://image.tmdb.org/t/p/w1280/rdN6IjV4xlDDhrT8ewkkJfPvp2e.jpg</thumbnail>
	<fanart>https://image.tmdb.org/t/p/w1280/7FE4OF0nNGL3BFS7NygJzTSLy91.jpg</fanart>
</item>
<item>
	<title>[COLOR=white]Shrek Forever After[/COLOR]</title>
	<meta>
	<imdb>tt0892791</imdb>
	<content>movie</content>
	<title>Shrek Forever After</title>
	<year>2010</year>
	</meta>
	<link>
	<sublink>search</sublink>
	<sublink>searchsd</sublink>
	</link>
	<thumbnail>https://image.tmdb.org/t/p/w1280/enqVwbUu6OX5LHq0fuk7sLT35zy.jpg</thumbnail>
	<fanart>https://image.tmdb.org/t/p/w1280/aD8iOuLlEiMfVlHTnAe15fZLo0S.jpg</fanart>
</item>
<item>
	<title>[COLOR=white]Fantastic Mr. Fox[/COLOR]</title>
	<meta>
	<imdb>tt0432283</imdb>
	<content>movie</content>
	<title>Fantastic Mr. Fox</title>
	<year>2009</year>
	</meta>
	<link>
	<sublink>search</sublink>
	<sublink>searchsd</sublink>
	</link>
	<thumbnail>https://image.tmdb.org/t/p/w1280/750pfEttsYAVmynRg2vmt1AXh4q.jpg</thumbnail>
	<fanart>https://image.tmdb.org/t/p/w1280/uxQ1n8yLqRZgnrimiBXJ5rsaa.jpg</fanart>
</item>
<item>
	<title>[COLOR=white]The Emperor's New Groove[/COLOR]</title>
	<meta>
	<imdb>tt0120917</imdb>
	<content>movie</content>
	<title>The Emperor's New Groove</title>
	<year>2000</year>
	</meta>
	<link>
	<sublink>search</sublink>
	<sublink>searchsd</sublink>
	</link>
	<thumbnail>https://image.tmdb.org/t/p/w1280/rbgOxT446Wb0c4dJC4iLKgxtW1U.jpg</thumbnail>
	<fanart>https://image.tmdb.org/t/p/w1280/Aczojyb0VFBNpFrxARqeCtdd2gA.jpg</fanart>
</item>
<item>
	<title>[COLOR=white]Alpha and Omega[/COLOR]</title>
	<meta>
	<imdb>tt1213012</imdb>
	<content>movie</content>
	<title>Alpha and Omega</title>
	<year>2010</year>
	</meta>
	<link>
	<sublink>search</sublink>
	<sublink>searchsd</sublink>
	</link>
	<thumbnail>https://image.tmdb.org/t/p/w1280/5PQ6nm5uktqiCLF2YydlQ8SXOvE.jpg</thumbnail>
	<fanart>https://image.tmdb.org/t/p/w1280/nAitR4PfakCKCBwRRf1bsxcVVuy.jpg</fanart>
</item>
<item>
	<title>[COLOR=white]Futurama: The Beast with a Billion Backs[/COLOR]</title>
	<meta>
	<imdb>tt1054485</imdb>
	<content>movie</content>
	<title>Futurama: The Beast with a Billion Backs</title>
	<year>2008</year>
	</meta>
	<link>
	<sublink>search</sublink>
	<sublink>searchsd</sublink>
	</link>
	<thumbnail>https://image.tmdb.org/t/p/w1280/zuhfBxfBMIL6G1r6mTlwjHA0zqg.jpg</thumbnail>
	<fanart>https://image.tmdb.org/t/p/w1280/4ag7bLf1edaEKuxKDQ5WB820PJw.jpg</fanart>
</item>
<item>
	<title>[COLOR=white]The Nightmare Before Christmas[/COLOR]</title>
	<meta>
	<imdb>tt0107688</imdb>
	<content>movie</content>
	<title>The Nightmare Before Christmas</title>
	<year>1993</year>
	</meta>
	<link>
	<sublink>search</sublink>
	<sublink>searchsd</sublink>
	</link>
	<thumbnail>https://image.tmdb.org/t/p/w1280/6oxkO1VgKCq74fNILKAg6t2dVEt.jpg</thumbnail>
	<fanart>https://image.tmdb.org/t/p/w1280/8MzrNA4WMwgKnGzOzqFZpa9gEhm.jpg</fanart>
</item>
<item>
	<title>[COLOR=white]Kung Fu Panda[/COLOR]</title>
	<meta>
	<imdb>tt0441773</imdb>
	<content>movie</content>
	<title>Kung Fu Panda</title>
	<year>2008</year>
	</meta>
	<link>
	<sublink>search</sublink>
	<sublink>searchsd</sublink>
	</link>
	<thumbnail>https://image.tmdb.org/t/p/w1280/2Paj1nufT0jeSY0G4u3RC31HIGT.jpg</thumbnail>
	<fanart>https://image.tmdb.org/t/p/w1280/UJwhgwAxU42cm9XKncO9boFAEV.jpg</fanart>
</item>
<item>
	<title>[COLOR=white]The Prince of Egypt[/COLOR]</title>
	<meta>
	<imdb>tt0120794</imdb>
	<content>movie</content>
	<title>The Prince of Egypt</title>
	<year>1998</year>
	</meta>
	<link>
	<sublink>search</sublink>
	<sublink>searchsd</sublink>
	</link>
	<thumbnail>https://image.tmdb.org/t/p/w1280/wD34ls2faCrj8YvFViEaPfBtBEe.jpg</thumbnail>
	<fanart>https://image.tmdb.org/t/p/w1280/1yB6o6L5DLteeraLhz5Q0buBm6i.jpg</fanart>
</item>
<item>
	<title>[COLOR=white]Persepolis[/COLOR]</title>
	<meta>
	<imdb>tt0808417</imdb>
	<content>movie</content>
	<title>Persepolis</title>
	<year>2007</year>
	</meta>
	<link>
	<sublink>search</sublink>
	<sublink>searchsd</sublink>
	</link>
	<thumbnail>https://image.tmdb.org/t/p/w1280/dYvyF1RlNokAd1N7Nek0vDpYsV6.jpg</thumbnail>
	<fanart>https://image.tmdb.org/t/p/w1280/mptra1sEhfCCP22R1B0TyOjmHIT.jpg</fanart>
</item>
<item>
	<title>[COLOR=white]Ratatouille[/COLOR]</title>
	<meta>
	<imdb>tt0382932</imdb>
	<content>movie</content>
	<title>Ratatouille</title>
	<year>2007</year>
	</meta>
	<link>
	<sublink>search</sublink>
	<sublink>searchsd</sublink>
	</link>
	<thumbnail>https://image.tmdb.org/t/p/w1280/jEiEU8viSb8CIIHcfprVr2V6XDz.jpg</thumbnail>
	<fanart>https://image.tmdb.org/t/p/w1280/mZlf2J8qAuKr4lV0LP0FaFiyWl.jpg</fanart>
</item>
<item>
	<title>[COLOR=white]The Road to El Dorado[/COLOR]</title>
	<meta>
	<imdb>tt0138749</imdb>
	<content>movie</content>
	<title>The Road to El Dorado</title>
	<year>2000</year>
	</meta>
	<link>
	<sublink>search</sublink>
	<sublink>searchsd</sublink>
	</link>
	<thumbnail>https://image.tmdb.org/t/p/w1280/lQnNNjT4yW3i2rmQhGibiPBnc6e.jpg</thumbnail>
	<fanart>https://image.tmdb.org/t/p/w1280/wO94ht5j5LpFoXeQomW0ItbOfsE.jpg</fanart>
</item>
<item>
	<title>[COLOR=white]9[/COLOR]</title>
	<meta>
	<imdb>tt0472033</imdb>
	<content>movie</content>
	<title>9</title>
	<year>2009</year>
	</meta>
	<link>
	<sublink>search</sublink>
	<sublink>searchsd</sublink>
	</link>
	<thumbnail>https://image.tmdb.org/t/p/w1280/iGMOQt6R88ZuJRtlfpqWRa5268h.jpg</thumbnail>
	<fanart>https://image.tmdb.org/t/p/w1280/yvrcEy8RUqHpM6mlZSM9ejRAh8Z.jpg</fanart>
</item>
<item>
	<title>[COLOR=white]Futurama: Bender's Big Score[/COLOR]</title>
	<meta>
	<imdb>tt0471711</imdb>
	<content>movie</content>
	<title>Futurama: Bender's Big Score</title>
	<year>2007</year>
	</meta>
	<link>
	<sublink>search</sublink>
	<sublink>searchsd</sublink>
	</link>
	<thumbnail>https://image.tmdb.org/t/p/w1280/bIde0Qs4OkgyMBmGOZOZyiD92AW.jpg</thumbnail>
	<fanart>https://image.tmdb.org/t/p/w1280/9ZBiK6zW4I1CgbmMJsLqZgizmxy.jpg</fanart>
</item>
<item>
	<title>[COLOR=white]Futurama: Bender's Game[/COLOR]</title>
	<meta>
	<imdb>tt1054486</imdb>
	<content>movie</content>
	<title>Futurama: Bender's Game</title>
	<year>2008</year>
	</meta>
	<link>
	<sublink>search</sublink>
	<sublink>searchsd</sublink>
	</link>
	<thumbnail>https://image.tmdb.org/t/p/w1280/11Hk76FncIaCkt3jmGLHvDPZE9i.jpg</thumbnail>
	<fanart>https://image.tmdb.org/t/p/w1280/pQv2QhmQr0lUM1U6jwLRPWyz5eV.jpg</fanart>
</item>
<item>
	<title>[COLOR=white]Up[/COLOR]</title>
	<meta>
	<imdb>tt1049413</imdb>
	<content>movie</content>
	<title>Up</title>
	<year>2009</year>
	</meta>
	<link>
	<sublink>search</sublink>
	<sublink>searchsd</sublink>
	</link>
	<thumbnail>https://image.tmdb.org/t/p/w1280/nk11pvocdb5zbFhX5oq5YiLPYMo.jpg</thumbnail>
	<fanart>https://image.tmdb.org/t/p/w1280/6fX7NF6IUJCTVssei7Shgl9J6LL.jpg</fanart>
</item>
<item>
	<title>[COLOR=white]The Lorax[/COLOR]</title>
	<meta>
	<imdb>tt1482459</imdb>
	<content>movie</content>
	<title>The Lorax</title>
	<year>2012</year>
	</meta>
	<link>
	<sublink>search</sublink>
	<sublink>searchsd</sublink>
	</link>
	<thumbnail>https://image.tmdb.org/t/p/w1280/6FuYtjegxaUv7n7C733hUEOQytR.jpg</thumbnail>
	<fanart>https://image.tmdb.org/t/p/w1280/7CuXAFUWcOlR5kt07ln1fZDxdHX.jpg</fanart>
</item>
<item>
	<title>[COLOR=white]Eleanor's Secret[/COLOR]</title>
	<meta>
	<imdb>tt1429430</imdb>
	<content>movie</content>
	<title>Eleanor's Secret</title>
	<year>2009</year>
	</meta>
	<link>
	<sublink>search</sublink>
	<sublink>searchsd</sublink>
	</link>
	<thumbnail>https://image.tmdb.org/t/p/w1280/uFmO2kB0m5JmodHvfV68nWsuD5d.jpg</thumbnail>
	<fanart>https://image.tmdb.org/t/p/w1280/7zQBSXHxN61ErX9zs7SVC1gnnLY.jpg</fanart>
</item>
<item>
	<title>[COLOR=white]Gnomeo & Juliet[/COLOR]</title>
	<meta>
	<imdb>tt0377981</imdb>
	<content>movie</content>
	<title>Gnomeo & Juliet</title>
	<year>2011</year>
	</meta>
	<link>
	<sublink>search</sublink>
	<sublink>searchsd</sublink>
	</link>
	<thumbnail>https://image.tmdb.org/t/p/w1280/atCBHTqq7khw5Z1KSVXDo6ncKWF.jpg</thumbnail>
	<fanart>https://image.tmdb.org/t/p/w1280/5VDfdJBofpvXAMtaHTT8YFE0lru.jpg</fanart>
</item>
<item>
	<title>[COLOR=white]Kung Fu Panda 2[/COLOR]</title>
	<meta>
	<imdb>tt1302011</imdb>
	<content>movie</content>
	<title>Kung Fu Panda 2</title>
	<year>2011</year>
	</meta>
	<link>
	<sublink>search</sublink>
	<sublink>searchsd</sublink>
	</link>
	<thumbnail>https://image.tmdb.org/t/p/w1280/Fzyy2dauoKxjUzUPYYo3kJkJAW.jpg</thumbnail>
	<fanart>https://image.tmdb.org/t/p/w1280/eyiE1vuizMKVu8MoZkg2xsramFl.jpg</fanart>
</item>
<item>
	<title>[COLOR=white]Brave[/COLOR]</title>
	<meta>
	<imdb>tt1217209</imdb>
	<content>movie</content>
	<title>Brave</title>
	<year>2012</year>
	</meta>
	<link>
	<sublink>search</sublink>
	<sublink>searchsd</sublink>
	</link>
	<thumbnail>https://image.tmdb.org/t/p/w1280/qhABv2d4NZLhsOOA4iBFM4rfuJC.jpg</thumbnail>
	<fanart>https://image.tmdb.org/t/p/w1280/sfRCA9g3CunpnZO3QurHSIRcsUq.jpg</fanart>
</item>
<item>
	<title>[COLOR=white]The Sword in the Stone[/COLOR]</title>
	<meta>
	<imdb>tt0057546</imdb>
	<content>movie</content>
	<title>The Sword in the Stone</title>
	<year>1963</year>
	</meta>
	<link>
	<sublink>search</sublink>
	<sublink>searchsd</sublink>
	</link>
	<thumbnail>https://image.tmdb.org/t/p/w1280/rgN4lN4paKVdUQ65lZ5qaNmSt2G.jpg</thumbnail>
	<fanart>https://image.tmdb.org/t/p/w1280/nFM5i0ur7XstB9WvvkPX6QGPq86.jpg</fanart>
</item>
