
<item>
<title>WSHH Honey - Ashley King Of Bad Girls Club 6</title>
<link>http://hw-videos.worldstarhiphop.com/u/vid/2011/8/05/ashleybagbdldiuedbedtwfullvidkeh63rgdy3u4.mp4</link>
<thumbnail>http://hw-static.worldstarhiphop.com/u/pic/2011/8/05/deybhfyeufb4neweew.jpg</thumbnail>
<fanart>http://hw-static.worldstarhiphop.com/u/pic/2011/8/05/deybhfyeufb4neweew.jpg</fanart>
<summary>WSHH Honey - Ashley King Of Bad Girls Club 6</summary>
</item>

<item>
<title>WSHH Honey - Nicole aka Sinceer Of Vh1 "Flavor Of Love" (*Warning* Must Be 18yrs Or Older To View)</title>
<link>http://hw-videos.worldstarhiphop.com/u/vid/2011/8/05/sinceerffekfebckjefberhfbrigufyfdjerffrewdewdewew.mp4</link>
<thumbnail>http://hw-static.worldstarhiphop.com/u/pic/2011/8/05/fyrbfnurefyehfnerfer.jpg</thumbnail>
<fanart>http://hw-static.worldstarhiphop.com/u/pic/2011/8/05/fyrbfnurefyehfnerfer.jpg</fanart>
<summary>TWITTER @NikiSharelle
Music by: The Weeknd - Trust Issues
Directed by Gabriel HartTWITTER @NikiSharelle
Music by: The Weeknd - Trust Issues
Directed by Gabriel Hart</summary>
</item>

<item>
<title>WSHH Reality Star: Lava From VH1 (Taneisha Simpson From Jamaica)</title>
<link>http://hw-videos.worldstarhiphop.com/u/vid/2012/01/04/lavahjueydteydftrhgt455h64uhgtrgrhgbfhgfrew.mp4</link>
<thumbnail>http://hw-static.worldstarhiphop.com/u/pic/2012/01/04/kjhytgrferfefewdedwe.jpg</thumbnail>
<fanart>http://hw-static.worldstarhiphop.com/u/pic/2012/01/04/kjhytgrferfefewdedwe.jpg</fanart>
<summary>As seen on Vh1's "For The Love Of Ray". Also known for dating a popular track star Usain Bolt & more
View her twitter @taneishsimpson
BOOKINGS: WorkWithLava@Live.com
Music by: The Weeknd - The Birds Part 2
Directed by Gabriel Hart</summary>
</item>

<item>
<title>Sydney Of Bad Girls Club 6</title>
<link>http://hw-videos.worldstarhiphop.com/u/vid/2011/10/11/fixedsudnetsyshisuwydbwhcberhfbgtrhyt54r3tgfree.mp4</link>
<thumbnail>http://hw-static.worldstarhiphop.com/u/pic/2011/10/11/sijdnwjhbhcergtyh45tgfdeew.jpg</thumbnail>
<fanart>http://hw-static.worldstarhiphop.com/u/pic/2011/10/11/sijdnwjhbhcergtyh45tgfdeew.jpg</fanart>
<summary>As seen on MTV's True Life "I'm Bisexual" & Oxygen's Bad Girls Club Season 6
Visit her twitter: @Sydneyredtaylor
Male Model: @InkUp_Or_ShutUp
Music by: Drake Ft. Lil Wayne - The Real Her / Frank Ocean - Swim Good
Directed by Mankato Films</summary>
</item>

<item>
<title>WSHH Candy - Erica From The Bad Girls Club (*Warning* Must Be 18yrs Or Older To View)</title>
<link>http://hw-videos.worldstarhiphop.com/u/vid/2010/12/20/frueedeye2fjirekfe.mp4</link>
<thumbnail>http://hw-static.worldstarhiphop.com/u/pic/2010/12/14/rhugjnmkrltg.jpg</thumbnail>
<fanart>http://hw-static.worldstarhiphop.com/u/pic/2010/12/14/rhugjnmkrltg.jpg</fanart>
<summary>Erica Eggum from "Bad Girls Club: Miami" is one of the baddest girls in Season 5 of the Oxygen Channel!
Directed by Mankato Films
Music By: Lil Wayne (Feat. Cory Gunz) - 6'7
For Bookings And Appearances Contact WorldStarAgency@Aol.com or Q@WorldStarHipHop.com</summary>
</item>

<item>
<title>WSHH Reality Star: Karlie Redd From VH1&#039;s Love &amp; Hip-Hop</title>
<link>http://hw-mobile.worldstarhiphop.com/u/vid/2012/12/01/kald5wfdw5efdwdfedegdwedfewdewdfrewd3333333_mobile.mp4</link>
<thumbnail>http://hw-static.worldstarhiphop.com/u/pic/2012/12/01/u7jh6ytrfdewdswqsqws.jpg</thumbnail>
<fanart>http://hw-static.worldstarhiphop.com/u/pic/2012/12/01/icandededy12.jpg</fanart>
<summary>Twitter: @Karlieredd
Music By: Rick Ross - Diced Pineapples 
Directed By: Gabriel Hart
Executive Produced By: @QWorldStar</summary>
</item>

<item>
<title>WSHH Reality Star: Mehgan James Of Bad Girls Club Season 9</title>
<link>http://hw-videos.worldstarhiphop.com/u/vid/2012/09/24/mehganwshhdedeg535webfinsijsy.mp4</link>
<thumbnail>http://hw-static.worldstarhiphop.com/u/pic/2012/9/24/uhytggy6g5fref34r4dedereffref4frefdwd.jpg</thumbnail>
<fanart>http://hw-static.worldstarhiphop.com/u/pic/2012/9/24/mj-bg5meghaanjamehedefw5dgew.jpg</fanart>
<summary>Mehgan James Of Bad Girls Club Season 9</summary>
</item>

<item>
<title>WSHH Reality: Che Mack Of VH1&#039;s Love &amp; HipHop Atlanta</title>
<link>http://hw-videos.worldstarhiphop.com/u/vid/2014/10/10/chekmackfinaleuydgehuwdweydegtdg4gdyewd4rdewdewedw.mp4</link>
<thumbnail>https://33.media.tumblr.com/d734db9dd49984e6a461ca4be377b90c/tumblr_nal9zuqytL1qz8o18o1_250.gif</thumbnail>
<fanart>http://hw-static.worldstarhiphop.com/u/pic/2014/10/10/Atlanta2vh1akytwfedegdyhuewydtgewdew.jpg</fanart>
<summary>Instagram: Mackische
Music: Kanye West - Blood On The Leaves / God - Broke (You Remind Me Of Dope)
Directed By Sharrod Marcus Simpson
Executive Producer: @QWORLDSTAR</summary>
</item>

<item>
<title>WSHH Reality Star: Sydney T Steinfeldt "The Sequel"</title>
<link>http://hw-videos.worldstarhiphop.com/u/vid/2012/09/24/redsyneupeeyd7ewdyewdewydyuwtdfinalwshhe7e5dged4.mp4</link>
<thumbnail>http://hw-static.worldstarhiphop.com/u/pic/2012/9/24/ij8uytgfrewdwdwqws.jpg</thumbnail>
<fanart>http://hw-static.worldstarhiphop.com/u/pic/2012/9/24/bg-sidney-fulldiegdewdd646644.jpg</fanart>
<summary>Twitter: @SydneyREDtaylor
Music: Tinashe Feat. Honey Cocaine - Boss
Shot by Edgar Esteves</summary>
</item>

<item>
<title>WSHH Reality Star: Deelishis Pt. 2 "Skype Session"</title>
<link>http://hw-videos.worldstarhiphop.com/u/vid/2012/02/12/deedekjwiudtgdyuhdbdtfvbdewudgewhudyhewgvrefgvfredefedwddfdew.mp4</link>
<thumbnail>http://hw-static.worldstarhiphop.com/u/pic/2012/02/12/olkuyhgtrfefdew.jpg</thumbnail>
<fanart>http://hw-static.worldstarhiphop.com/u/pic/2012/02/12/olkuyhgtrfefdew.jpg</fanart>
<summary>Follow her on twitter: @iamdeelishis
Directed by Gabriel Hart
Co Produced: @Qworldstar
Music by: Chris Brown - Strip / The Weeknd - Dirty Diana</summary>
</item>

<item>
<title>WSHH Reality: Erica Lynne Of Bad Girls Club Pt. 2</title>
<link>http://hw-videos.worldstarhiphop.com/u/vid/2011/9/25/ericabadgildmhgbehdjbdkdjhebyd4f4lonftfdy43f43.mp4</link>
<thumbnail>http://hw-static.worldstarhiphop.com/u/pic/2011/9/25/juuyjhtrgrgrfrebtr.jpg</thumbnail>
<fanart>http://hw-static.worldstarhiphop.com/u/pic/2011/9/25/juuyjhtrgrgrfrebtr.jpg</fanart>
<summary>Twitter: @BadGirlERiCA
bookings: @worldstaragency worldstaragency@aol.com
Directed by Gabriel Hart</summary>
</item>

<item>
<title>WSHH Candy: Deelishis Of VH1 "She Works Hard For The Money"</title>
<link>http://hw-videos.worldstarhiphop.com/u/vid/2011/2/21/kjuyhthn.mp4</link>
<thumbnail>http://hw-static.worldstarhiphop.com/u/pic/2011/2/21/deghyduede.jpg</thumbnail>
<fanart>http://hw-static.worldstarhiphop.com/u/pic/2011/2/21/deghyduede.jpg</fanart>
<summary>Deelishis Of VH1 "She Works Hard For The Money" Directed By James Witcher</summary>
</item>