<dir>
<name>Reality Stars</name>
<thumbnail>http://hw-static.worldstarhiphop.com/u/pic/2012/9/24/okijuytrfewweddd.jpg</thumbnail>
<link>file://Wshh/Reality Star.xml</link>
<fanart>http://hw-static.worldstarhiphop.com/u/pic/2014/04/UpdatedSplashicandy2014eybhwdrewtdgy4dedwd.jpg</fanart>
<summary>WSHH Reality Stars</summary>
</dir>

<dir>
<name>Published Modeles & Vixens</name>
<thumbnail>http://hw-static.worldstarhiphop.com/u/pic/2012/9/24/5640483_orjygr.jpg</thumbnail>
<link>file://Wshh/Vixen.xml</link>
<fanart>http://www.worldstarcandy.com/images/feat-vix.jpg</fanart>
<summary>Published Modeles & Vixens</summary>
</dir>

<dir>
<name>Honeys</name>
<thumbnail>http://hw-static.worldstarhiphop.com/u/pic/2010/08/01/8-15-2010_5-19-44_PM.jpg</thumbnail>
<link>file://Wshh/honeys.xml</link>
<fanart>http://www.worldstarcandy.com/images/feat-april.jpg</fanart>
<summary>Honeys</summary>
</dir>