<dir>
      <title>****************Boss Wshh Uncut*****************</title>
    
      <link></link> 
          
      <thumbnail></thumbnail>
          
          
      <fanart></fanart>
        
      <summary></summary>

</dir>

<item>
<title>WSHH Candy: Remi Belle & Kristina (*Warning* Must Be 18yrs Or Older To View) - WorldstarHipHop</title>
<link>http://hw-videos.worldstarhiphop.com/v7j7w3p2/cds/2010/06/01/remibellfixed.mp4</link>
<thumbnail>https://hw-static.worldstarhiphop.com/pics/e5/83/a3/3435796/0/319201091956pm.jpg</thumbnail>
<fanart>https://hw-static.worldstarhiphop.com/pics/e5/83/a3/3435796/0/319201091956pm.jpg</fanart>
<summary>Music by: French Montana Feat. Masspike Miles - She Loves It / Roscoe Dash - Maximum</summary>
</item>

<item>
<title>>WSHH Candy - Tokyo (*Warning* Must Be 18yrs Or Older To View) - WorldstarHipHop</title>
<link>http://hw-videos.worldstarhiphop.com/u/vid/2011/10/11/2chainswshhcandytokyiu7gyhu.mp4</link>
<thumbnail>https://hw-static.worldstarhiphop.com/u/pic/2011/10/11/trgbrefvefefew.jpg</thumbnail>
<fanart>https://hw-static.worldstarhiphop.com/u/pic/2011/10/11/trgbrefvefefew.jpg</fanart>
<summary>Visit her twitter: @iiluvtokyo  Music by: Yung Joc (Feat. 2 Chainz & Ebony Love) - So Good Shot by Jay Hart</summary>
</item>

<item>
<title>4-Foot 7 Inch Tall Instagram Model Has A Serious Body!</title>
<link>https://hw-videos.worldstarhiphop.com/u/vid/2018/01/S0aIMHZVm0rC.mp4</link>
<thumbnail>https://hw-static.worldstarhiphop.com/u/pic/2018/01/RyiojSPRONxR.jpg</thumbnail>
<fanart>https://hw-static.worldstarhiphop.com/u/pic/2018/01/RyiojSPRONxR.jpg</fanart>
<summary>Uploaded January 10, 2018
Instagram: @Miss_Anna_Apples</summary>
</item>

<item>
<title>IG Twerk Compilation Pt. 6 (Uncut Edition) (*Warning* Must Be 18yrs+ To View)</title>
<link>https://hw-videos.worldstarhiphop.com/u/vid/2019/03/fSgEp5nZYN6H.mp4</link>
<thumbnail>https://hw-static.worldstarhiphop.com/u/pic/2019/03/b8iPl6RswPzi.jpg</thumbnail>
<fanart>https://hw-static.worldstarhiphop.com/u/pic/2019/03/b8iPl6RswPzi.jpg</fanart>
<summary>Hits: 1,185,515	Added 2019-03-10

Music: 6lack - PRBLMS</summary>
</item>

<item>
<title>IG Twerk Compilation Pt. 5 (Uncut Edition) (*Warning* Must Be 18yrs+ To View) - World Star Uncut</title>
<link>https://hw-videos.worldstarhiphop.com/u/vid/2018/11/MAYq729GdCc7.mp4</link>
<thumbnail>https://hw-static.worldstarhiphop.com/u/pic/2018/11/9dYfdLN7HHYS.jpg</thumbnail>
<fanart>https://hw-static.worldstarhiphop.com/u/pic/2018/11/9dYfdLN7HHYS.jpg</fanart>
<summary>Hits: 972,953	Added 2018-11-19

Music: Big Sean & Drake - Blessings</summary>
</item>