<theknob>
    <dir>
        <title>Amateur</title>
        <expo>category/amateur</expo>
    </dir>

    <dir>
        <title>Anal</title>
        <expo>category/anal</expo>
    </dir>

    <dir>
        <title>Asian</title>
        <expo>category/asian</expo>
    </dir>

    <dir>
        <title>BBC</title>
        <expo>category/bbc</expo>
    </dir>

    <dir>
        <title>Big Ass</title>
        <expo>category/big-ass</expo>
    </dir>

    <dir>
        <title>Big Dick</title>
        <expo>category/big-dick</expo>
    </dir>

    <dir>
        <title>Big Tits</title>
        <expo>category/big-tits</expo>
    </dir>

    <dir>
        <title>Blonde</title>
        <expo>category/blonde</expo>
    </dir>

    <dir>
        <title>Blowjobs</title>
        <expo>category/blowjobs</expo>
    </dir>

    <dir>
        <title>British</title>
        <expo>category/british</expo>
    </dir>

    <dir>
        <title>Brunette</title>
        <expo>category/brunette</expo>
    </dir>

    <dir>
        <title>Cartoon</title>
        <expo>category/cartoon</expo>
    </dir>

    <dir>
        <title>Casting</title>
        <expo>category/casting</expo>
    </dir>

    <dir>
        <title>Couple</title>
        <expo>category/couple</expo>
    </dir>

    <dir>
        <title>Cream Pie</title>
        <expo>category/cream-pie</expo>
    </dir>

    <dir>
        <title>Cuckold</title>
        <expo>category/cuckold</expo>
    </dir>

    <dir>
        <title>Cumshots</title>
        <expo>category/cumshots</expo>
    </dir>

    <dir>
        <title>Czech</title>
        <expo>category/czech</expo>
    </dir>

    <dir>
        <title>Deep Throat</title>
        <expo>category/deep-throat</expo>
    </dir>

    <dir>
        <title>Double Penetration</title>
        <expo>category/double-penetration</expo>
    </dir>

    <dir>
        <title>Ebony</title>
        <expo>category/ebony</expo>
    </dir>

    <dir>
        <title>Foot Fetish</title>
        <expo>category/foot-fetish</expo>
    </dir>

    <dir>
        <title>Gang Bang</title>
        <expo>category/gang-bang</expo>
    </dir>

    <dir>
        <title>German</title>
        <expo>category/german</expo>
    </dir>

    <dir>
        <title>Girlfriend</title>
        <expo>category/girlfriend</expo>
    </dir>

    <dir>
        <title>Glamcore</title>
        <expo>category/glamcore</expo>
    </dir>

    <dir>
        <title>Group Sex</title>
        <expo>category/group-sex</expo>
    </dir>

    <dir>
        <title>Hairy</title>
        <expo>category/hairy</expo>
    </dir>

    <dir>
        <title>Handjobs</title>
        <expo>category/handjobs</expo>
    </dir>

    <dir>
        <title>Hardcore</title>
        <expo>category/hardcore</expo>
    </dir>

    <dir>
        <title>HD</title>
        <expo>category/hd</expo>
    </dir>

    <dir>
        <title>Hentai</title>
        <expo>category/hentai</expo>
    </dir>

    <dir>
        <title>Interracial</title>
        <expo>category/interracial</expo>
    </dir>

    <dir>
        <title>Japanese</title>
        <expo>category/japanese</expo>
    </dir>

    <dir>
        <title>Latin</title>
        <expo>category/latin</expo>
    </dir>

    <dir>
        <title>Lesbian</title>
        <expo>category/lesbian</expo>
    </dir>

    <dir>
        <title>Lingerie</title>
        <expo>category/lingerie</expo>
    </dir>

    <dir>
        <title>Massage</title>
        <expo>category/massage</expo>
    </dir>

    <dir>
        <title>Masturbation</title>
        <expo>category/masturbation</expo>
    </dir>

    <dir>
        <title>Milf</title>
        <expo>category/milf</expo>
    </dir>

    <dir>
        <title>Old And Young</title>
        <expo>category/old-and-young</expo>
    </dir>

    <dir>
        <title>Orgasm</title>
        <expo>category/orgasm</expo>
    </dir>

    <dir>
        <title>Orgy</title>
        <expo>category/orgy</expo>
    </dir>

    <dir>
        <title>Parody</title>
        <expo>category/parody</expo>
    </dir>

    <dir>
        <title>Pov</title>
        <expo>category/pov</expo>
    </dir>

    <dir>
        <title>Public</title>
        <expo>category/public</expo>
    </dir>

    <dir>
        <title>Redheads</title>
        <expo>category/redheads</expo>
    </dir>

    <dir>
        <title>Russian</title>
        <expo>category/russian</expo>
    </dir>

    <dir>
        <title>Schoolgirl</title>
        <expo>category/schoolgirl</expo>
    </dir>

    <dir>
        <title>Spanish Porn</title>
        <expo>category/spanish-porn</expo>
    </dir>

    <dir>
        <title>Squirting</title>
        <expo>category/Squirting</expo>
    </dir>

    <dir>
        <title>Tattoo</title>
        <expo>category/tattoo</expo>
    </dir>

    <dir>
        <title>Teen</title>
        <expo>category/teen</expo>
    </dir>

    <dir>
        <title>Threesome</title>
        <expo>category/threesome</expo>
    </dir>

    <dir>
        <title>Toys</title>
        <expo>category/toys</expo>
    </dir>

    <dir>
        <title>Uniform</title>
        <expo>category/uniform</expo>
    </dir>

    <dir>
        <title>Webcams</title>
        <expo>category/webcams</expo>
    </dir>
</theknob>
