<item>
   <title>Foxxxy Brown: Big Mama Africa Tits</title>
   <link>
      <sublink>https://rapidgator.net/file/2687bdfded181b2be788ec02b5be2b1f/Foxxxy_Brown_Big_Mama_Africa_Tits__PinkyXXX__Unlimited_Streaming.mp4</sublink>
      <sublink>https://clipwatching.com/embed-8vk4w3zflz39-658x400.html</sublink>
   </link>
   <thumbnail>https://mangoporn.net/wp-content/uploads/2020/06/2766148h-185x278.jpg</thumbnail>
   <fanart>https://mangoporn.net/wp-content/uploads/2020/06/2766148h-185x278.jpg</fanart>
   <summary>Synopsis
Foxxxy Brown: Big Mama Africa Tits
Producer J. Royal & The beautiful Mystique bring u Big Mama Africa Tits ! In this movie Mystique is Foxxxy Brown, a sexy crime fighter who does what ever it takes to clean up the streets. Criminals watch out because Foxxxy Brown is on the loose and if she gets her hands on u, your going to be sorry because this sexy woman is nothin to be played with.So watch out u jive turkeys !!!</summary>
</item>