Single Item
https://real-debrid.com/d/C46D4LCDOKL36
<item>
<title>Single Item Test</title>
<link>https://rapidgator.net/file/31211cd39d17d7a6495a100dbebd11a5/tr_ms_london_nyna_stax_1080.mp4.html</link>
<thumbnail></thumbnail>
</item>

<item>
<title>Single Item Test 2</title>
<link>https://rg.to/file/0bb366ec17b354e5ba88c04a70b2e8f2/PervMom.18.09.29.Sovereign.Syre.Sneaking.In.For.Snatch.XXX.1080p.mp4.html</link>
<thumbnail></thumbnail>
</item>
https://real-debrid.com/streaming-IRLPGF7RUSNIW

Folder

<dir>
<name>Folder Test</name>
<link>https://pastebin.com/raw/jmGxDgXC</link>
<thumbnail></thumbnail>
</dir>

Trakt

<dir>
<title>Trakt Test</title>
<trakt></trakt>
</dir>

TMDB

<dir>
<title>TMDB Test</title>
<tmdb></tmdb>
</dir>

IMDB

<dir>
<title>IMDB Test</title>
<imdburl></imdburl>
<thumbnail></thumbnail>
</dir>

Youtube

<item>
<title>Single Link Test</title>
<link></link>
<thumbnail></thumbnail>
</item>

<plugin>
<title>Playlist Test</title>
<link>plugin://plugin.video.youtube/playlist/**PLAYLIST NUMBER**/</link>
<thumbnail></thumbnail>
</plugin>

<plugin>
<title>Channel Test</title>
<link>plugin://plugin.video.youtube/channel/**CHANNEL NUMBER**/playlists/</link>
<thumbnail></thumbnail>
</plugin>

Reddit

<plugin>
<title>Reddit Test</title>
<link>plugin://plugin.video.reddit_viewer/?mode=listSubReddit&amp;type=soccerstreams&amp;url=https%3a%2f%2fwww.reddit.com%2fr%2fsoccerstreams%2f.json%3f%26limit%3d50</link>
<thumbnail></thumbnail>
<fanart></fanart>
<content></content>
</plugin>

F4M

<plugin>
<name>F4M Test</name>
<link>plugin://plugin.video.f4mTester/?streamtype=TSDOWNLOADER&amp;url=Add Your Link Here</link>
<thumbnail></thumbnail>
<fanart></fanart>
<summary></summary>
</plugin>


Plexus
<plugin>
<title>Plexus Test</title>
<link>
<sublink>plugin://program.plexus/?mode=1&url=acestream://623687ccc7bf028bd61694053f54119425fab9c0(Acestream-Stream Name goes here)</sublink>
<animated_thumbnail></animated_thumbnail>
<thumbnail></thumbnail>
<fanart></fanart>
</plugin>

