<dir>   <name>====[B][COLOR=gold]Men[/COLOR][/B]====</name>
   <link></link>
   <thumbnail></thumbnail>
   <fanart></fanart>
</dir>



<item>
   <title>Justin Slayer</title>
   <link>
      <sublink>https://openload.co/f/BMnltRWwlp8/bcb2452452_37.avi([COLOR=gold]Mami Culo Grande 2 1080p [Openload][/COLOR] [COLOR=blue] [RD][/COLOR])</sublink>
      <sublink>https://openload.co/f/ymGqMJ8XHuw/bcbcvbcv3438796_2.avi%20([COLOR=gold]Black Pipe Layers 5 1080p [Openload][/COLOR] [COLOR=blue] [RD][/COLOR])</sublink>
      <sublink>https://openload.co/f/1QKu5F-LSx4/gdfgdg7744265_1.avi%20([COLOR=gold]Black Pipe Layers 4 1080p [Openload][/COLOR] [COLOR=blue] [RD][/COLOR])</sublink>
      <sublink>https://openload.co/f/w8o0c1khnys/vcxcvxcvxcv5464465_6.avi%20([COLOR=gold]Black Pipe Layers 3 1080p [Openload][/COLOR] [COLOR=blue] [RD][/COLOR])</sublink>
      <sublink>https://openload.co/f/5oI6DigdDnc/bcvbcv5554_6.avi%20([COLOR=gold]Black Pipe Layers 1 1080p [Openload][/COLOR] [COLOR=blue] [RD][/COLOR])</sublink>
      <sublink>https://openload.co/f/QoDx0V51lew/e65_8.avi([COLOR=gold]Mami Culo Grande 2 [EVIL Angel] 1080p [Openload][/COLOR] [COLOR=blue] [RD][/COLOR])</sublink>
      <sublink>https://www.redtube.com/878520([COLOR=gold]Mami culo grande # 8 disc 1 [EVIL Angel] 1080p [Redtube][/COLOR] [COLOR=blue] [RD][/COLOR])</sublink>
      <sublink>https://www.redtube.com/878823([COLOR=gold]Mami culo grande # 8 disc  2 [EVIL Angel] 1080p [Redtube][/COLOR] [COLOR=blue] [RD][/COLOR])</sublink>
      <sublink>https://www.redtube.com/498323([COLOR=gold]Latin big booty queens cd 1 1080p [Redtube][/COLOR] [COLOR=blue] [RD][/COLOR])</sublink>
      <sublink>https://www.redtube.com/498336([COLOR=gold]Latin big booty queens cd 2 1080p [Redtube][/COLOR] [COLOR=blue] [RD][/COLOR])</sublink>
      <sublink>https://www.redtube.com/402644([COLOR=gold]Phatty Girls 9 cd 1 480p [Redtube][/COLOR] [COLOR=blue] [RD][/COLOR])</sublink>
       <sublink>https://www.redtube.com/402924([COLOR=gold]Phatty Girls 9 cd 2 480p [Redtube][/COLOR] [COLOR=blue] [RD][/COLOR])</sublink>
       <sublink>https://www.redtube.com/403198([COLOR=gold]Phatty Girls 9 cd 3 480p [Redtube][/COLOR] [COLOR=blue] [RD][/COLOR])</sublink>
       <sublink>https://openload.co/f/Q22L7UGPDPI/Ass_So_Phat_%231.mp4([COLOR=gold]Ass So Phat #1 1080p [Openload][/COLOR] [COLOR=blue] [RD][/COLOR])</sublink>
       <sublink>https://openload.co/f/1T9ffUOvJDs/SupaBad_Redbone_%232.mp4([COLOR=gold]SupaBad Redbone #2 1080p [Openload][/COLOR] [COLOR=blue] [RD][/COLOR])</sublink>
   </link>
   <thumbnail>https://a3-images.myspacecdn.com/images03/1/0a51f871071e4199bc224771e1ea2213/600x600.jpg</thumbnail>
   <fanart></fanart>
   <summary>Justin Slayer is an American pornographic film actor and director. He won the 2007 Adult Video News Awards "Best Ethnic Series - Latin" for the Mami Culo Grande series and "Best Ethnic Series - Black" for the Phatty Girls series. Wikipedia
Born: September 7, 1972 (age 45 years), Los Angeles, CA
Height: 6′ 0″</summary>
</item>

<item>
   <title>Justin Slayer's South Beach Cruisin' 5</title>
   <link>
       <sublink>https://real-debrid.com/d/CQROVFL4ULL6Q([COLOR=gold]Franzsheliz Vasquez & Asante Stone 1080p [/COLOR][Real-debrid][COLOR=blue] [RD][/COLOR])</sublink>
      <sublink>https://real-debrid.com/d/WZNWIEHBFMEZS([COLOR=gold]Austin Taylor & Lucas Stone1080p [/COLOR][Real-debrid][COLOR=blue] [RD][/COLOR])</sublink>
      <sublink>https://real-debrid.com/d/637PQHWRFIIBY([COLOR=gold]Esperanza Gomez & Asante Stone1080p [/COLOR][Real-debrid][COLOR=blue] [RD][/COLOR])</sublink>
      <sublink>https://real-debrid.com/d/RHU6DV5ZMWGWO([COLOR=gold]Mishy Snow & Lucas Stone 1080p [/COLOR][Real-debrid][COLOR=blue] [RD][/COLOR])</sublink>
      <sublink>https://real-debrid.com/d/RHERSD66MULY2([COLOR=gold]BTS 1080p [/COLOR][Real-debrid][COLOR=blue] [RD][/COLOR])</sublink>
      <sublink>https://real-debrid.com/d/5NOBBETDFBRW6([COLOR=gold]Money Shots 1080p [/COLOR][Real-debrid][COLOR=blue] [RD][/COLOR])</sublink>
      <sublink>https://real-debrid.com/d/GNMNZH4HXP4TE([COLOR=gold]Outro 1080p [/COLOR][Real-debrid][COLOR=blue] [RD][/COLOR])</sublink>
   </link>
   <thumbnail>https://cdn.bootytape.com/fibx/imgx/16464_0.800.jpg</thumbnail>
   <fanart>https://cdn.bootytape.com/fibx/imgx/16464_1.800.jpg</fanart>
   <summary>Description: You just can`t beat hittin` up chicks on Miami`s South Beach. Miami Beach`s South Beach is simply spectacular and so are the hot girls...and you can meet up with a local, a fellow American, or an eye-popper from anywhere in the world! There`s just nothing that equals it. 

Starring: Asante Stone, Austin Taylor, Esperanza Gomez, Fransheliz Vasquez, Lucas Stone, Mishy Snow
*SPECIAL NOTE* this also contains XTRAS ( outro, $ shots, BTS), get what u need & NJOI!!  ^_^</summary>
</item>

<dir>
   <name>====Women====</name>
   <link></link>
   <thumbnail></thumbnail>
   <fanart></fanart>
</dir>

<item>
   <title>Cherokee D Ass</title>
   <link>
      <sublink>https://www.redtube.com/89915([COLOR=gold]Cherokke D'Ass - Pole Position 9 480p [Redtube][/COLOR] [COLOR=blue] [RD][/COLOR])</sublink>
      <sublink>https://www.redtube.com/688211([COLOR=gold]Cherokke D'Ass - 480p [Redtube][/COLOR] [COLOR=blue] [RD][/COLOR])</sublink>
      <sublink>http://bootyexpo.net/media/videos/mp4/683_720p.mp4([COLOR=gold]too much ass. too much sauce- 720p [Bootyexpo][/COLOR] [COLOR=blue] [RD][/COLOR])</sublink>
      <sublink>http://bootyexpo.net/media/videos/mp4/580_360p.mp4([COLOR=gold]Big Ass Legends Cherokee- 360p [Bootyexpo][/COLOR] [COLOR=blue] [RD][/COLOR])</sublink>
      <sublink>http://bootyexpo.net/media/videos/mp4/450_480p.mp4([COLOR=gold]Da one & only D'ass with Lex- 480p [Bootyexpo][/COLOR] [COLOR=blue] [RD][/COLOR])</sublink>
      <sublink>https://openload.co/f/bzpLQU9T2VU/KCDL612MUVG.mp4([COLOR=gold]Cherokee D'Ass All Dat Azz All Stars- 480p [Openload][/COLOR] [COLOR=blue] [RD][/COLOR])</sublink>
      <sublink>https://openload.co/f/vLj0Tdvbfik/O1SCKG6J9NT.mp4([COLOR=gold]Cherokee D'Ass All About Cherokee D Ass- 480p [Openload][/COLOR] [COLOR=blue] [RD][/COLOR])</sublink>
      <sublink>https://openload.co/f/cXazbXHqWoQ/83YRLG94QKU.mp4([COLOR=gold]Cherokee D'Ass Asstrology - 480p [Openload][/COLOR] [COLOR=blue] [RD][/COLOR])</sublink>
      <sublink>https://openload.co/f/gLf4EORTRyA/ABHXFU0MOYI.mp4([COLOR=gold]Cherokee D'Ass & Amile Waters Big Phat Onion Butts 1- 480p [Openload][/COLOR] [COLOR=blue] [RD][/COLOR])</sublink>
      <sublink>https://openload.co/f/bzpLQU9T2VU/KCDL612MUVG.mp4([COLOR=gold]Cherokee D'Ass All Dat Azz All Stars- 480p [Openload][/COLOR] [COLOR=blue] [RD][/COLOR])</sublink>
      <sublink>https://openload.co/f/TP7quheyeKo/Cherokee_D%27Ass_Big_Black_Booty_POV_2.mp4([COLOR=gold]Cherokee D'Ass Big Black Booty POV 2 480p [Openload][/COLOR] [COLOR=blue] [RD][/COLOR])</sublink>
      <sublink>https://openload.co/f/4cnsqiXESe8/dwadwaddf_2.mp4([COLOR=gold]LEGENDS OF EBONY CHEROKEE  1080p [Openload][/COLOR] [COLOR=blue] [RD][/COLOR])</sublink>
   </link>
   <thumbnail>https://ci.phncdn.com/m=eQdw9f/pics/pornstars/000/000/905/thumb_10851.jpg</thumbnail>
   <fanart></fanart>
   <summary>Born: February 11, 1976 (age 42 years), Los Angeles County, California, CA
Full name: Yohanna Renee Kerr
Height: 5′ 3″
Nationality: American</summary>
</item>

<item>
   <title>Pinky XXX</title>
   <link>
       <sublink>https://openload.co/f/28D8tPneOww/Pinky_The_Art_of_fucking.mp4([COLOR=gold]Pinky The Art of fucking 1080p [/COLOR][Openload][COLOR=blue] [RD][/COLOR])</sublink>
      <sublink>https://openload.co/f/_lEzLBSes2g/Pinky_%26_Sinnamon_Love_Pinkys_Chronicles.mp4([COLOR=gold]Pinky & Sinnamon Love Pinkys Chronicles 1080p [/COLOR][Openload][COLOR=blue] [RD][/COLOR])</sublink>
      <sublink>https://openload.co/f/sculi5SlX80/Nuttin_Butt_Pinky_3.mp4([COLOR=gold]Nuttin Butt Pinky 3 1080p [/COLOR][Openload][COLOR=blue] [RD][/COLOR])</sublink>
      <sublink>https://openload.co/f/ehXH2r3CQTs/Nuttin_Butt_Pinky_4.mp4([COLOR=gold]Nuttin Butt Pinky  4 1080p [/COLOR][Openload][COLOR=blue] [RD][/COLOR])</sublink>
      <sublink>https://openload.co/f/XPjIfVJVeSI/Nuttin_Butt_Pinky_2.mp4([COLOR=gold]Nuttin Butt Pinky  2 1080p [/COLOR][Openload][COLOR=blue] [RD][/COLOR])</sublink>
      <sublink>https://openload.co/f/SdsEgUlCSaM/Pinky_%26_Layla_Monroe_Pinky%27s_New_Booties_2.mp4([COLOR=gold]Pinky & Layla Monroe Pinky's New Booties 2  1080p [/COLOR][Openload][COLOR=blue] [RD][/COLOR])</sublink>
      <sublink>https://openload.co/f/zX0r1jSTDxo/Pinky_Gets_Strapped_by_Victoria_Cakes.mp4([COLOR=gold]Pinky Gets Strapped by Victoria Cakes  1080p [/COLOR][Openload][COLOR=blue] [RD][/COLOR])</sublink>
      <sublink>https://openload.co/f/0Kwh1te-1-A/The_Best_Of_Pinky_%28Legend%29.mp4([COLOR=gold]The Best Of Pinky [Legend]  1080p [/COLOR][Openload][COLOR=blue] [RD][/COLOR])</sublink>
   </link>
   <thumbnail>https://st4.hqcollect.net/uploads/torrent_covers/c8/54/ad/c854adf991.jpg</thumbnail>
   <animated_fanart>http://1.bp.blogspot.com/-I7lehSeuySs/UzHrUj9ZRjI/AAAAAAAATu4/ikwGJjxVVh0/s320/pinkyxxx_pinky_richard_mann_+3.gif</animated_fanart>
   <summary>Birthday:	June 24, 1982
Astrological Sign:	Cancer
Birth location:	West Oakland, California, U.S.
Birth name:	Sarah Mirabelli
Years Active:	2006-2008 
Started around 24 years old
Measurements:	34B-24-38
Height:	4 feet, 11 inches (150 cm)
Weight:	154 lbs (70 kg)
Eye color:	Dark Brown
Hair color:	Brown/Pink
Skin color:	Light brown
Ethnicity:	Italian/African American
No. of films:	3 as director 
148 as performer</summary>
</item>
<item>
   <title>Ebony Banks</title>
   <link>
       <sublink>https://openload.co/f/mEtZHdKuI8w/Ebony_Banks.mp4([COLOR=gold]Ebony Banks 1080p [/COLOR][Openload][COLOR=blue] [RD][/COLOR])</sublink>
      <sublink>https://openload.co/f/bFIT_vuxJzM/SpankBang_ebony%2Bbanks%2Bsexxxy%2Bschool%2Bgirl%2Btakes%2Bthe%2Bbbc_320p.mp4([COLOR=gold]Ebony Banks Sexxxy School Girl Takes The Bbc 320p [/COLOR][Openload][COLOR=blue] [RD][/COLOR])</sublink>
      <sublink></sublink>
   </link>
   <thumbnail>https://i.pinimg.com/originals/d0/b8/3b/d0b83b794811e07f995c28f446618df7.jpg</thumbnail>
   <fanart></fanart>
   <summary>Watch Ebony Banks #1 - RealEbonyQueens</summary>
</item>
<item>
<title>Mako Oda</title>
   <link>
       <sublink>https://openload.co/f/Qept7CK3Rdw/mdyd-959-mako-oda_720p.mp4([COLOR=gold]mdyd-959-mako-oda 1080p [/COLOR][Openload][COLOR=blue] [RD][/COLOR])</sublink>
      <sublink>https://openload.co/f/RmBAoYxpoPI/jufd-623-mako-oda.mp4[COLOR=gold]jufd-623  1080p  [/COLOR][Openload][COLOR=blue] [RD][/COLOR])</sublink>
      <sublink></sublink>
   </link>
   <thumbnail>https://i.pinimg.com/originals/39/88/0c/39880cd4b7e9577b092b9fc7e8d3eb05.jpg</thumbnail>
   <fanart></fanart>
   <summary>Born: December 17, 1983 (age 34 years), Tokyo, Japan
Height: 5′ 1″</summary>
</item>

<item>
<title>Mia Malkova</title>
   <link>
       <sublink>https://openload.co/f/A6jeN9pR1q0/Mia_Malkova_Superstar.mp4 ([COLOR=gold]Mia Malkova Superstar 1080p [/COLOR][Openload][COLOR=blue] [RD][/COLOR])</sublink>
      <sublink></sublink>
      <sublink></sublink>
   </link>
   <thumbnail>https://i.pinimg.com/originals/70/d7/0c/70d70c2696f7fb54aa5ad4b361ada443.jpg</thumbnail>
   <fanart></fanart>
   <summary>Mia Malkova is an American pornographic actress. Wikipedia
Born: July 1, 1992 (age 26 years), Palm Springs, CA
Height: 5′ 7″
Nationality: American
Spouse: Danny Mountain (m. 2014–2018)
Weight: 140 lb (64 kg)
Siblings: Justin Hunt
</summary>
</item>