<dir>
   <name>Black Cheerleader Search 33 (2000) Split Scenes</name>
   <link>https://pastebin.com/raw/VBFZzVgj</link>
   <thumbnail>https://cdn.bootytape.com/fibx/imgx/14449_0.800.jpg</thumbnail>
   <fanart>https://cdn.bootytape.com/fibx/imgx/14449_1.800.jpg</fanart>
</dir>
<item>
   <name>Black Cheerleader Search 40</name>
   <link>https://real-debrid.com/d/PJ2346XVDBLB4</link>
   <thumbnail>https://cdn.bootytape.com/fibx/imgx/49887_0.800.jpg</thumbnail>
   <fanart>https://cdn.bootytape.com/fibx/imgx/49887_2.800.jpg</fanart>
</item>