<item>
   <title>Dream</title>
   <link>https://real-debrid.com/d/AZA5HYRVS62NY</link>
   <thumbnail>https://cdn.bootytape.com/fibx/imgx/27357_2.800.jpg</thumbnail>
   <fanart>https://cdn.bootytape.com/fibx/imgx/27357_2.800.jpg</fanart>
   <summary>Dream</summary>
</item>
<item>
   <title>Butterscotch</title>
   <link>https://real-debrid.com/d/RH3K2US2AWWVE</link>
   <thumbnail>https://cdn.bootytape.com/fibx/imgx/27357_3.800.jpg</thumbnail>
   <fanart>https://cdn.bootytape.com/fibx/imgx/27357_3.800.jpg</fanart>
   <summary>Butterscotch</summary>
</item>
<item>
   <title>Papoose</title>
   <link>https://real-debrid.com/d/LN7VPTPQCFDLG</link>
   <thumbnail>https://cdn.bootytape.com/fibx/imgx/27357_4.800.jpg</thumbnail>
   <fanart>https://cdn.bootytape.com/fibx/imgx/27357_4.800.jpg</fanart>
   <summary>Papoose</summary>
</item>
<item>
   <title>Minx</title>
   <link>https://real-debrid.com/d/LDIS7W2LAIHG6</link>
   <thumbnail>https://cdn.bootytape.com/fibx/imgx/27357_5.800.jpg</thumbnail>
   <fanart>https://cdn.bootytape.com/fibx/imgx/27357_5.800.jpg</fanart>
   <summary>Minx</summary>
</item>
<item>
   <title>Jamaica</title>
   <link>https://real-debrid.com/d/WFLJYJ3Z5DIQS</link>
   <thumbnail>https://cdn.bootytape.com/fibx/imgx/27357_6.800.jpg</thumbnail>
   <fanart>https://cdn.bootytape.com/fibx/imgx/27357_6.800.jpg</fanart>
   <summary>Jamaica</summary>
</item>
<item>
   <title>Bad Ass, Mariah</title>
   <link>https://real-debrid.com/d/IJWDEUUOZIM5O</link>
   <thumbnail>https://cdn.bootytape.com/fibx/imgx/27357_7.800.jpg</thumbnail>
   <fanart>https://cdn.bootytape.com/fibx/imgx/27357_7.800.jpg</fanart>
   <summary>Bad Ass, Mariah</summary>
</item>
