<item>
   <title>Athena Palomino</title>
   <link>
       <sublink>https://openload.co/f/xxJBzVaHh6o/www.0xxx.ws_Blacked.18.10.02.Athena.Palomino.XXX.1080p.MP4-KTR.mp4([COLOR=gold]Athena Palomino 1080p [/COLOR][Openload][COLOR=blue] [RD][/COLOR])</sublink>
      <sublink>https://www.rapidvideo.com/v/FVUG3HAC61([COLOR=gold]Athena Palomino 1080p [/COLOR][Rapidvideo][COLOR=blue] [RD][/COLOR])</sublink>
   </link>
   <thumbnail>https://img200.imagetwist.com/th/25456/9tb42ldu2zr2.jpg</thumbnail>
   <fanart>https://thumb.oloadcdn.net/splash/oRT2h_fZTrQ/p9RVCXWZHgY.jpg</fanart>
   <summary>Blacked 18 10 02 Athena Palomino</summary>
</item>
<item>
   <title>Lana Rhoades</title>
   <link>
       <sublink>https://openload.co/f/f0XJ7jPjgGU/www.0xxx.ws_Blacked.18.09.27.Lana.Rhoades.XXX.1080p.MP4-KTR.mp4([COLOR=gold]Lana Rhoades 1080p [/COLOR][Openload][COLOR=blue] [RD][/COLOR])</sublink>
      <sublink>https://www.rapidvideo.com/v/FVOTTN9731([COLOR=gold]Lana Rhoades 1080p [/COLOR][Rapidvideo][COLOR=blue] [RD][/COLOR])</sublink>
   </link>
   <thumbnail>https://img200.imagetwist.com/th/25394/hscef9lseumi.jpg</thumbnail>
   <fanart>https://thumb.oloadcdn.net/splash/8DN6GXNZMpY/AelfU1bMLzY.jpg</fanart>
   <summary>Blacked 18 09 27 Lana Rhoades</summary>
</item>
<item>
   <title>Kendra Sunderland</title>
   <link>
       <sublink>https://openload.co/f/PFE7MhhQiak/www.0xxx.ws_Blacked.18.09.22.Kendra.Sunderland.XXX.1080p.MP4-KTR.mp4([COLOR=gold]Kendra Sunderland 1080p [/COLOR][Openload][COLOR=blue] [RD][/COLOR])</sublink>
      <sublink>https://www.rapidvideo.com/v/FVIUZDX325([COLOR=gold]Kendra Sunderland 1080p [/COLOR][Rapidvideo][COLOR=blue] [RD][/COLOR])</sublink>
   </link>
   <thumbnail>https://img200.imagetwist.com/th/25328/1xf1gzv0cgpl.jpg</thumbnail>
   <fanart>https://thumb.oloadcdn.net/splash/P1QBhWJoHKk/lnour83xQps.jpg</fanart>
   <summary>Blacked 18 09 22 Kendra Sunderland</summary>
</item>
<item>
   <title>Mia Melano</title>
   <link>
       <sublink>https://openload.co/f/saB5GM3I5Jg/www.0xxx.ws_Blacked.18.09.17.Mia.Melano.XXX.1080p.MP4-KTR.mp4([COLOR=gold]Mia Melano 1080p [/COLOR][Openload][COLOR=blue] [RD][/COLOR])</sublink>
      <sublink>https://www.rapidvideo.com/v/FVD36PCJ5U([COLOR=gold]Mia Melano 1080p [/COLOR][Rapidvideo][COLOR=blue] [RD][/COLOR])</sublink>
   </link>
   <thumbnail>https://img200.imagetwist.com/th/25257/o1jaf7rpuifh.jpg</thumbnail>
   <fanart>https://thumb.oloadcdn.net/splash/NG-EhcxaNzQ/_oK8eQ0c0u8.jpg</fanart>
   <summary>Blacked 18 09 17 Mia Melano</summary>
</item>