
<item>
   <title>Allyana</title>
   <link>
       <sublink>https://openload.co/f/kbjAkmT-3YY/www.0xxx.ws_CastingCouch-HD.18.11.23.Allyana.XXX.1080p.MP4-KTR.mp4([COLOR=gold]Allyana 1080p [/COLOR][Openload][COLOR=blue] [RD][/COLOR])</sublink>
      <sublink>http://nitroflare.com/view/4A57C7864757B9F/_castingcouch_hd__kim_r_t_1.mp4([COLOR=gold]Kim Returns 1080p [/COLOR][Nitroflare][COLOR=blue] [RD][/COLOR])</sublink>
   </link>
   <thumbnail>https://trumbhost.com/images/2018/09/xx79nrw3lpcgsq33lg13.jpg</thumbnail>
   <fanart>http://trumbhost.com/images/2018/09/63mi3evljl2lqsh43jf5.jpg </fanart>
   <summary>Porno actress: Kim Returns
Title: Casting
Release date: 2018
Porno Site: CastingCouch-HD

Porno Genre: Casting, Amateurs, Anal, Interracial, Hardcore, Deep Throat, Cum In Mouth
Duration: 00:40:46</summary>
</item>
<item>
   <title>Kim Returns</title>
   <link>
       <sublink>https://rapidgator.net/file/80ad80be869aee0ed2bdf791e11c5a1c/_castingcouch_hd__kim_r_t_1.mp4.html([COLOR=gold]Kim Returns 1080p [/COLOR][Rapidgator][COLOR=blue] [RD][/COLOR])</sublink>
      <sublink>http://nitroflare.com/view/4A57C7864757B9F/_castingcouch_hd__kim_r_t_1.mp4([COLOR=gold]Kim Returns 1080p [/COLOR][Nitroflare][COLOR=blue] [RD][/COLOR])</sublink>
   </link>
   <thumbnail>https://trumbhost.com/images/2018/09/xx79nrw3lpcgsq33lg13.jpg</thumbnail>
   <fanart>http://trumbhost.com/images/2018/09/63mi3evljl2lqsh43jf5.jpg </fanart>
   <summary>Porno actress: Kim Returns
Title: Casting
Release date: 2018
Porno Site: CastingCouch-HD

Porno Genre: Casting, Amateurs, Anal, Interracial, Hardcore, Deep Throat, Cum In Mouth
Duration: 00:40:46</summary>
</item>
<item>
   <title>Hazel</title>
   <link>
       <sublink>https://www.rapidvideo.com/v/FVPZMPM0CB([COLOR=gold]Hazel 1080p [/COLOR][Rapidvideo][COLOR=blue] [RD][/COLOR])</sublink>
      <sublink>http://nitroflare.com/view/45C2E3621AFFB50/hazelcc.1080p.mp4([COLOR=gold]Hazel 1080p [/COLOR][Nitroflare][COLOR=blue] [RD][/COLOR])</sublink>
      <sublink>https://openload.co/f/pIXUvshFsLk/www.0xxx.ws_CastingCouch-HD.18.09.21.Hazel.XXX.1080p.MP4-KTR.mp4([COLOR=gold]Hazel 1080p [/COLOR][Openload][COLOR=blue] [RD][/COLOR])</sublink>
   </link>
   <thumbnail>https://img200.imagetwist.com/th/25408/b6eswdk3hm1u.jpg</thumbnail>
   <fanart>https://thumb.oloadcdn.net/splash/Fz8yAl78MgE/WAsjOk1xhQ0.jpg</fanart>
   <summary>CastingCouch-HD 18 09 21 Hazel XXX 1080p</summary>
</item>
<item>
   <title>Selina</title>
   <link>
       <sublink>https://www.rapidvideo.com/v/FVEGF7ESRI([COLOR=gold]Selina 1080p [/COLOR][Rapidvideo][COLOR=blue] [RD][/COLOR])</sublink>
      <sublink>https://rapidgator.net/file/b57148f937711dcc5157f4e278b842a1/s_lina___casting_couch__2_1.mp4.html([COLOR=gold]Selina 1080p [/COLOR][Rapidgator][COLOR=blue] [RD][/COLOR])</sublink>
      <sublink>https://openload.co/f/A5OLE4kzr3U/www.0xxx.ws_CastingCouch-HD.18.09.14.Selina.XXX.1080p.MP4-KTR.mp4([COLOR=gold]Selina 1080p [/COLOR][Openload][COLOR=blue] [RD][/COLOR])</sublink>
   </link>
   <thumbnail>https://img200.imagetwist.com/th/25274/30h7k46a1jni.jpg</thumbnail>
   <fanart>https://thumb.oloadcdn.net/splash/fQA7cUEawuA/5htmHstkivg.jpg</fanart>
   <summary>CastingCouch-HD 18 09 14 Selina XXX 1080p</summary>
</item>
<item>
   <title>Geneva</title>
   <link>
       <sublink>https://www.rapidvideo.com/v/FV8CG5SBVE([COLOR=gold]Geneva 1080p [/COLOR][Rapidvideo][COLOR=blue] [RD][/COLOR])</sublink>
      <sublink>https://rapidgator.net/file/ba5c36e0c2f5fdaee274f2f6eea81959/g_n_va___casting_couch__2_1.mp4.html([COLOR=gold]Geneva 1080p [/COLOR][Rapidgator][COLOR=blue] [RD][/COLOR])</sublink>
      <sublink>https://rapidgator.net/file/02c87f67c5449f9a5d17c1c6b30f103a/g_n_va___casting_couch__2_1.mp4.html([COLOR=gold]Geneva 1080p [/COLOR][Rapidgator][COLOR=blue] [RD][/COLOR])</sublink>
      <sublink>https://rapidgator.net/file/60b3793abef485e00a8ded621c34f403/tinna_ang_l___th__ultimat_1.mp4.html([COLOR=gold]Geneva 1080p [/COLOR][Rapidgator][COLOR=blue] [RD][/COLOR])</sublink>
      <sublink>https://openload.co/f/86j8x9AKH5I/www.0xxx.ws_CastingCouch-HD.18.09.07.Geneva.XXX.1080p.MP4-KTR.mp4([COLOR=gold]Geneva 1080p [/COLOR][Openload][COLOR=blue] [RD][/COLOR])</sublink>
   </link>
   <thumbnail>https://trumbhost.com/images/2018/09/63hpgj5xjuzfqzu0fvks.jpg</thumbnail>
   <fanart>https://thumb.oloadcdn.net/splash/925yNuDvDQg/ZvSmgT4o3R0.jpg</fanart>
   <summary>CastingCouch-HD 18 09 07 Geneva XXX 1080p</summary>
</item>

<item>
   <title>Lillian And Gina</title>
   <link>
       <sublink>https://openload.co/f/A8Pfub95mmI/www.0xxx.ws_CastingCouch-HD.18.08.31.Lillian.And.Gina.XXX.1080p.MP4-KTR.mp4([COLOR=gold]Lillian And Gina 1080p [/COLOR][Openload][COLOR=blue] [RD][/COLOR])</sublink>
      <sublink>https://www.rapidvideo.com/v/FV8C20LXZI([COLOR=gold]Lillian And Gina 1080p [/COLOR][Rapidvideo][COLOR=blue] [RD][/COLOR])</sublink>
   </link>
   <thumbnail>https://img200.imagetwist.com/th/25185/513ppup4fc6f.jpg</thumbnail>
   <fanart>https://thumb.oloadcdn.net/splash/Dvhpzjd4WCw/4BpHI9i8JW4.jpg</fanart>
   <summary>CastingCouch-HD 18 08 31 Lillian And Gina XXX 1080p</summary>
</item>
<item>
   <title>Mila - Princess Of Orgasms</title>
   <link>
       <sublink>https://rg.to/file/912bb1753795bdf1f46ea7f58cd829dd/CastingCouch-HD.Mila.720p.mp4.html([COLOR=gold]Mila 720p [/COLOR][Rapidgator][COLOR=blue] [RD][/COLOR])</sublink>
      <sublink>https://rg.to/file/6b2951fd3e1ddb9d843ff5936775b598/CastingCouch-HD.Mila.SD.mp4.html([COLOR=gold]Mila [SD] [/COLOR][Rapidgator][COLOR=blue] [RD][/COLOR])</sublink>
      <sublink>http://uploaded.net/file/yawu0eax/CastingCouch-HD.Mila.720p.mp4([COLOR=gold]Mila 720p [/COLOR][Uploaded][COLOR=blue] [RD][/COLOR])</sublink>
      <sublink>http://uploaded.net/file/xap5tmlg/CastingCouch-HD.Mila.SD.mp4([COLOR=gold]Mila [SD] [/COLOR][Uploaded][COLOR=blue] [RD][/COLOR])</sublink>
   </link>
   <thumbnail>https://t24.pixhost.to/thumbs/14/83500488_5bb0bfcf741e1.jpg</thumbnail>
   <fanart>https://img24.pixhost.to/images/14/83500206_castingcouch-hd-mila-720p_s.jpg</fanart>
   <summary>Mila - Princess Of Orgasms
Released: September 30, 2018</summary>
</item>
<item>
   <title>Sara</title>
   <link>
       <sublink>http://ul.to/un5n92y7/HD_-_Sara.mp4([COLOR=gold]Lillian 1080p [/COLOR][Uploaded][COLOR=blue] [RD][/COLOR])</sublink>
      <sublink></sublink>
      <sublink></sublink>
   </link>
   <thumbnail>https://corepix.org/images/2018/10/13/Sara.jpg</thumbnail>
   <fanart>https://corepix.org/images/2018/10/13/HD_-_Sara_screenshots.jpg </fanart>
   <summary>Casting Couch-HD  Sara</summary>
</item>



