<item>
           <title>Mimi and Nikko: Scandal In Atlanta</title>
          <link>
              <sublink>http://rg.to/file/6fdddc558ec70a131816f2da15e4e68c/Mimi.And.Nikko.Scandal.In.Atlanta.The.Secret.Sextape.XXX.DVDRip.x264-KuKaS.mp4.html</sublink>
              <sublink>http://uploaded.net/file/thl8w2lv/Mimi.And.Nikko.Scandal.In.Atlanta.The.Secret.Sextape.XXX.DVDRip.x264-KuKaS.mp4</sublink>
          </link>
               <thumbnail>https://imgs3cdn.adultempire.com/products/39/1696439h.jpg</thumbnail>
               <fanart></fanart>
               <summary>Cast: Mimi Faust

Stars of VH1's Love & Hip Hop:Atlanta...Off Script!

It's the tape that turned Love and Hip Hop Atlanta upside down and inside out! We can't say how we got it, but it's Mimi and Nikko at their most intimate, and it's the scandal that rocks the next season of the hit VH1 series. First they have steamy sex in a mysterious blue room. Then they make it to a chair that's ideal for hot oral action. And you can tell from Mimi's response...she's definitely digging it. Then they hip-hop back to bed for some backdoor teasing and it all ends in one hot shower session you'll never forget. Mimi...Nikko...you always knew they had chemistry...and now we've got the tape to prove it!</summary>
       </item> 

<dir>
        <title>Unsimulated Sex Movies</title>

        <tmdb>keyword/movies/12420</tmdb>
          
          
        <thumbnail></thumbnail>
          
          
        <fanart></fanart>
        
		<summary>No Kids Allowed</summary>

</dir>
       
<dir>
        <title>Explicit Scenes</title>
        <cnw>category/explicit-scene/</cnw>
        <thumbnail>http://www.celebsnudeworld.com/media/videos/cat/29.jpg</thumbnail>
    </dir>

    <dir>
        <title>Full HD</title>
        <cnw>category/full-hd/</cnw>
        <thumbnail>http://www.celebsnudeworld.com/media/videos/cat/40.jpg</thumbnail>
    </dir>

    <dir>
        <title>Movies</title>
        <cnw>category/movies/</cnw>
        <thumbnail>http://www.celebsnudeworld.com/media/videos/cat/37.jpg</thumbnail>
    </dir>


    <dir>
        <title>Other</title>
        <cnw>category/other/</cnw>
        <thumbnail>http://www.celebsnudeworld.com/media/videos/cat/33.jpg</thumbnail>
    </dir>


    <dir>
        <title>Celebrities Sex Tape</title>
        <cnw>category/sex-tape/</cnw>
        <thumbnail>http://www.celebsnudeworld.com/media/videos/cat/28.jpg</thumbnail>
    </dir>
<dir>
        <title>Search for Celebrities</title>
        <cnw>search</cnw>
        <thumbnail></thumbnail>
    </dir>
</theknob>
