<item>
   <title>Sugar #10</title>
   <link>https://openload.co/f/puBfF1_i4kg/Sugar_%2310.mp4</link>
   <thumbnail>https://st3.hqcollect.net/uploads/vod_movie/30/20/d6/3020d66920.jpg</thumbnail>
   <fanart>https://st3.hqcollect.net/uploads/vod_movie/3d/6c/41/3d6c41fddd.jpg</fanart>
   <summary>Studio: Darkside Entertainment Categories: Black 
Pornstars: Africa, Byron Long, Monie Love, Nicky Starks, Taboo</summary>
</item>
<item>
   <title>Nicky Stark's In the Thick #5</title>
   <link>https://openload.co/f/7F0HFkXzYmw/Nicky_Stark%27s_In_the_Thick_%235.mp4</link>
   <thumbnail>https://st1.hqcollect.net/uploads/vod_movie/40/a5/45/40a5457f5d.jpg</thumbnail>
   <fanart>https://st1.hqcollect.net/uploads/vod_movie/c0/9a/eb/c09aeb121a.jpg</fanart>
   <summary>Studio: Darkside Entertainment Categories: Black 
Pornstars: Coffee Cakes, Mo Wet, Nicky Starks</summary>
</item>
<item>
<title>The Best of In the Thick #2</title>
   <link>https://openload.co/f/qjwLe2dHwK0/The_Best_of_In_the_Thick_%232.mp4</link>
   <thumbnail>https://st4.hqcollect.net/uploads/vod_movie/1b/a3/1f/1ba31fc3e9.jpg</thumbnail>
   <fanart>https://st4.hqcollect.net/uploads/vod_movie/79/fe/ab/79feab0025.jpg</fanart>
   <summary>Studio: Darkside Entertainment Categories: Big Ass 
Pornstars: Angel Eyes, Hypnotiq, Kitten, Skyy Black, Summer Brown, Tinker Belle</summary>
</item>
<item>
<title>Sugar #4</title>
   <link>https://openload.co/f/lS2cyekFmIQ/Sugar4.mp4</link>
   <thumbnail>https://st1.hqcollect.net/uploads/vod_movie/ed/e8/29/ede829b2c6.jpg</thumbnail>
   <fanart>https://st1.hqcollect.net/uploads/vod_movie/03/13/b2/0313b24edd.jpg</fanart>
   <summary>Studio: Darkside Entertainment Categories: Black 
Pornstars: Chocolate, Nicky Starks</summary>
</item>
<item>
   <title>Sugar #5</title>
   <link>https://openload.co/f/Tr8OvGpsxEo/Sugar_%235.mp4</link>
   <thumbnail><https://st2.hqcollect.net/uploads/vod_movie/a9/82/7d/a9827d90b2.jpg/thumbnail>
   <fanart></fanart>
   <summary></summary>
</item>
<item>
   <title>You Just Luv My Doggystyle #1</title>
   <link>https://openload.co/f/eNXDMHTbncY/You_Just_Luv_My_Doggystyle_%231.mp4</link>
   <thumbnail></thumbnail>
   <fanart></fanart>
   <summary></summary>
</item>
<item>
   <title>Nicky Stark's In the Thick #6</title>
   <link>https://openload.co/f/Lrhqs0O6YAo/Nicky_Stark%27s_In_the_Thick_%236.mp4</link>
   <thumbnail></thumbnail>
   <fanart></fanart>
   <summary></summary>
</item>
<item>
   <title>Nicky Stark's In the Thick #10</title>
   <link>https://openload.co/f/eFMfLHGXLNg/Nicky_Stark%27s_In_the_Thick_%2310.mp4</link>
   <thumbnail></thumbnail>
   <fanart></fanart>
   <summary></summary>
</item>
<item>
   <title>Nicky Stark's In the Thick #1</title>
   <link>https://openload.co/f/lCBAvwLKcdA/Nicky_Stark%27s_In_the_Thick_%231.mp4</link>
   <thumbnail></thumbnail>
   <fanart></fanart>
   <summary></summary>
</item>
<item>
   <title>Nicky Stark's In the Thick #9</title>
   <link>https://openload.co/f/YiNLeyjoAuk/Nicky_Stark%27s_In_the_Thick_%239.mp4</link>
   <thumbnail></thumbnail>
   <fanart></fanart>
   <summary></summary>
</item>
<item>
   <title>Around the Way Girls</title>
   <link>https://openload.co/f/h9T9BRIgmL0/Around_the_Way_Girls.mp4</link>
   <thumbnail></thumbnail>
   <fanart></fanart>
   <summary></summary>
</item>
<item>
   <title>Nicky Stark's In the Thick #7</title>
   <link>https://openload.co/f/-2ABAoFLND4/Nicky_Stark%27s_In_the_Thick_%237.mp4</link>
   <thumbnail></thumbnail>
   <fanart></fanart>
   <summary></summary>
</item>
<item>
   <title>Around the Way Girls #2</title>
   <link>https://openload.co/f/qDzbExacLsc/Around_the_Way_Girls_%232.mp4</link>
   <thumbnail></thumbnail>
   <fanart></fanart>
   <summary></summary>
</item>
<item>
   <title>Nicky Stark's In the Thick #11</title>
   <link>https://openload.co/f/3ADS8fJZZ_E/7FRX2Y3Q4WP.mp4</link>
   <thumbnail></thumbnail>
   <fanart></fanart>
   <summary></summary>
</item>
<item>
   <title>MY NEW DADDY GOTTA BIG FATTY (2018/DVDRIP)</title>
   <link>
<sublink>https://openload.co/f/eIbp1pw82qU/vbcvb78986_3.mp4</sublink>
<sublink>https://streamango.com/f/ccmpmbsoldfenmnm/vbcvb78986_3_mp4</sublink>
</link>
   <thumbnail>https://imgcloud.pw/images/2018/08/26/10ccf97fe30281f96ea26e59d449.jpg</thumbnail>
   <fanart></fanart>
   <summary>Starring: Tara, Jamie, Riley, Sindee

2:02:21 | 720�400 | mp4 | 1616Mb

My New Daddy Gotta Big Fatty (2018DVDRip)</summary>
</item>
<item>
   <title>BIG ASS LUV 6</title>
   <link>
       <sublink>https://openload.co/f/0tVDOXWBTM0/vcvcvdffg2421245_11.avi([COLOR=gold]BIG ASS LUV 6 Disc 1 1080p [Rapidvideo][/COLOR] [COLOR=blue] [RD][/COLOR])</sublink>
       <sublink>https://openload.co/f/T0mQRGiIIpM/vcvcvdffg2421245_12.avi([COLOR=gold]BIG ASS LUV 6 Disc 2 1080p [Rapidvideo][/COLOR] [COLOR=blue] [RD][/COLOR])</sublink>
</link>
   <thumbnail>https://imgcloud.pw/images/2017/10/02/246554.jpg</thumbnail>
   <fanart></fanart>
   <summary>Starring: Aryana Starr, Brown Suga, Jada Fire, Jasmine, Melrose Foxxx, Osa Lovely, Rane Revere

When it`s all about the big, phat ass.</summary>
</item>
<item>
   <title></title>
   <link></link>
   <thumbnail></thumbnail>
   <fanart></fanart>
   <summary></summary>
</item>
<item>
   <title></title>
   <link></link>
   <thumbnail></thumbnail>
   <fanart></fanart>
   <summary></summary>
</item>
<item>
   <title></title>
   <link></link>
   <thumbnail></thumbnail>
   <fanart></fanart>
   <summary></summary>
</item>