<xml>
	<chocolatecity>
<item>
   <name>Freaks Whoes And Flows</name>
   <link>https://p-def4.pcloud.com/cfZAumBUpZfTfgopZe8zOZZf8wFI7Z2ZZOAzZZj5k2gZJ5Z0VZQkZfXZI0ZAZ0XZ2kZdkZF0ZwVZz7Zr7ZeXZ47d9ELvASDpIB9PMa01vy8M0pR8V/Freaks%20Whoes%20and%20Flows%20-%20xHamster.com.mp4</link>
   <thumbnail>https://images.excaliburfilms.com/DVD/reviews/imagesBB020609/dvd_96921D1.jpg</thumbnail>
   <fanart>https://images.excaliburfilms.com/DVD/reviews/imagesBB020609/largemoviepic/dvd_96921D1-b.jpg</fanart>
</item>
<dir>
   <name>Freaks Whoes and Flows 13 (Split Scenes)
</name>
   <link>https://pastebin.com/raw/BiaqjyvA</link>
   <thumbnail>https://cdn.bootytape.com/fibx/imgx/27357_0.800.jpg</thumbnail>
   <fanart>https://cdn.bootytape.com/fibx/imgx/27357_1.800.jpg</fanart>
</dir>
<item>
   <name>Freaks Whoes And Flows 8</name>
   <link>https://real-debrid.com/d/INNIV5FOL5KMW</link>
   <thumbnail>https://cdn.bootytape.com/fibx/imgx/38480_0.800.jpg</thumbnail>
   <fanart>https://cdn.bootytape.com/fibx/imgx/38480_1.800.jpg</fanart>
</item>
<item>
   <name>Freaks Whoes And Flows 18</name>
   <link>https://p-def1.pcloud.com/cfZHuVco7Zn5cTopZe8zOZZ2PxFI7Z2ZZOAzZZmhU7uZr0ZKVZW7Z05ZOkZxXZcZi7ZyXZekZmXZ8VZiXZ0Z0Nz1PpzkoIRJ4iFNk4eXJFOesrPk/Freaks%20Whoes%20%26%20Flows%2018.mp4 </link>
   <thumbnail>https://images.excaliburfilms.com/DVD/reviews/imagesBB020609/Freaks_whoes_flows_18.jpg </thumbnail>
   <fanart>https://images.excaliburfilms.com/DVD/reviews/imagesBB020609/largemoviepic/Freaks_whoes_flows_18-b.jpg </fanart>
   <summary>Jake Steed's Productions now presents part 18 (in continuation to parts 1 thru 17) of the hot and very high in demand and extremely popular black series known as Chillin' with Jake Steed's Freaks, Whoes, and Flows. The Freaks, Whoes and Flows series is a top notch black product which is second to none in its class! In a nutshell, Freaks, Whoes, and Flows is an excellent pro-em with features qualities when always contains outstanding original music and concepts. And because of all these qualities as well as beautiful, brand-new girls (brand new girls everytime!! You won't see more new, beautiful black faces and bodies on any other series you can find Jake Steed find's most of these girls himself on his own while everyone else in the industry uses the same old girl the find from the same old agents, time after time after time Jake is out there hustlin' for the public and fans who want to see new hot black girls, not the tired old low budget girls you see in most other black tapes!!) and Jake's popularity with fans and consumers, this series is not one to be overlooked or underestimated by a smart buyer-in short, this series makes money, because it's quality over quantity and the fans love it!!"</summary>
</item>
<item>
   <name>Freaks Whoes And Flows 35</name>
   <link>https://p-def6.pcloud.com/cfZAHR0CkZohugopZe8zOZZKXwFI7Z2ZZOAzZZUthjTZqXZV0Z85ZUZ30ZQXZjVZe7Z6kZH7ZHkZrZU7ZBkZbzyDk90RMpfB6i9gI54wxusOzu4k/1180412_720x406_500k.mp4</link>
   <thumbnail>https://images.excaliburfilms.com/DVD/reviews/imagesBB020609/DVD_305322D35.jpg</thumbnail>
   <fanart>https://images.excaliburfilms.com/DVD/reviews/imagesBB020609/largemoviepic/DVD_305322D35-b.jpg </fanart>
</item>
	</chocolatecity>
	</xml>