<item>
   <title>Amateur Dominican Thot Gets DP</title>
   <link>
      <sublink>https://www.redtube.com/2739603(RD)</sublink>
      <sublink></sublink>
   </link>
   <thumbnail>https://imggen.eporner.com/1416603/588/392/6.jpg</thumbnail>
   <fanart>https://thumbs-cdn.redtube.com/media/pics/users/002/032/851/avatar116990480/logo_762f5c48d7b4a6f5c2a992cabadf55f7.png</fanart>
</item>
<item>
   <title>LEXI BACKKKK</title>
   <link>
      <sublink>https://openload.co/f/4sepOHHqQpU/LEXI_BACKKKK_720p.mp4(RD)</sublink>
      <sublink></sublink>
   </link>
   <thumbnail>http://m.bootyexpo.net/media/videos/tmb/000/000/618/67.jpg</thumbnail>
   <fanart></fanart>
</item>
<item>
   <title>Therealmslondon-onlyfans.com Megapack</title>
   <link>
       <sublink>https://real-debrid.com/d/Y2QOP4DITSHOS([COLOR=gold]Therealmslondon The Killer's Cumming (Full Scene) 2018.04.23 1080p [/COLOR][real-debrid][COLOR=blue] [RD][/COLOR])</sublink>
       <sublink>https://real-debrid.com/d/OMA4KPHIUI4HA([COLOR=gold]Therealmslondon  2018 02 22 With Mookie 1080p [/COLOR][real-debrid][COLOR=blue] [RD][/COLOR])</sublink>
      <sublink>https://real-debrid.com/d/SUV2SKQH7ZX6M([COLOR=gold]Therealmslondon 1080p [/COLOR][real-debrid][COLOR=blue] [RD][/COLOR])</sublink>
      <sublink>https://real-debrid.com/d/YYNK2E6QZ74WQ([COLOR=gold]Therealmslondon 1080p [/COLOR][real-debrid][COLOR=blue] [RD][/COLOR])</sublink>
      <sublink>https://real-debrid.com/d/2NJZL2GKXFOSW([COLOR=gold]Therealmslondon 2018 02 24 Trying to obtain grip on this very large BBC, It barely could fit in my tiny mouth 1080p [/COLOR][real-debrid][COLOR=blue] [RD][/COLOR])</sublink>
      <sublink>https://rapidgator.net/file/4d86cd5a2d03e0756be829c21fccb6cb/ms_london_cumming_720.mp4.html([COLOR=gold]ms_london_cumming_720 [/COLOR][real-debrid][COLOR=blue] [RD][/COLOR])</sublink>
      <sublink>https://rapidgator.net/file/580f6c7f54c53dd847e054aff8a1bd10/rome_slim_ms_london02_1080.mp4.html([COLOR=gold]rome_slim_ms_london02_1080 [/COLOR][real-debrid][COLOR=blue] [RD][/COLOR])</sublink>
      <sublink>https://rapidgator.net/file/ee03f0df858219c6c84c4d960407b64a/tr_ms_london_slimpoke_1080.mp4.html([COLOR=gold]TheRealMsLondon_1080 [/COLOR][real-debrid][COLOR=blue] [RD][/COLOR])</sublink>
   </link>
   <animated_thumbnail>http://i.imgur.com/RQQjQbd.gif</animated_thumbnail>
   <animated_fanart>http://i.imgur.com/RLhNF62.gif</animated_fanart>
   <summary>TheRealMsLondon</summary>
</item>
<item>
   <title>Hourglass Athena Creams on Thick Dick</title>
   <link>https://real-debrid.com/d/XUTMM4WVQBZGA</link>
   <animated_thumbnail>http://i.imgur.com/lmsvL40.gif</animated_thumbnail>
   <animated_fanart>http://i.imgur.com/hqJOYjU.gif</animated_fanart>
   <summary>Hourglass Athena Creams on Thick Dick</summary>
</item>
   <title>Nyna Stax & Celebrity Cumms</title>
   <link>https://real-debrid.com/d/FQPYDFCLJNETM</link>
   <animated_thumbnail>http://i.imgur.com/q9KuEmi.gif</animated_thumbnail>
   <animated_fanart>http://i.imgur.com/YW49u8k.gif</animated_fanart>
   <summary>Starring: - Celebrity Cumms -- Nyna Stax</summary>
</item>
<item>
   <title>Turnupmonsterx2 AKA Fellarunitall Pornhub aka Point A Fella/Manyvids Minipack Update Up to 2018 10 03</title>
   <link>
       <sublink>https://real-debrid.com/d/N7W3RMHMI3DJY([COLOR=gold]Point Of Fella_Thickness [/COLOR][real-debrid][COLOR=blue] [RD][/COLOR])</sublink>
      <sublink>https://real-debrid.com/d/RSATIXFDGWF76([COLOR=gold]Bae Love when I Nut in her Pussy [/COLOR][real-debrid][COLOR=blue] [RD][/COLOR])</sublink>
      <sublink>https://real-debrid.com/d/P5BQG6BYQUNGI([COLOR=gold]Having my way with the Pussy [/COLOR][real-debrid][COLOR=blue] [RD][/COLOR])</sublink>
      <sublink>https://real-debrid.com/d/CQP2QKTEDNVMA([COLOR=gold]I Love Draining her Body when she Mad at me [/COLOR][real-debrid][COLOR=blue] [RD][/COLOR])</sublink>
      <sublink>https://real-debrid.com/d/AEUMSVQK34746([COLOR=gold]Point Of Fella_Fuck-A-Fan [/COLOR][real-debrid][COLOR=blue] [RD][/COLOR])</sublink>
      <sublink>https://real-debrid.com/d/V7RAXNCJHJYSY([COLOR=gold]Point Of Fella_Me-And-Wifey [/COLOR][real-debrid][COLOR=blue] [RD][/COLOR])</sublink>
   </link>
   <animated_thumbnail>http://i.imgur.com/JEFLzbl.gif</animated_thumbnail>
   <animated_fanart>http://i.imgur.com/uLMubQz.gif</animated_fanart>
   <summary>Turnupmonsterx2</summary>
</item>
<item>
   <title>WhoaBoyz.com</title>
   <link>
       <sublink>https://openload.co/f/SpYQ8XVO0s4/%5BWhoaBoyz%5D_Cali_Kush_-_Uber_Head.mp4([COLOR=gold][WhoaBoyz] Cali Kush - Uber Head 1080p [/COLOR][Openload][COLOR=blue] [RD][/COLOR])</sublink>
      <sublink>https://openload.co/f/gBKpyG9nIX8/WhoaBoyz_-_Gogo_Fukme.mp4([COLOR=gold][WhoaBoyz]Gogo Fukme 1080p [/COLOR][Openload][COLOR=blue] [RD][/COLOR])</sublink>
      <sublink>https://openload.co/f/fN7sgkYrMXo/WhoaBoyz_-_Gemini_Lovell1.mp4([COLOR=gold][WhoaBoyz] Gemini Lovell 1080p [/COLOR][Openload][COLOR=blue] [RD][/COLOR])</sublink>
      <sublink>https://openload.co/f/RFdk4n9NIs4/Whoaboyz_cherise_rose.mp4([COLOR=gold][WhoaBoyz] cherise rose 1080p [/COLOR][Openload][COLOR=blue] [RD][/COLOR])</sublink>
      <sublink>https://openload.co/f/wGnPP27FeFk/Whoaboyz_WHITETRASH2.mp4([COLOR=gold][WhoaBoyz] WHITETRASH2 1080p [/COLOR][Openload][COLOR=blue] [RD][/COLOR])</sublink>
      <sublink>https://openload.co/f/k4s7A6Evab8/Whoaboyz_JUDY.mp4([COLOR=gold][WhoaBoyz] JUDY 1080p [/COLOR][Openload][COLOR=blue] [RD][/COLOR])</sublink>
      <sublink>https://openload.co/f/gtDDZ1lw--o/guttashoe.mp4([COLOR=gold][WhoaBoyz] guttashoe 1080p [/COLOR][Openload][COLOR=blue] [RD][/COLOR])</sublink>
      <sublink>https://openload.co/f/v6EOLD95-Rk/dakota_final_tag%281%29.mov.mp4([COLOR=gold][WhoaBoyz] dakota 1080p [/COLOR][Openload][COLOR=blue] [RD][/COLOR])</sublink>
      <sublink>https://openload.co/f/P2H7Cq4G2ko/donnamas1.mp4([COLOR=gold][WhoaBoyz] donnamas1 1080p [/COLOR][Openload][COLOR=blue] [RD][/COLOR])</sublink>
      <sublink>https://openload.co/f/tScopX0Cqi8/billie_gene_orgy.mp4([COLOR=gold][WhoaBoyz] billie_gene_orgy 1080p [/COLOR][Openload][COLOR=blue] [RD][/COLOR])</sublink>
      <sublink>https://openload.co/f/vIojb5Cr9QM/lexi_amore.mov.mp4([COLOR=gold][WhoaBoyz] lexi_amore 1080p [/COLOR][Openload][COLOR=blue] [RD][/COLOR])</sublink>
   </link>
   <thumbnail>https://whoaboyz.com/images/logo-WhoaBoyz-emblem-transparent-bg.png</thumbnail>
   <fanart>http://whoaboyz.com/v2/content/whoa_virgo_man/0.jpg</fanart>
   <summary>www.whoaboyz.com is the officail website of whoaboyz network featuring all the hottest white, ebony, latina models in the world.></summary>
</item>
<item>
   <title>ThickRed</title>
   <link>https://rapidgator.net/file/cb422b5279f605d0236141cb57782129/thickred_office_1080.mp4.html</link>
   <thumbnail>https://1.bp.blogspot.com/--3sxIsPIpkI/W7Fq6imTpiI/AAAAAAABs2M/ukn8mawHF9s0un69RRo75tf2YbCurqrhQCLcBGAs/s1600/thickred_office_1%2B2.jpg </thumbnail>
   <fanart>https://4.bp.blogspot.com/-zLVF1ptmeRo/W7Fqzj0f1rI/AAAAAAABs04/zNi9S0aiLhUrIuPsnzptSvWdw71Z7xVKgCLcBGAs/s1600/thickred_office_1%2B0.jpg </fanart>
   <summary>ThickRed</summary>
</item>
