<item>
<title>[B]#####[COLOR=gold] Scenes[/COLOR]#####[/B]</title>
</item>

<dir>
   <name>Fav Jav Actress</name>
   <link>https://pastebin.com/raw/8nXnpFVJ</link>
   <thumbnail></thumbnail>
   <fanart></fanart>
</dir>

<item>
   <title>PGD-606 Asami Ogawa - thoroughly humiliated in front of husband - beautiful wife was committed</title>
   <link>https://rapidgator.net/file/9ff95f41bcde5b005162fc9de8cea1d8/PGD-606.mp4.html</link>
   <thumbnail>http://pics.dmm.co.jp/mono/movie/adult/pgd606/pgd606pl.jpg</thumbnail>
   <fanart>http://pics.dmm.co.jp/mono/movie/adult/pgd606/pgd606pl.jpg</fanart>
   <summary>ID:	PGD-606
Release Date:	2012-08-07
Length:	180 min(s)
Director:	Usami Tadanori  
Maker:	Premium  
Label:	Glamorous  
User Rating:(9.00)	
Genre(s):	Bride, Young WifeRapeAbuseDigital Mosaic	
Cast:	Ogawa Asami 	
i</summary>
</item>

<item>
   <title>DASM-079</title>
   <link>https://rapidgator.net/file/78de37e14466929657733422a762ce6e/DSAM-79.mp4.html</link>
   <thumbnail>https://i2.wp.com/blackedjav.com/wp-content/uploads/2020/04/DSAM-79_cover.jpg?w=700&ssl=1</thumbnail>
   <fanart>https://i2.wp.com/blackedjav.com/wp-content/uploads/2020/04/DSAM-79_cover.jpg?w=700&ssl=1</fanart>
   <summary>Note: This is the extended version of Carib-091614-691 without the audio problem but at a lower video quality
   Release Date: 2015-Jun-186
Actress: Satomi Nagase 
Studio Label: Caribbeancom Samurai Porn
Tags: Creampie, Big boobs, Masturbation, Titty fuck, Thick Woman, handcuffs, bondage
Download – 1.1GB
Title: Debut Story: Satomi Nagase

Description: The first 61 minutes of this movie is the entirety Carib-091614-691 without the audio problem in Carib-091614-691 after 27:36. The only downside is that this file is a much lower quality than the one for Carib-091614-691</summary>
</item>



<item>
   <title>Insert Alternately A Single Ji Good Friends Threesome</title>
   <link>https://www.redtube.com/2121278([COLOR=gold] Good Friends Threesome [SD] [Redtube][/COLOR] [COLOR=blue] [RD][/COLOR])</link>
   <thumbnail></thumbnail>
   <fanart></fanart>
   <summary>Insert Alternately A Single Ji Good Friends Threesome</summary>
</item>

<item>
   <title>Rebellious  Daughter</title>
   <link>https://www.redtube.com/2266055([COLOR=gold] Rebellious  Daughter [SD] [Redtube][/COLOR] [COLOR=blue] [RD][/COLOR])</link>
   <thumbnail></thumbnail>
   <fanart></fanart>
   <summary>Rebellious  Daughter</summary>
</item>



<item>
   <title></title>
   <link></link>
   <thumbnail></thumbnail>
   <fanart></fanart>
   <summary></summary>
</item>

<item>
<title>[B]#####[COLOR=gold] Full Movies[/COLOR]#####[/B]</title>
   <link></link>
   <thumbnail></thumbnail>
   <fanart></fanart>
   <summary></summary>
</item>

<item>
   <title></title>
   <link></link>
   <thumbnail></thumbnail>
   <fanart></fanart>
   <summary></summary>
</item>

<item>
<title>JUL-185 Married Secretary, Fucking President Room Filled With Sweat And Kiss Fuck Jinguji Nao</title>
<link>   
<sublink>https://rapidgator.net/file/eb26aca5a4080f42168cd1b37160666d</sublink>
<sublink>https://rapidgator.net/file/00a86215905d8795e9a0c300569b6f33/JUL-185.mp4.html([COLOR=gold] JUL-185 1080p [Rapidgator][/COLOR] [COLOR=blue] [RD][/COLOR])</sublink>
<sublink>https://rg.to/file/00a86215905d8795e9a0c300569b6f33([COLOR=gold] JUL-185 1080p [Rapidgator][/COLOR] [COLOR=blue] [RD][/COLOR])</sublink>
<sublink>https://rapidgator.net/file/21376c9e711f9f6d128a717931866e9b/JUL-185.mp4.html([COLOR=gold] JUL-185 1080p [Rapidgator][/COLOR] [COLOR=blue] [RD][/COLOR])</sublink>
<sublink>https://rapidgator.net/file/02d3affb8bf0969f0bfb823297fac32b/JUL-185.mp4.html([COLOR=gold] JUL-185 1080p [Rapidgator][/COLOR] [COLOR=blue] [RD][/COLOR])</sublink>
<sublink>http://rapidgator.net/file/da115b7eafa72705f3bc034bb41a1fc3([COLOR=gold] JUL-185 1080p [Rapidgator][/COLOR] [COLOR=blue] [RD][/COLOR])</sublink>   
</link>   
   <thumbnail>http://pics.dmm.co.jp/mono/movie/adult/jul185/jul185pl.jpg</thumbnail>
   <fanart>http://pics.dmm.co.jp/mono/movie/adult/jul185/jul185pl.jpg</fanart>
   <summary>ID:	JUL-185
Release Date:	2020-04-07
Length:	120 min(s)
Director: Nagae  
Maker:	Madonna  
Label:	Madonna  
User Rating:(8.70)	
Genre(s): CreampieSoloworkMarried WomanMature WomanDigital MosaicSecretaryCuckold	
Cast: Jinguuji Nao </summary>
</item>

<item>
   <title>JUL-211 A Sweet And Dangerous Living Together With An Aniki Woman. "If You Put Your Hand On Me, You'll Be Killed By Aniki?" Nao Jinguji</title>
   <link>
      <sublink>https://rapidgator.net/file/f5e28e5ea44a44c67a096cb9c02c5ca8/JUL-211.mp4.html([COLOR=gold] JUL-211 1080p [Rapidgator][/COLOR] [COLOR=blue] [RD][/COLOR])</sublink>
      <sublink>https://rg.to/file/f5e28e5ea44a44c67a096cb9c02c5ca8([COLOR=gold] JUL-211 1080p [Rapidgator][/COLOR] [COLOR=blue] [RD][/COLOR])</sublink>
	  <sublink>https://rapidgator.net/file/c92e68e56dcd2e8a1ae327efe4537408/JUL-211.mp4.html([COLOR=gold] JUL-211 1080p [Rapidgator][/COLOR] [COLOR=blue] [RD][/COLOR])</sublink>
	  <sublink>https://rapidgator.net/file/f41cc5e29e3bdd7076bb4686026a88f0/JUL-211.mp4.html([COLOR=gold] JUL-211 1080p [Rapidgator][/COLOR] [COLOR=blue] [RD][/COLOR])</sublink>
   </link>
       <thumbnail>http://pics.dmm.co.jp/mono/movie/adult/jul211/jul211pl.jpg</thumbnail>
       <fanart>http://pics.dmm.co.jp/mono/movie/adult/jul211/jul211pl.jpg</fanart>
<summary>ID:	JUL-211
Release Date:	2020-05-07
Length:	120 min(s)
Director:	Tomitake Taro  
Maker:	Madonna  
Label:	Madonna  
User Rating:(8.60)	
Genre(s):	SoloworkBig TitsMarried WomanMature WomanDigital MosaicCuckoldHuge Butt	
Cast:	Jinguuji Nao
</summary>
</item>

 <item>
   <title>[B]ADN-245 Forgive Me ... Like A Sensual Novel 2 Maria Nagai[/B]</title>
   <link>
   <sublink>https://rapidgator.net/file/f9425a46795e5bfaf66df98220472617/ADN-245.mp4.html</sublink>
   <sublink>http://www.javlibrary.com/en/redirect.php?url=https://rg.to/file/d3b2691e0f3a84f06be4e9f019c9e2e2 ([COLOR=gold] ADN-245 [Rapidgator][/COLOR] [COLOR=blue] [RD][/COLOR])</sublink>
   <sublink>https://rapidgator.net/file/f9425a46795e5bfaf66df98220472617/ADN-245.mp4.html ([COLOR=gold] ADN-245 [Rapidgator][/COLOR] [COLOR=blue] [RD][/COLOR])</sublink>
   <sublink>https://rapidgator.net/file/53c1d50ded9c8ca393ed7ba4f05c9c05/ADN-245.mp4.html ([COLOR=gold] ADN-245 [Rapidgator][/COLOR] [COLOR=blue] [RD][/COLOR])</sublink>
   <sublink>https://drive.google.com/file/d/1irXCHirChK43VJUmy0uiu09C9-ZjAR9S/edit ([COLOR=gold] ADN-245 [drive.google.com][/COLOR] [COLOR=blue] [RD][/COLOR])</sublink>
   </link>
   <thumbnail>http://pics.dmm.co.jp/mono/movie/adult/adn245/adn245pl.jpg</thumbnail>
   <fanart>http://pics.dmm.co.jp/mono/movie/adult/adn245/adn245pl.jpg</fanart>
   <summary>ID:ADN-245
Release Date:2020-05-07
Length:110 min(s)
Director:Nagira Kenzo  
Maker:Attackers  
Label:Otona No Drama  
User Rating:(7.80)  
Genre(s):SoloworkMarried WomanAbuseCuckold   
Cast: Kashiwagi Kurumi Onose Miu Nagai Mariya Igawa Nanoka</summary>
</item>

<item>
   <title>NHDTA-859 Oyakodon 2 Pies Quagmire Can Not Backtracking Seen In The Mother The Place You've Committed A Sister</title>
   <link>
      <sublink>https://42.download.real-debrid.com/d/TKUYXX7OW3EH2/NHDTA-859.mp4([COLOR=gold]NHDTA-859 1080p [/COLOR][Openload][COLOR=blue] [RD][/COLOR])</sublink>
      <sublink>https://42.download.real-debrid.com/d/SHZL5KZ2YCRRO/NHDTA-859.mp4([COLOR=gold]NHDTA-859 1080p [/COLOR][Rapidgator][COLOR=blue] [RD][/COLOR])</sublink>
</link>
   <thumbnail>http://pics.dmm.co.jp/mono/movie/adult/1nhdta859/1nhdta859pl.jpg</thumbnail>
   <fanart>https://imagetwist.com/34f26lb2dtdq/NHDTA-859-javteg.net.mp4.jpg</fanart>
   <summary>Oyakodon 2 Pies Quagmire Can Not Backtracking Seen In The Mother The Place You've Committed A Sister</summary>
</item>

<item>
   <title>DOCP-157 The Best Of Sexy Buttocks Is Swaying To Work Work Cowgirl So Much Semen Is Exhausted To The Friend</title>
   <link>
       <sublink>https://42.download.real-debrid.com/d/XQYCV5C53UNI2/DOCP-157.mp4([COLOR=gold]DOCP-157 1080p [/COLOR][Rapidgator][COLOR=blue] [RD][/COLOR])</sublink>
      <sublink>https://42.download.real-debrid.com/d/GF6PRJD7P5QWW/DOCP-157.mp4([COLOR=gold]DOCP-157 1080p [/COLOR][Rapidgator][COLOR=blue] [RD][/COLOR])</sublink>
      <sublink>https://32.download.real-debrid.com/d/VXWNA7XWAROUO/DOCP-157.mp4([COLOR=gold]DOCP-157 1080p [/COLOR][Uploaded][COLOR=blue] [RD][/COLOR])</sublink>
<sublink>https://42.download.real-debrid.com/d/IJJLQ7I47KKUG/DOCP-157.mp4([COLOR=gold]DOCP-157 1080p [/COLOR][Rapidgator][COLOR=blue] [RD][/COLOR])</sublink>      
   </link>
   <thumbnail>http://pics.dmm.co.jp/mono/movie/adult/118docp157/118docp157pl.jpg</thumbnail>
   <fanart>https://imgspice.com/if4ww77vow4a/DOCP-157_s.jpg.html</fanart>
   <summary>The Best Of Sexy Buttocks Is Swaying To Work Work Cowgirl So Much Semen Is Exhausted To The Friend</summary>
</item>

<item>
   <title>SSNI-282 Special Mission Investigator Who Was Confined And Collective Referee Tsukasa Aoi</title>   
   <link>
       <sublink>http://awspv3001.r18.com/litevideo/freepv/s/ssn/ssni00282/ssni00282_sm_w.mp4(Trailer)</sublink>
   <sublink>https://openload.co/f/J5nLo4Efl3w([COLOR=gold] Tsukasa Aoi 1080p [Openload][/COLOR] [COLOR=blue] [RD][/COLOR])</sublink>
   <sublink>search</sublink>
   <sublink>searchsd</sublink>
   </link>
   <thumbnail>https://images.xopenload.com/uploads4/15349410121852242734.jpg</thumbnail>
   <fanart>https://thumb.oloadcdn.net/splash/J5nLo4Efl3w/dWgMfHrG6QY.jpg</fanart>
   <summary>SSNI-282 Special Mission Investigator Who Was Confined And Collective Referee Tsukasa Aoi</summary>
</item>

<item>
   <title>Mother-Adolescent-reiko-kobayakawa</title>   
   <link>
   <sublink>https://openload.co/stream/6rQakboGVBE~1535232021~2600:1700::~VQlzh5Bs?mime=true([COLOR=gold] Mother-Adolescent 1080p [Openload][/COLOR] [COLOR=blue] [RD][/COLOR])</sublink>
   <sublink>search</sublink>
   <sublink>searchsd</sublink>
   </link>
   <thumbnail>http://static.jav911.com/uploads/kobayakawa_6092182961.jpg</thumbnail>
   <fanart></fanart>
   <summary></summary>
</item>



<item>
   <title>BDSM Breaking In Desires Nene Sakura</title>
   <link>https://openload.co/f/_aRhuECmOXE/([COLOR=gold] BDSM Breaking In Desires Nene Sakura 1080p [Openload][/COLOR] [COLOR=blue] [RD][/COLOR])</link>
   <thumbnail>https://pics.r18.com/digital/video/13gvg00644/13gvg00644pl.jpg</thumbnail>
   <fanart></fanart>
   <summary>BDSM Breaking In Desires Nene Sakura
Release Date: Feb. 28, 2018</summary>
</item>

<item>
   <title>Original Story By Midoran Three Beautiful Ass Sisters And The Escaped Prisoner</title>
   <link>https://openload.co/f/r77t5DS_22A/([COLOR=gold] Escaped Prisoner 1080p [Openload][/COLOR] [COLOR=blue] [RD][/COLOR])</link>
   <thumbnail>https://pics.r18.com/digital/video/sspd00139/sspd00139pl.jpg</thumbnail>
   <fanart></fanart>
   <summary>Original Story By Midoran Three Beautiful Ass Sisters And The Escaped Prisoner
Release Date: Sept. 02, 2017</summary>
</item>

<item>
   <title>Japan HD V18.08.23 Reiko Shimura</title>
   <link>
   <sublink>http://ul.to/6txz3nq9/www.0xxx.ws_JapanHDV.18.08.23.Reiko.Shimura.XXX.1080p.MP4-TRASHBIN.mp4([COLOR=gold] Reiko.Shimura 1080p [uploaded][/COLOR] [COLOR=blue] [RD][/COLOR])</sublink>
     <sublink>https://www.rapidvideo.com/v/FUJQ9P3MGJ([COLOR=gold] Reiko.Shimura 1080p [Rapidvideo][/COLOR] [COLOR=blue] [RD][/COLOR])</sublink>
      <sublink>https://openload.co/f/lMpsTkuaKDQ/www.0xxx.ws_JapanHDV.18.08.23.Reiko.Shimura.XXX.1080p.MP4-TRASHBIN.mp4([COLOR=gold] Reiko.Shimura 1080p [Openload][/COLOR] [COLOR=blue] [RD][/COLOR])</sublink>
   </link>
   <thumbnail>https://img200.imagetwist.com/th/24857/9qdvknrgyyoq.jpg</thumbnail>
   <fanart></fanart>
   <summary>Japan HD V18.08.23 Reiko Shimura</summary>
</item>

<item>
   <title>SSNI-284 Both Sex And Masturbation Are Forbidden For 1 Month And An Adrenaline Explosion Occurs At Murumura Full Throttle!Convulsion And Sexual Desire Exudation FUCK Hashimoto Yes</title>
   <link>https://openload.co/f/3SXQbaGFjOI([COLOR=gold] SSNI-284 1080p [Openload][/COLOR] [COLOR=blue] [RD][/COLOR])</link>
   <thumbnail>https://images.xopenload.com/uploads4/1535028316197083431.jpg</thumbnail>
   <fanart></fanart>
   <summary>SSNI-284 Both Sex And Masturbation Are Forbidden For 1 Month And An Adrenaline Explosion Occurs At Murumura Full Throttle!Convulsion And Sexual Desire Exudation FUCK Hashimoto Yes
Release Date: 23/08/2018</summary>
</item>

<item>
   <title>The Masked Rapist Who Targets Only Married Woman Babes On Their Danger Days Misaki Honda</title>
   <link>https://openload.co/f/nC_yNFg17D4/([COLOR=gold]The Masked Rapist 1080p [Openload][/COLOR] [COLOR=blue] [RD][/COLOR])</link>
   <thumbnail>https://pics.r18.com/digital/video/meyd00273/meyd00273pl.jpg</thumbnail>
   <fanart></fanart>
   <summary>The Masked Rapist Who Targets Only Married Woman Babes On Their Danger Days Misaki Honda
Release Date: June 24, 2017</summary>
</item>

<item>
   <title>SubThai Attackers RBD-259 Married Four Asami Ogawa Slave Fell In Soap</title>
   <link>
      <sublink>https://www.rapidvideo.com/v/FUINTQHWA9([COLOR=gold]The Masked Rapist 1080p [Openload][/COLOR] [COLOR=blue] [RD][/COLOR])</sublink>
      <sublink></sublink>
   </link>
   <thumbnail>https://images1-focus-opensocial.googleusercontent.com/gadgets/proxy?container=focus&url=https://cdnfd.me/img/movie/20180823/subthai-attackers-rbd-259-married-four-asami-ogawa-slave-fell-in-soap_1535014009.png </thumbnail>
   <fanart></fanart>
   <summary>RBD-259 Married wife who fell into slave soap 4 Asami Ogawa Product code: RBD-259 Release date: 2011-04-07 Recording time: 197 minutes Director: Shinichi Kawamura Manufacturer: Attackers Label: Ryuko Series: Fallen in slave soap ? ? Genre: High-vision breaking / slave wife Caba lady / customs exclusive distribution single piece 3P � 4P Performer: Asami Ogawa</summary>
</item>

<item>
<title>SWITCH SW-158 Incest Dream! My Mama Still Bangin Big Booty And Big Tits Got My Dick Hard - She Let Me Stick It In Her Behind My Father Back</title>
   <link>
      <sublink>https://www.rapidvideo.com/v/FPXQ6WIT1Z</sublink>
   </link>
   <thumbnail>https://images1-focus-opensocial.googleusercontent.com/gadgets/proxy?container=focus&url=https://cdnfd.me/img/movie/20170403/switch-sw-158-incest-dream-my-mama-still-bangin-big-booty-and-big-tits-got-my-dick-hard-she-let-me-stick-it-in-her-behind-my-father-back_1491184747.png</thumbnail>
   <fanart></fanart>
   <summary>Incest Dream! My Mama's Still Bangin' Big Booty And Big Tits Got My Dick Hard - She Let Me Stick It In Her Behind My Father's Back. (1sw00158, SW-158). This movie is about MILF, Big Tits, Relatives, Hi-Def: VIDEO ON DEMAND: ADULT MOVIES This movie was released in Japan on Feb. 10, 2013. Movie duration is 120 min.</summary>
</item>

<item>
<title>TameikeGoro MEYD-144 Meguri Married Slut Uses Her Big Booty To Seduce Men</title>
   <link>
      <sublink>https://www.rapidvideo.com/v/FQ0JUH95E4</sublink>
   </link>
   <thumbnail>https://images1-focus-opensocial.googleusercontent.com/gadgets/proxy?container=focus&url=https://cdnfd.me/img/movie/20170414/tameikegoro-meyd-144-meguri-married-slut-uses-her-big-booty-to-seduce-men_1492153954.png </thumbnail>
   <fanart></fanart>
   <summary>Meguri (Megu Fujiura) performing in Married Slut Uses Her Big Booty To Seduce Men Meguri. (meyd00144, MEYD-144). This movie is about Slut, Married Woman, Big Tits, Big Asses, Ass Lover, Featured Actress, Hi-Def: VIDEO ON DEMAND: ADULT MOVIES This movie was released in Japan on May 08, 2016. Movie duration is 119 min.</summary>
</item>

<item>
<title>FHD WanzFactory WANZ-793 Black English Conversation NTR Yuza Saehara</title>
   <link>
      <sublink>https://www.rapidvideo.com/v/FUN0AF9LU7</sublink>
   </link>
   <thumbnail>https://images1-focus-opensocial.googleusercontent.com/gadgets/proxy?container=focus&url=https://cdnfd.me/img/movie/20180827/fhd-wanzfactory-wanz-793-black-english-conversation-ntr-yuza-saehara_1535336526.png</thumbnail>
   <fanart></fanart>
   <summary>Cast: Yuri Sajara directed by: -- Series: Black English Conversation NTR Manufacturer: Ones Factory Label: WANZ Genre: Black actor, Married woman, Single piece, Laying off, Cum Inside, Cream Pie, Decachin / Cocks, Sample Movie Product code: wanz793 I married my wife Yuri two years ago. Yuri originally worked as a narrator and was closed after marriage but as a result of my family job, I got to work English as a part of my job as a part time job. One day, I passed by a black person near my house, and when I came home, it was said that two cups were uneasy on the table and it was said that they were studying English conversation with a black lecturer in the room. While I did not know, my wife knew that he had given him a black man at home and he began to overflow from my heart.</summary>
</item>

<item>
<title>SWITCH SW-331 My Mom And My Aunt Came To Visit Me At My Place.</title>
   <link>
      <sublink>https://www.rapidvideo.com/v/FPXRBR39ET</sublink>
   </link>
   <thumbnail>https://images1-focus-opensocial.googleusercontent.com/gadgets/proxy?container=focus&url=https://cdnfd.me/img/movie/20170403/switch-sw-331-my-mom-and-my-aunt-came-to-visit-me-at-my-place-i-got-horny-with-my-sexy-aunt-big-booty-lying-next-to-me-tried-rubbing-it-with-my-hard-c_1491187685.png </thumbnail>
   <fanart></fanart>
   <summary>My Mom And My Aunt Came To Visit Me At My Place. I Got Horny With My Sexy Aunt's Big Booty Lying Next To Me, Tried Rubbing It With My Hard Cock, And It Felt Incredible! That Got Her In The Mood, And When My Mom Caught Us Fucking She Got Excited Too.. (1sw00331, SW-331). This movie is about MILF, Relatives, Variety, Threesome / Foursome, Hi-Def: VIDEO ON DEMAND: ADULT MOVIES This movie was released in Japan on May 09, 2015. Movie duration is 131 min.</summary>
</item>

<item>
<title>MARRION MMKZ-004 Shiori Tsukada Busty Girl With A Big Booty Shiori Tsukada</title>
   <link>
      <sublink>https://www.rapidvideo.com/v/FPJQM9MTAE</sublink>
   </link>
   <thumbnail>https://images1-focus-opensocial.googleusercontent.com/gadgets/proxy?container=focus&url=https://cdnfd.me/img/studio/marrion-mmkz-004-shiori-tsukada-busty-girl-with-a-big-booty-shiori-tsukada_20170209_1486600509.png</thumbnail>
   <fanart></fanart>
   <summary>Shiori Tsukada performing in Busty Girl With A Big Booty Shiori Tsukada. (mmkz00004, MMKZ-004). This movie is about Big Asses, Ass Lover, Featured Actress, Hi-Def: VIDEO ON DEMAND: ADULT MOVIES This movie was released in Japan on Aug. 28, 2016. Movie duration is 141 min.</summary>
</item>


<item>
<title>Attackers SHKD-794 Voyeur Investigator Sumire Gunshot Of Treason Mizukawa Violet</title>
   <link>
      <sublink>https://www.rapidvideo.com/v/FS02FZNZGQ</sublink>
   </link>
   <thumbnail>https://images1-focus-opensocial.googleusercontent.com/gadgets/proxy?container=focus&url=https://cdnfd.me/img/movie/20180605/attackers-shkd-794-voyeur-investigator-sumire-gunshot-of-treason-mizukawa-violet_1528176411.png</thumbnail>
   <fanart></fanart>
   <summary>In order to destroy the back organization / Izawa group, a violet corresponding to the investigation under the name of "Yuri". He was steadily preparing to hold down a large trading site to be held soon. However, the true purpose that the boss Oiki sent the violet into the organization ....</summary>
</item>

<item>
<title>Prestige CHN-160 I Will Lend You A New Amateur Girl. 76 Pseudonym Sara Emma Cafe Clerk 22 Years Old</title>
   <link>
      <sublink>https://www.rapidvideo.com/v/FUSBRVBL23</sublink>
   </link>
   <thumbnail>https://images1-focus-opensocial.googleusercontent.com/gadgets/proxy?container=focus&url=https://cdnfd.me/img/movie/20180824/prestige-chn-160-i-will-lend-you-a-new-amateur-girl-76-pseudonym-sara-emma-22-years-old_1535096826.png</thumbnail>
   <fanart></fanart>
   <summary>Manhattan Kimura Series: Amateur girl, I will lend you. Maker Prestige Label: Rental Category: Breasts, Pretty Face, Job, Face Cumshot, Deep Throating Product code: 118chn160 A 22-year-old cafe shop clerk "Sara Emma" is a popular series "New � amateur girls, I will lend you!" Deliver a beautiful girl who misleads man with a neat face like a half to an amateur man house! Stretch the distance with a vibrant tone of voice in a nervous amateur male, grasp the heart with aggressive body touch! After licking the nipple thoroughly, serve plenty of things that erected! If you bathe in unbelievable pistons in a lazy river, enjoy the pleasure while exhausting your voice! A beautiful girl who provokes provocatively with a spoiled voice tone pleasantly pleasures freely</summary>
</item>

<item>
<title>FHD Deep's DVDMS-260 General Man And Woman Monitoring AV Magic Mirror Is My Favorite Boyfriend Over There Amateur Girls PO Is Too Big To Be Troubled Black Men Living In Japan Challenge The First Ejaculation SEX Ever Gun Thrush Of One Million 100,000 Yen</title>
   <link>
      <sublink>https://www.rapidvideo.com/v/FUSBRVBL23</sublink>
   </link>
   <thumbnail>https://images1-focus-opensocial.googleusercontent.com/gadgets/proxy?container=focus&url=https://cdnfd.me/img/movie/20180525/fhd-deep-s-dvdms-260-general-man-and-woman-monitoring-av-magic-mirror-is-my-favorite-boyfriend-over-there-amateur-girls-po-is-too-big-to-be-troubled-b_1527211651.png</thumbnail>
   <fanart></fanart>
   <summary>Talk to the student couple under the school and guide to Magic Mirror Studio! In a situation where my boyfriend is right next to me, I got her girls' raw students to challenge the troubles of the general black men! First time seeing black deca chisel ? An amateur girl who can not hide surprises and puzzles in front of his eyes is lickingly inserting a massive big cock in a tight kitchen ? Kokoro while cramping! Continuous ejaculation of black cumshot into innocent uterus inexperienced in vaginal cum shot! Girls who have tasted the first pleasures of life ? ? students can not be satisfied with the Japanese boyfriend 's rough chin anymore</summary>
</item>

<item>
<title>FHD Attackers ATAD-135b ATTACKERS PRESENTS THE BEST OF Natsume Ayashi 2</title>
   <link>
      <sublink>https://www.rapidvideo.com/v/FU1PND96E4</sublink>
   </link>
   <thumbnail>https://jqd.cdn-qdnetwork.com/img/movie/20180606/fhd-attackers-rbd-905-iroha-natsume-horny-pure-white-forced-marriage-natsume-hachiharu_1528255094.png</thumbnail>
   <fanart></fanart>
   <summary>Beautiful high height slender body Natsume Ayumi! The trained body is frustrated but also it flushes nastily! The second version of the complete version with her tracks banned! ! Super luxury perfect preservation version, recorded 4 titles Full cut uncut! ! Sadly but fucked by lasciviousness!</summary>
</item>

<item>
<title>Natural High NHDTB-159 I Kept Chuckling The Nipple Of A Cousin Who Was Sleeping And Asked For An Insertion With Relaxing</title>
   <link>
      <sublink>https://www.rapidvideo.com/v/FU3UCMTWPS</sublink>
   </link>
   <thumbnail>https://pics.r18.com/digital/video/1nhdtb00159/1nhdtb00159pl.jpg</thumbnail>
   <fanart></fanart>
   <summary>Watch JAV ???? ??? ??? Natural High NHDTB-159 I Kept Chuckling The Nipple Of A Cousin Who Was Sleeping And Asked For An Insertion With Relaxing</summary>
</item>

<item>
<title>SWITCH SW-574 Marina Yuzuki Former Students And Youth Memories Summer Trip</title>
   <link>
      <sublink>https://www.rapidvideo.com/v/FU12H50IPV</sublink>
   </link>
   <thumbnail>https://pics.r18.com/digital/video/1sw00574/1sw00574pl.jpg</thumbnail>
   <fanart></fanart>
   <summary>Watch Jav Porn A metamorphosis teacher who came to a hot spring trip with former students. Bring a sailor suit that I used to wear, and let me change my clothes. Former student likes metamorphosis teacher, so she is shy, but wearing a sailor suit and listening to her horny request. Exposing pants and boobs outside, do whatever you want! It sexually etches the former student who became sexually pleasant!</summary>
</item>

<item>
   <title>VRTM-320 "I Want To Massacre Because I Can Do It At Once"I Have A Sleeping Pill To My Colleagues Who Have Wearing Black Pantyhose, Enjoyed The Plump Body Of My Dreams And Repeatedly Inside Out!2</title>
   <link>https://openload.co/f/sxC8wUgrIuQ</link>
   <thumbnail>https://images.xopenload.com/uploads4/1536228529113373090.jpg</thumbnail>
   <fanart></fanart>
   <summary>VRTM-320 "I Want To Massacre Because I Can Do It At Once"I Have A Sleeping Pill To My Colleagues Who Have Wearing Black Pantyhose, Enjoyed The Plump Body Of My Dreams And Repeatedly Inside Out!2</summary>
</item>

<item>
   <title>Glory Quest 2018-03-15</title>
   <link>https://openload.co/f/sxC8wUgrIuQ</link>
   <thumbnail>https://images.xopenload.com/uploads4/1536228529113373090.jpg</thumbnail>
   <fanart></fanart>
   <summary>VRTM-320 "I Want To Massacre Because I Can Do It At Once"I Have A Sleeping Pill To My Colleagues Who Have Wearing Black Pantyhose, Enjoyed The Plump Body Of My Dreams And Repeatedly Inside Out!2</summary>
</item>

<item>
   <title>Complete Record of What a Private Tutor Did to a Student with Big Tits Hidden Camera FILE (GG-136)</title>
   <link>http://rapidgator.net/file/1ba4cb70eb6c465d5153f14efd8d06ae/gg-136_yuri_honma.mp4.html</link>
   <thumbnail>https://pics.r18.com/digital/video/13gg00136/13gg00136pl.jpg</thumbnail>
   <fanart></fanart>
   <summary>Complete Record of What a Private Tutor Did to a Student with Big Tits Hidden Camera FILE (GG-136)</summary>
</item>

<item>
   <title>Creampie The Girl, Pressed Against Her Sweaty Colossal Tits</title>
   <link>http://rapidgator.net/file/3529e2c047270cf1204fba3af82b3d0e/CJOD-085.mp4.html</link>
   <thumbnail>https://pics.r18.com/digital/video/cjod00085/cjod00085pl.jpg</thumbnail>
   <fanart></fanart>
   <summary>Release Date:	2017-06-07
Length:	150 min(s)
Director:	Masaki Nao 
Maker:	Bi 
Label:	Chijo Hebun 
Genre(s):	Creampie,Solowork,Big Tits,Cowgirl,Slut,Sweat	
Cast:	Meguri Fujiura Megu</summary>
</item>

<item>
   <title>Women in Long Dresses Raped! Sexy Women in Revealing One Pieces are Followed to Abandoned Areas... Without Being Stripped, They're Fondled and Creampie Fucked With Their Clothes On</title>
   <link>http://rapidgator.net/file/78bea447bf1a43109bfb610a414dc2d4/KAGP009.avi.html</link>
   <thumbnail>https://pics.r18.com/digital/video/kagp00009/kagp00009pl.jpg</thumbnail>
   <fanart></fanart>
   <summary>Release Date:	2017-06-07
Length:	120 min(s)
Director:	Tsumatori No Okina 
Maker:	Kaguya Hime Pt / Mousozoku 
Label:	Kaguya Hime Pt 
Genre(s):	Creampie,Big Tits,Abuse,Erotic Wear</summary>
</item>

<item>
   <title>Foreigner Sex Crimes Massive Cock Gang Bang Rape</title>
   <link>https://openload.co/f/7a14zTT_bVw/FOREIGNER_SEX_CRIMES_MASSIVE_COCK_GANG_BANG_RAPE.mp4</link>
   <thumbnail>https://cdn.javout.net/wp-content/uploads/2018/08/h_067nass00822pl-180x253.jpg</thumbnail>
   <fanart></fanart>
   <summary>STUDIO : NADESHIKO
MODELS : KAEDE NIYAMA, MIKU HASEGAWA, MISA ARISAWA, REIKO KOBAYAKAWA, SHINOBU IGARASHI, SHIZUKA KANO
GENRE : BLACK MAN, CENSORED, GANG BANG, HI-DEF, HUGE DICK - LARGE DICK, MATURE WOMAN, OVER 4 HOURS, RELUCTANT
RELEASE : APR. 13, 2018
AUTHOR: LOVEJAV</summary>
</item>

<item>
   <title></title>
   <link></link>
   <thumbnail></thumbnail>
   <fanart></fanart>
   <summary></summary>
</item>

<item>
<title>[B]#####[COLOR=gold] English Subs[/COLOR]#####[/B]</title>
   <link></link>
   <thumbnail></thumbnail>
   <fanart></fanart>
   <summary></summary>
</item>

<item>
   <title></title>
   <link></link>
   <thumbnail></thumbnail>
   <fanart></fanart>
   <summary></summary>
</item>

<item>
   <title>[MADA-029] Paying for My Son</title>
   <link>https://openload.co/f/OuLxHQmMiKQ/%5BMADA-029%5D_Paying_for_My_Son.mp4</link>
   <thumbnail>https://www.javsubtitle.co/wp-content/uploads/2017/08/1-690x0-2B-25281-2529-640x429.jpg</thumbnail>
   <fanart></fanart>
   <summary>The Mother Violated By Her Friend In Front Of Her Son Minako Uchida</summary>
</item>

<item>
   <title>JUC-696 Father-in-law 2 - Lily - Momoka Nishina (ENG-SUB)</title>
   <link>https://openload.co/f/vLS4JqsxRts/</link>
   <thumbnail>https://javladies.com/wp-content/uploads/2018/01/juc696pl.jpg</thumbnail>
   <fanart></fanart>
   <summary>Father-in-law 2 - Lily - Momoka Nishina</summary>
</item>

<item>
<title>[English Sub] NDRA-018 We Have Engaged In A Small Massage Shop In The Husband And Wife In A Certain City Kanto</title>
   <link>
      <sublink>https://www.rapidvideo.com/v/FTJXFEO6IL</sublink>
   </link>
   <thumbnail>https://images1-focus-opensocial.googleusercontent.com/gadgets/proxy?container=focus&url=https://cdnfd.me/img/movie/20180724/english-sub-ndra-018-we-have-engaged-in-a-small-massage-shop-in-the-husband-and-wife-in-a-certain-city-kanto_1532410917.png</thumbnail>
   <fanart></fanart>
   <summary>We Have Engaged In A Small Massage Shop In The Husband And Wife In A Certain City Kanto, But ... The Wife Of Novice Chiropractor I Have Cuckold Crazy Been Appointed To Lewd Hot Spring Cure Guests Of Inn ... Kana Miyashita Correction ID:	NDRA-018 Release Date:	2016-04-07 Length:	120 min(s) Director:	---- Maker:	JET Eizou Label:	JET Eizou User Rating:	1 2 3 4 5 6 7 8 9 10 (8.30)	Genre(s): SoloworkMarried WomanBreastsMature WomanDramaCuckold	Cast:	Miyashita Kana</summary>
</item>

<item>
   <title></title>
   <link></link>
   <thumbnail></thumbnail>
   <fanart></fanart>
   <summary></summary>
</item>

<item>
<title>[B]#####[COLOR=gold]BlackJav[/COLOR]#####[/B]</title>
   <link></link>
   <thumbnail></thumbnail>
   <fanart></fanart>
   <summary></summary>
</item>

<item>
   <title></title>
   <link></link>
   <thumbnail></thumbnail>
   <fanart></fanart>
   <summary></summary>
</item>

<item>
   <title>[B]Heyzo 0498 Thick black gun VS Japanese beauty - Ren Azumi[/B]
</title>
   <link>https://real-debrid.com/d/JPU36GRPAGM7S</link>
   <thumbnail>https://cdn.bootytape.com/fibx/imgx/63696_0.800.jpg</thumbnail>
   <fanart>https://cdn.bootytape.com/fibx/imgx/63696_1.800.jpg</fanart>
   <summary>Description: Japanese uncensored

Starring: Ren Azumi</summary>
</item>

<item>
   <title>[B]Japanese and BBC[/B]</title>
   <link>https://www.redtube.com/1592891([COLOR=gold] Japanese and BBC [SD] [Redtube][/COLOR] [COLOR=blue] [RD][/COLOR])</link>
   <thumbnail></thumbnail>
   <fanart></fanart>
   <summary>Japanese and BBC </summary>
</item>

<item>
   <title>[B]DASD-682 Black Man Sleeping NTR Vaginal Pressure That Started To Loose Her Vowed Not To Cheat Reira Hazuki[/B]</title>
   <link>
   <sublink>https://rapidgator.net/file/51f0ce2978bacbaf4223405a916aa9c2/DASD-682.mp4.html</sublink>
   <sublink>https://rg.to/file/51f0ce2978bacbaf4223405a916aa9c2</sublink>
   </link>
   <thumbnail>http://pics.dmm.co.jp/mono/movie/adult/dasd682/dasd682pl.jpg</thumbnail>
   <fanart>http://pics.dmm.co.jp/mono/movie/adult/dasd682/dasd682pl.jpg</fanart>
   <summary>ID:DASD-682
Release Date:2020-05-25
Length:120 min(s)
Director:Mishima Rokusaburo  
Maker:Das !  
Label:Das!  
User Rating:(7.70)	
Genre(s):CreampieSoloworkGalBlack ActorCuckoldHuge Cock	
Cast:	Hazuki Reira</summary>
</item>
 
 <item>
   <title>[B]ADN-245 Forgive Me ... Like A Sensual Novel 2 Maria Nagai[/B]</title>
   <link>
   <sublink>https://rapidgator.net/file/d3b2691e0f3a84f06be4e9f019c9e2e2([COLOR=gold] ADN-245 [Rapidgator][/COLOR] [COLOR=blue] [RD][/COLOR])</sublink>
   <sublink>http://www.javlibrary.com/en/redirect.php?url=https://rg.to/file/d3b2691e0f3a84f06be4e9f019c9e2e2 ([COLOR=gold] ADN-245 [Rapidgator][/COLOR] [COLOR=blue] [RD][/COLOR])</sublink>
   <sublink>https://rapidgator.net/file/f9425a46795e5bfaf66df98220472617/ADN-245.mp4.html ([COLOR=gold] ADN-245 [Rapidgator][/COLOR] [COLOR=blue] [RD][/COLOR])</sublink>
   <sublink>https://rapidgator.net/file/53c1d50ded9c8ca393ed7ba4f05c9c05/ADN-245.mp4.html ([COLOR=gold] ADN-245 [Rapidgator][/COLOR] [COLOR=blue] [RD][/COLOR])</sublink>
   <sublink>https://drive.google.com/file/d/1irXCHirChK43VJUmy0uiu09C9-ZjAR9S/edit ([COLOR=gold] ADN-245 [drive.google.com][/COLOR] [COLOR=blue] [RD][/COLOR])</sublink>
   </link>
   <thumbnail>http://pics.dmm.co.jp/mono/movie/adult/adn245/adn245pl.jpg</thumbnail>
   <fanart>http://pics.dmm.co.jp/mono/movie/adult/adn245/adn245pl.jpg</fanart>
   <summary>ID:ADN-245
Release Date:2020-05-07
Length:110 min(s)
Director:Nagira Kenzo  
Maker:Attackers  
Label:Otona No Drama  
User Rating:(7.80)  
Genre(s):SoloworkMarried WomanAbuseCuckold   
Cast: Kashiwagi Kurumi Onose Miu Nagai Mariya Igawa Nanoka</summary>
</item>