<dir>
  <name>======Cams======<name>
   <link></link>
   <thumbnail></thumbnail>
   <fanart></fanart>
</dir>

<item>
   <title>Daddyslittlegirl01</title>
   <link>https://edge37.stream.highwebmedia.com/live-hls/amlst:daddyslittlegirl01-sd-d835d235518c1b43e47735586ab1aafe53a88d668a4f23e65817a4d47b9a1aae_trns_h264/playlist.m3u8</link>
   <thumbnail></thumbnail>
   <fanart></fanart>
</item>

<item>
<title>ToyaLuvv</title>
   <link>https://sea1b-ls.naiadsystems.com/sea1b-edge-23/80/live/996e864e-88be-425e-8675-c3486a1ab3d4.m3u8</link>
   <thumbnail>http://m2.nsimg.net/thumb/178x134/6/3/5/6353651.jpg</thumbnail>
   <fanart></fanart>
</item>

<item>
<title>Petite_Indie</title>
   <link>https://sea1b-ls.naiadsystems.com/sea1b-edge-27/80/live/408fd7b7-4cd3-4956-9a49-08aea9bfeff9.m3u8</link>
   <thumbnail>http://m1.nsimg.net/thumb/178x134/8/1/2/8127196.png</thumbnail>
   <fanart></fanart>
</item>
<item>
<title>Chocolate_Bunnie</title>
   <link>http://shegotass.info/get_file/8/9b300f71815debf6a93662d7d1152692/15000/15812/15812_lq.mp4</link>
   <thumbnail>http://shegotass.info/contents/videos_screenshots/15000/15812/180x135/3.jpg</thumbnail>
   <fanart></fanart>
</item>
<item>
<title>Little_izzi</title>
   <link>https://edge21.stream.highwebmedia.com/live-hls/amlst:little_izzi-ws-d05bbbbd9657a07a47aa68ba6996d5be7469cba7ac20ec5af264359e1ceeffe3_trns_h264/playlist.m3u8</link>
   <thumbnail>https://public.chaturbate.com/u/p/c/cd/cd6b3bb1c4d19008ca1d0e2b6dcde423.jpg</thumbnail>
   <fanart></fanart>
</item>
<item>
<title>Peach barbie</title>
   <link>https://edge21.stream.highwebmedia.com/live-hls/amlst:peachbarbie-sd-bc676e605409cb3da8a4d0e5ff40121c6304cfbbe447483af562ad2a953c2748_trns_h264/playlist.m3u8</link>
   <thumbnail>https://roomimg.stream.highwebmedia.com/ri/peachbarbie.jpg?1536065700</thumbnail>
   <fanart></fanart>
</item>
<item>
<title>CorinaBlue</title>
   <link>https://vide2-ord.camsoda.com/cam/mp4:corinablue-enc17-ord_h264_aac_480p/chunklist_w1104488433.m3u8</link>
   <thumbnail></thumbnail>
   <fanart></fanart>
</item>
<item>
<title>Mareiabold</title>
   <link>https://vide3-ord.camsoda.com/cam/mp4:mareiabold-enc4-ord_h264_aac_480p/chunklist_w660206995.m3u8</link>
   <thumbnail></thumbnail>
   <fanart></fanart>
</item>
<item>
<title>NynaStax</title>
   <link>https://vide13-ord.camsoda.com/cam/mp4:nynastax-enc5-ord_h264_aac_480p/chunklist_w531821717.m3u8</link>
   <thumbnail>https://www.camsoda.com/thumbnail/nynastax</thumbnail>
   <fanart></fanart>
</item>
   <name>======LiveTv======</name>
   <link></link>
   <thumbnail></thumbnail>
   <fanart></fanart>
</dir>

    <item>
    <title>Jasmine tv</title>
    <thumbnail></thumbnail>
    <link>http://109.71.162.112:1935/live/hd.jasminchannel.stream/chunklist_w1250998564.m3u8</link>
    <fanart></fanart>
    <info> </info>
    </item>
<item>
   <title>Varmint TV</title>
   <link>http://163.172.131.190:8081/live/varmint/chunks.m3u8?wmsAuthSign=c2VydmVyX3RpbWU9OC8yOC8yMDE4IDI6Mjc6MDYgUE0maGFzaF92YWx1ZT1QZm9YS0dqRFVxYWNXOHZnMTNINWdnPT0mdmFsaWRtaW51dGVzPTE4MA==</link>
   <thumbnail>http://www.adulttvlive.net/wp-content/uploads/2017/07/Varmint-TV.png</thumbnail>
   <fanart></fanart>
   <summary>love and be loved my dudes</summary>
</item>

<item>
   <title>Hustler HD 18+</title>
   <link>http://163.172.131.190:8081/live/hustlerhd/chunks.m3u8?wmsAuthSign=c2VydmVyX3RpbWU9OC8yOC8yMDE4IDI6Mjk6MjkgUE0maGFzaF92YWx1ZT16dVJMRTI1RmhMUjBFSVV0cW9MMXFRPT0mdmFsaWRtaW51dGVzPTE4MA=</link>
   <thumbnail>http://www.adulttvlive.net/wp-content/uploads/2017/02/Hustler-HD-18.jpg</thumbnail>
   <fanart></fanart>
   <summary>love and be loved my dudes</summary>
</item>


<item>
   <title>Brazzers TV 18+</title>
   <link>http://163.172.131.190:8081/live/brazzershd/chunks.m3u8?nimblesessionid=1266150&wmsAuthSign=c2VydmVyX3RpbWU9OC8zMC8yMDE4IDE6MzU6MDcgQU0maGFzaF92YWx1ZT1zUk9LaDdieU8zSTNKdXZYbFdjNmFnPT0mdmFsaWRtaW51dGVzPTE4MA==</link>
   <thumbnail>http://www.adulttvlive.net/wp-content/uploads/2017/03/Brazzers-TV-18.png</thumbnail>
   <fanart></fanart>
   <summary>love and be loved my</summary>
</item>

<item>
   <title>Redlight HD 18+</title>
   <link>http://163.172.131.190:8081/live/redlighthd/chunks.m3u8?wmsAuthSign=c2VydmVyX3RpbWU9OC8yOC8yMDE4IDI6MzI6NTggUE0maGFzaF92YWx1ZT02czNmU2ZSNHlrQzROeHZzZjJ6aWR3PT0mdmFsaWRtaW51dGVzPTE4MA==</link>
   <thumbnail>http://www.adulttvlive.net/wp-content/uploads/2017/02/Redlight-HD.jpg</thumbnail>
   <fanart></fanart>
   <summary>love and be loved my dudes</summary>
</item>


<item>
   <title>Pink Erotic 4 TV 18+ </title>
   <link>http://163.172.131.190:8081/live/faptv/chunks.m3u8?wmsAuthSign=c2VydmVyX3RpbWU9OC8yOC8yMDE4IDE6MzE6MTIgUE0maGFzaF92YWx1ZT1TK1FyOVdmNm9Va0hPc0JFNENPc2RBPT0mdmFsaWRtaW51dGVzPTE4MA==</link>
   <thumbnail>http://www.adulttvlive.net/wp-content/uploads/2017/02/Pink-Erotic-4.jpg</thumbnail>
   <fanart></fanart>
   <summary>love and be loved my dudes</summary>
</item>

<item>
   <title>Pink Erotic 3 18+</title>
   <link>http://163.172.131.190:8081/live/fap3/chunks.m3u8?wmsAuthSign=c2VydmVyX3RpbWU9OC8yOC8yMDE4IDE6NDc6NTQgUE0maGFzaF92YWx1ZT0xdkg3QW5VeUFhaEd5cGVaY01QTjhRPT0mdmFsaWRtaW51dGVzPTE4MA==</link>
   <thumbnail>http://www.adulttvlive.net/wp-content/uploads/2017/02/Pink-Erotic-3.jpg</thumbnail>
   <fanart></fanart>
   <summary>love and be loved my dudes</summary>
</item>


<item>
   <title>Pink Erotic 2 TV 18+</title>
   <link>http://163.172.131.190:8081/live/fap4/chunks.m3u8?nimblesessionid=343246&wmsAuthSign=c2VydmVyX3RpbWU9OC8yOC8yMDE4IDE6NTE6MjEgUE0maGFzaF92YWx1ZT1MT1Z1ZFhYb3krSytrcG9HdkMvMVVnPT0mdmFsaWRtaW51dGVzPTE4MA==</link>
   <thumbnail>http://www.adulttvlive.net/wp-content/uploads/2017/02/Pink-Erotic-2.jpg</thumbnail>
   <fanart></fanart>
   <summary>love and be loved my</summary>
</item>

<item>
   <title>Pink Erotic</title>
   <link>http://163.172.131.190:8081/live/fap2/chunks.m3u8?nimblesessionid=343930&wmsAuthSign=c2VydmVyX3RpbWU9OC8yOC8yMDE4IDE6NTQ6NTggUE0maGFzaF92YWx1ZT1LUFdKc2o3Z05Yc3dNYVRSR1dmdndnPT0mdmFsaWRtaW51dGVzPTE4MA==</link>
   <thumbnail>http://www.adulttvlive.net/wp-content/uploads/2017/02/Pink-Erotic-TV.jpg</thumbnail>
   <fanart></fanart>
   <summary>love and be loved my dudes</summary>
</item>

<item>
   <title>Phoenix Marie TV 18+ </title>
   <link>http://163.172.131.190:8081/live/phoenixmarie/chunks.m3u8?wmsAuthSign=c2VydmVyX3RpbWU9OC8yOC8yMDE4IDE6NTc6MjcgUE0maGFzaF92YWx1ZT02cVh4OFdlKys0NWk2M2FKUEs1ZDJnPT0mdmFsaWRtaW51dGVzPTE4MA==</link>
   <thumbnail>http://www.adulttvlive.net/wp-content/uploads/2017/02/Phoenix-Marie-TV.png</thumbnail>
   <fanart></fanart>
   <summary>love and be loved my dudes</summary>
</item>
<item>
   <title>Penthouse TV</title>
   <link>http://163.172.131.190:8081/live/penthouse/chunks.m3u8?nimblesessionid=356397&wmsAuthSign=c2VydmVyX3RpbWU9OC8yOC8yMDE4IDI6NTE6MTIgUE0maGFzaF92YWx1ZT02bzlINE45ajIza2FTSjFPTXlMWDBnPT0mdmFsaWRtaW51dGVzPTE4MA==</link>
   <thumbnail>http://www.adulttvlive.net/wp-content/uploads/2017/02/Penthouse-XXX-TV.jpg</thumbnail>
   <fanart></fanart>
   <summary>love and be loved my dudes</summary>
</item>

<item>
   <title>Nuart TV  </title>
   <link>http://163.172.131.190:8081/live/nuart/chunks.m3u8?wmsAuthSign=c2VydmVyX3RpbWU9OC8yOC8yMDE4IDI6MzY6MTAgUE0maGFzaF92YWx1ZT1kd2l4cnVvazFLaFRYa3R4bUZPRDVRPT0mdmFsaWRtaW51dGVzPTE4MA==</link>
   <thumbnail>http://www.adulttvlive.net/wp-content/uploads/2017/02/Nuart-TV.png</thumbnail>
   <fanart></fanart>
   <summary>love and be loved my dudes</summary>
</item>

<item>
   <title>Legal Porno TV 18+  </title>
   <link>http://163.172.131.190:8081/live/legalporno/chunks.m3u8?wmsAuthSign=c2VydmVyX3RpbWU9OC8yOC8yMDE4IDI6MDE6NDkgUE0maGFzaF92YWx1ZT1NOVNLQUVkY2pMS283S0RvSXlsdGp3PT0mdmFsaWRtaW51dGVzPTE4MA==</link>
   <thumbnail>http://www.adulttvlive.net/wp-content/uploads/2017/02/Legal-Porno-TV.jpg</thumbnail>
   <fanart></fanart>
   <summary>love and be loved my dudes</summary>
</item>

<item>
   <title>Babestation Xtra 18+</title>
   <link>http://212.47.244.173:8081/live/babestationxtra/playlist.m3u8?wmsAuthSign=c2VydmVyX3RpbWU9OC8yMS8yMDE4IDY6MjA6MTQgUE0maGFzaF92YWx1ZT1La1k3cUxWNXRvcXVKdkJLNVJxMEVBPT0mdmFsaWRtaW51dGVzPTMw</link>
   <thumbnail>http://www.adulttvlive.net/wp-content/uploads/2017/02/Babestation-Xtra.jpg</thumbnail>
   <fanart></fanart>
   <summary>love and be loved my dudes</summary>
</item>

<item>
   <title>FAP TV Teens 18+</title>
   <link>http://163.172.131.190:8081/live/faptvteens/chunks.m3u8?nimblesessionid=345790&wmsAuthSign=c2VydmVyX3RpbWU9OC8yOC8yMDE4IDI6MDM6NDEgUE0maGFzaF92YWx1ZT1FNmhpYm5aRVFHckVyNFF0cGIzZHZBPT0mdmFsaWRtaW51dGVzPTE4MA==</link>
   <thumbnail>http://www.adulttvlive.net/wp-content/uploads/2017/02/FAP-TV-Teens.png</thumbnail>
   <fanart></fanart>
   <summary>love and be loved my dudes</summary>
</item>

<item>
   <title>FAP TV Parody 18+</title>
   <link>http://163.172.131.190:8081/live/faptvparody/chunks.m3u8?wmsAuthSign=c2VydmVyX3RpbWU9OC8yOC8yMDE4IDI6MDU6MTcgUE0maGFzaF92YWx1ZT1OQnEyVDNycXJiMWRvTUhURHd2U0tBPT0mdmFsaWRtaW51dGVzPTE4MA==</link>
   <thumbnail>http://www.adulttvlive.net/wp-content/uploads/2017/02/FAP-TV-Parody.png</thumbnail>
   <fanart></fanart>
   <summary>love and be loved my dudes</summary>
</item>

<item>
   <title>FAP TV Lesbian 18+</title>
   <link>http://163.172.131.190:8081/live/faptvlesbian/chunks.m3u8?nimblesessionid=347868&wmsAuthSign=c2VydmVyX3RpbWU9OC8yOC8yMDE4IDI6MTQ6MDggUE0maGFzaF92YWx1ZT1HdkxzRDVTeWFEb0k2Q096VUNOdDJRPT0mdmFsaWRtaW51dGVzPTE4MA==</link>
   <thumbnail>http://www.adulttvlive.net/wp-content/uploads/2017/02/FAP-TV-Lesbian.png</thumbnail>
   <fanart></fanart>
   <summary>love and be loved my dudes</summary>
</item>

<item>
   <title>FAP TV Teaching 18+ </title>
   <link>http://163.172.131.190:8081/live/faptvpissing/chunks.m3u8?wmsAuthSign=c2VydmVyX3RpbWU9OC8yOC8yMDE4IDI6MTU6NDQgUE0maGFzaF92YWx1ZT03eWx4Sk9KMWJxb1VYNjdiSVNwTHN3PT0mdmFsaWRtaW51dGVzPTE4MA==</link>
   <thumbnail>http://www.adulttvlive.net/wp-content/uploads/2017/02/FAP-TV-Teaching.png</thumbnail>
   <fanart></fanart>
   <summary>love and be loved my dudes</summary>
</item>

<item>
   <title>FAP TV Amateur 18+</title>
   <link>http://163.172.131.190:8081/live/faptvamateur/playlist.m3u8?wmsAuthSign=c2VydmVyX3RpbWU9OC8yOC8yMDE4IDI6MTk6NTcgUE0maGFzaF92YWx1ZT12Z0ZjY1Q5V0QrS3FEL0NEYStpUFVnPT0mdmFsaWRtaW51dGVzPTE4MA==</link>
   <thumbnail>http://www.adulttvlive.net/wp-content/uploads/2017/02/FAP-TV-Amateur.png</thumbnail>
   <fanart></fanart>
   <summary>love and be loved my dudes</summary>
</item>

<item>
   <title>PFAP TV Compilation 18+ </title>
   <link>http://163.172.131.190:8081/live/faptvcompilation/chunks.m3u8?wmsAuthSign=c2VydmVyX3RpbWU9OC8yOC8yMDE4IDI6MjI6MjAgUE0maGFzaF92YWx1ZT1EVm8zRUlTeW1HTWg5am9nMVh4U1FnPT0mdmFsaWRtaW51dGVzPTE4MA==</link>
   <thumbnail>http://www.adulttvlive.net/wp-content/uploads/2017/02/FAP-TV-Compilation.png</thumbnail>
   <fanart></fanart>
   <summary>love and be loved my dudes</summary>
</item>

<item>
   <title>Exotica TV 18+</title>
   <link>http://163.172.131.190:8081/live/dusk/chunks.m3u8?wmsAuthSign=c2VydmVyX3RpbWU9OC8yOC8yMDE4IDI6NTQ6NDYgUE0maGFzaF92YWx1ZT11bVlrVVNteEQ3SjYweFhUckhsMDNnPT0mdmFsaWRtaW51dGVzPTE4MA==</link>
   <thumbnail>http://www.adulttvlive.net/wp-content/uploads/2017/02/Exotica-TV.jpg</thumbnail>
   <fanart></fanart>
   <summary>love and be loved my dudes</summary>
</item>

<item>
   <title>Candy TV 18+</title>
   <link>http://163.172.131.190:8081/live/candy/chunks.m3u8?wmsAuthSign=c2VydmVyX3RpbWU9OC8yOC8yMDE4IDM6MDE6MzAgUE0maGFzaF92YWx1ZT0rZ1hFUHI2ZE1WSlY0WXBNVDdXZGJ3PT0mdmFsaWRtaW51dGVzPTE4MA==</link>
   <thumbnail>http://www.adulttvlive.net/wp-content/uploads/2017/02/Candy-TV.jpg</thumbnail>
   <fanart></fanart>
   <summary>love and be loved my dudes</summary>
</item>

<item>
   <title>Blue Hustler TV</title>
   <link>http://163.172.131.190:8081/live/bluehustler/chunks.m3u8?wmsAuthSign=c2VydmVyX3RpbWU9OC8yOC8yMDE4IDM6MTI6MTMgUE0maGFzaF92YWx1ZT1YdytsWDVMSXdZTG1rcHBuSHdzc3pBPT0mdmFsaWRtaW51dGVzPTE4MA==</link>
   <thumbnail>http://www.adulttvlive.net/wp-content/uploads/2017/02/Blue-Hustler-TV.png</thumbnail>
   <fanart></fanart>
   <summary>love and be loved my dudes</summary>
</item>

<item>
   <title>Pink O TV</title>
   <link>http://163.172.131.190:8081/live/pinko/chunks.m3u8?wmsAuthSign=c2VydmVyX3RpbWU9OC8yOC8yMDE4IDM6MTk6MTQgUE0maGFzaF92YWx1ZT1lUVpmaXpyVUU0NWpjc0JHT2x1eU13PT0mdmFsaWRtaW51dGVzPTE4MA==</link>
   <thumbnail>http://www.adulttvlive.net/wp-content/uploads/2017/02/Pink-O-TV.jpg</thumbnail>
   <fanart></fanart>
   <summary>love and be loved my dudes</summary>
</item>

<item>
   <title>Sextosenso TV</title>
   <link>http://163.172.131.190:8081/live/sext6senso/chunks.m3u8?wmsAuthSign=c2VydmVyX3RpbWU9OC8yOC8yMDE4IDM6MjQ6MTQgUE0maGFzaF92YWx1ZT1MSVoxalJOR21ZY0xkNzBJQy9RbVpRPT0mdmFsaWRtaW51dGVzPTE4MA==</link>
   <thumbnail>http://www.adulttvlive.net/wp-content/uploads/2017/02/Sextosenso-TV.jpg</thumbnail>
   <fanart></fanart>
   <summary>love and be loved my dudes</summary>
</item>

<item>
   <title>Passie XXX TV</title>
   <link>http://163.172.131.190:8081/live/passionx/chunks.m3u8?wmsAuthSign=c2VydmVyX3RpbWU9OC8yOC8yMDE4IDM6Mjk6NDYgUE0maGFzaF92YWx1ZT02Yis2emRkMU5ncVVQRllzTEZWRTJnPT0mdmFsaWRtaW51dGVzPTE4MA==</link>
   <thumbnail>http://www.adulttvlive.net/wp-content/uploads/2017/02/Passie-XXX-TV.jpg</thumbnail>
   <fanart></fanart>
   <summary>love and be loved my dudes</summary>
</item>

<item>
   <title>French Lover TV</title>
   <link>http://163.172.131.190:8081/live/frenchlover/chunks.m3u8?wmsAuthSign=c2VydmVyX3RpbWU9OC8yOC8yMDE4IDM6Mzk6MzggUE0maGFzaF92YWx1ZT15WEtFVEQ0MDRjSFlRQ3VVMG5WQzVnPT0mdmFsaWRtaW51dGVzPTE4MA==</link>
   <thumbnail>http://www.adulttvlive.net/wp-content/uploads/2017/02/French-Lover-TV.jpg</thumbnail>
   <fanart></fanart>
   <summary>love and be loved my dudes</summary>
</item>

<item>
   <title>Dorcel TV</title>
   <link>http://163.172.131.190:8081/live/dorcel/chunks.m3u8?wmsAuthSign=c2VydmVyX3RpbWU9OC8yOC8yMDE4IDM6NDY6MTYgUE0maGFzaF92YWx1ZT1naWZka0xBejRVYmVsVzdqVFhGTGJ3PT0mdmFsaWRtaW51dGVzPTE4MA==</link>
   <thumbnail>http://www.adulttvlive.net/wp-content/uploads/2017/02/Dorcel-TV.jpg</thumbnail>
   <fanart></fanart>
   <summary>love and be loved my dudes</summary>
</item>

<item>
   <title>Eroxxx TV</title>
   <link>http://163.172.131.190:8081/live/erox/chunks.m3u8?nimblesessionid=1263677&wmsAuthSign=c2VydmVyX3RpbWU9OC8zMC8yMDE4IDE6MzE6MDMgQU0maGFzaF92YWx1ZT0xNEhqL2xRbGNSbGVGc3hrbGY4T2hBPT0mdmFsaWRtaW51dGVzPTE4MA==</link>
   <thumbnail>http://www.adulttvlive.net/wp-content/uploads/2017/02/Eroxxx-TV.png</thumbnail>
   <fanart></fanart>
   <summary>love and be loved my dudes</summary>
</item>

<item>
   <title>SCT TV</title>
   <link>http://163.172.131.190:8081/live/sct/chunks.m3u8?wmsAuthSign=c2VydmVyX3RpbWU9OC8yOC8yMDE4IDQ6MzY6NDYgUE0maGFzaF92YWx1ZT14Q0x2UTVac1l1d2ZLUHRnZ0hTZ0pRPT0mdmFsaWRtaW51dGVzPTE4MA==</link>
   <thumbnail>http://www.adulttvlive.net/wp-content/uploads/2017/02/SCT-TV.jpg</thumbnail>
   <fanart></fanart>
   <summary>love and be loved my dudes</summary>
</item>

<item>
   <title>O-la-la 18+ TV</title>
   <link>http://163.172.131.190:8081/live/olala/chunks.m3u8?wmsAuthSign=c2VydmVyX3RpbWU9OC8yOC8yMDE4IDQ6NDc6MzIgUE0maGFzaF92YWx1ZT05U2hWY01qbjBoMG9DbFhXeVdVM1RRPT0mdmFsaWRtaW51dGVzPTE4MA==</link>
   <thumbnail>http://www.adulttvlive.net/wp-content/uploads/2017/02/O-la-la-18-TV.jpg</thumbnail>
   <fanart></fanart>
   <summary>love and be loved my dudes</summary>
</item>

<item>
   <title>Playboy TV</title>
   <link>http://163.172.131.190:8081/live/playboy/chunks.m3u8?wmsAuthSign=c2VydmVyX3RpbWU9OC8yOC8yMDE4IDQ6NTY6NDIgUE0maGFzaF92YWx1ZT1KTGhNZTdoT0VBcUlIUHVHTGhQNElRPT0mdmFsaWRtaW51dGVzPTE4MA==</link>
   <thumbnail>http://www.adulttvlive.net/wp-content/uploads/2017/02/Playboy-TV.png</thumbnail>
   <fanart></fanart>
   <summary>love and be loved my dudes</summary>
</item>

<item>
   <title>Hustler TV</title>
   <link>http://163.172.131.190:8081/live/evilangel/chunks.m3u8?wmsAuthSign=c2VydmVyX3RpbWU9OC8zMC8yMDE4IDEyOjM4OjAzIEFNJmhhc2hfdmFsdWU9US85N3czMzZvclFzNERPc203SjJxZz09JnZhbGlkbWludXRlcz0xODA=</link>
   <thumbnail>http://www.adulttvlive.net/wp-content/uploads/2017/02/Hustler-TV.jpg</thumbnail>
   <fanart></fanart>
   <summary>love and be loved my dudes</summary>
</item>

<item>
   <title>Private Spice Brazzers TV</title>
   <link>http://163.172.131.190:8081/live/privatebrazzers/chunks.m3u8?nimblesessionid=1225909&wmsAuthSign=c2VydmVyX3RpbWU9OC8zMC8yMDE4IDEyOjQyOjA2IEFNJmhhc2hfdmFsdWU9a2k5TWtkOFhzZ01yYTN2Q1JRQVNwQT09JnZhbGlkbWludXRlcz0xODA=</link>
   <thumbnail>http://www.adulttvlive.net/wp-content/uploads/2017/02/Private-Spice-Brazzers-TV.jpg</thumbnail>
   <fanart></fanart>
   <summary>love and be loved my dudes</summary>
</item>

<item>
   <title>Brazzers TV Europe</title>
   <link>http://163.172.131.190:8081/live/brazzerseu/chunks.m3u8?nimblesessionid=1229925&wmsAuthSign=c2VydmVyX3RpbWU9OC8zMC8yMDE4IDEyOjQ3OjUzIEFNJmhhc2hfdmFsdWU9Q2VWWkU1dmhhcHM2Ni85dUs2dEtldz09JnZhbGlkbWludXRlcz0xODA=</link>
   <thumbnail>http://www.adulttvlive.net/wp-content/uploads/2017/02/Brazzers-TV-Europe-18.png</thumbnail>
   <fanart></fanart>
   <summary>love and be loved my dudes</summary>
</item>

<item>
   <title>РEH ТВ</title>
   <link>http://163.172.131.190:8081/live/passionx/chunks.m3u8?wmsAuthSign=c2VydmVyX3RpbWU9OC8zMC8yMDE4IDE6MTI6MjEgQU0maGFzaF92YWx1ZT1wR1pGRkwybjZvbUVTL2hwTkx4ZUt3PT0mdmFsaWRtaW51dGVzPTE4MA==</link>
   <thumbnail>http://www.adulttvlive.net/wp-content/uploads/2017/02/Ren-TV.jpg</thumbnail>
   <fanart></fanart>
   <summary>love and be loved my dudes</summary>
</item>