<chocolatecity>

<dir>
      <title>****************Boss Magic City*****************</title>
    
      <link></link> 
          
      <thumbnail></thumbnail>
      
      <fanart></fanart>
        
      <summary></summary>
</dir>

<dir>
   <name>Dynasty Series</name>
   <link>file://test.xml</link>
   <thumbnail>https://i.vimeocdn.com/portrait/7516264_280x280?q=60</thumbnail>
   <fanart></fanart>
</dir>

<dir>
  <name>Worldstar Candy</name>
  <link>file://Wshh/WSHHDIR.xml</link>
  <animated_thumbnail></animated_thumbnail>
  <thumbnail>http://hw-static.worldstarhiphop.com/u/pic/2015/03/15/FixedColombia4482akuyhstgbwysws.jpg</thumbnail>
  <animated_fanart></animated_fanart>
  <fanart>http://hw-static.worldstarhiphop.com/u/pic/2015/03/15/FixedColombia4482akuyhstgbwysws.jpg</fanart>
	<summary>W S H H 'S MOST FINEST</summary>
</dir>

<dir>
  <name>WorldStar UNCUT</name>
  <link>file://Wshh/wshh.xml</link>
  <animated_thumbnail></animated_thumbnail>
  <thumbnail>http://hw-static.worldstarhiphop.com/uncut/uncut-images/logo-main.png</thumbnail>
  <animated_fanart></animated_fanart>
  <fanart>http://hw-static.worldstarhiphop.com/uncut/uncut-images/logo-main.png</fanart>
  <summary>W S H H 'S UNCUT</summary>
</dir>

<item>
   <title>New Bunz4Ever</title>
   <link>https://rapidgator.net/file/c0ff74030f55228120386b96efe0ee94/Bunz4EverBlackLingerieinBedroom.mp4.html</link>
   <animated_thumbnail>https://2.bp.blogspot.com/-0AhocVZ4cJo/W7ksfV_7glI/AAAAAAABtTw/pn9v7uZ0JmkM26k91xXWY4p1xqZM9U_NACLcBGAs/s320/Bunz4EverBlack%2B1.gif</animated_thumbnail>
   <animated_fanart>https://4.bp.blogspot.com/-fKq6TXk9234/W7ksfetMKdI/AAAAAAABtTs/Gs_KvUIn3CQnm6wmqzAwL6eNCbwHjcRfQCLcBGAs/s1600/Bunz4EverBlack%2B3.gif</animated_fanart>
   <summary>New Bunz4Ever</summary>
</item>

<item>
   <title>LeilaCherryXXX ManyVids</title>
   <link>https://rapidgator.net/file/93adbe74ab5c1a424fd772dc51b321a7/leilacherryxxx02_1080.mp4.html</link>
   <animated_thumbnail>https://1.bp.blogspot.com/-3iWq8B2bxZ4/XBhNxlpNPgI/AAAAAAAB0so/Jq5NRL3T6YIaSn6evwCqSyZicFd3oHokACLcBGAs/s1600/leilacherryxxx02_%2B1.gif</animated_thumbnail>
   <animated_fanart>https://4.bp.blogspot.com/-RYkUcr9FfOM/XBhNx3yGoRI/AAAAAAAB0sw/b87Pz6G6VacHWc9H16zkJ_VKsArPpuPywCLcBGAs/s1600/leilacherryxxx02_%2B2.gif</animated_fanart>
   <summary>LeilaCherryXXX</summary>
</item>

<dir>
   <name>Big Ass Tease</name>
   <link>https://pastebin.com/raw/et8fEt38</link>
   <thumbnail>http://1.bp.blogspot.com/-vuYisCO_ne4/Uv0PjVFhRNI/AAAAAAAAFb4/l91rpJz6vPU/s1600/phat+1.gif</thumbnail>
   <fanart>http://4.bp.blogspot.com/-hpcfsBzg3BU/Uv0HLk8BfbI/AAAAAAAAFXg/sBDVhDH3cPw/s1600/bat_britneybrooks01_+2.jpg</fanart>
   <summary></summary>
</dir>

</chocolatecity>