<xml>
	<chocolatecity>
  <dir>
    <title>Magic City</title>
    <link>file://magiccity.xml</link>
    <thumbnail>https://magiccityreservations.com/wp-content/uploads/2017/06/Untitled-12.jpg</thumbnail>
    <fanart></fanart>
  </dir>

  <dir>
    <title>Live Tv</title>
    <link>file://live.xml</link>
  </dir>
  
  <dir>
    <title>Full Movies</title>
    <link>file://fullxxx.xml</link>
  </dir>
  
  <dir>
    <title>SITERIPs</title>
    <link>file://SITERIP/siterip.xml</link>
  </dir>

  <dir>
    <title>Jav/Japanese Movies</title>
    <link>file://Jav.xml</link>
  </dir>
  
  <dir>
    <title>Scenes</title>
    <link>file://scenes.xml</link>
  </dir>

  <dir>
    <title>Celebs</title>
    <link>file://celebs.xml</link>
  </dir>

  <dir>
    <title>4k</title>
    <link>https://pastebin.com/raw/VDAyQmTS</link>
  </dir>

<dir>
    <title>Marc Dorcel</title>
    <link>https://pastebin.com/raw/g7vYKseS</link>
  </dir>
  
  <dir>
    <title>Darkside Entertainment</title>
    <link>https://pastebin.com/raw/6hgX2acc</link>
  </dir>
  
  <dir>
    <title>Parodies</title>
    <link>https://pastebin.com/raw/SnN5ZZn0</link>
  </dir>

  <dir>
    <title>Hood Hardcore</title>
    <link>file://hood.xml</link>
  </dir>
  
    <dir>
    <title>Actors</title>
    <link>https://pastebin.com/raw/gxrsWG9y</link>
  </dir>
  
     <dir>
    <title>Expo</title>
    <link>file://expo/main.xml</link>
  </dir>

    <dir>
        <title>[B]Search[/B]</title>
        <eporner>search</eporner>
    </dir>

<dir>
  <name>[B]Settings[/B]</name>
  <link>file://chocolatecitysetting.xml</link>
  <thumbnail></thumbnail>
  <fanart></fanart>
  <summary>Settings for Chocolate City</summary>
</dir>

<dir>
   <name>Testing</name>
   <link>file://other/testings.xml</link>
   <thumbnail></thumbnail>
   <fanart></fanart>
</dir>

<item>
<title>[B]pair with sites[/B]</title>
<pairwith>pairlist</pairwith>
</item>

<plugin>
<name>[COLOR white][B]AUTHORIZE REAL DEBRID [COLOR white][B](RESOLVE-URL)[/B][/COLOR]</name>
<link>plugin://script.module.resolveurl/?mode=auth_rd</link>
<thumbnail>special://home/addons/plugin.video.chocolatecity/resources/media/icon.png</thumbnail>
</plugin>
</chocolatecity>
</xml>