<dir>
<name>Reality Stars</name>
<thumbnail>http://hw-static.worldstarhiphop.com/u/pic/2012/9/24/okijuytrfewweddd.jpg</thumbnail>
<link>https://pastebin.com/raw/4jfEnG6Y</link>
<fanart>http://hw-static.worldstarhiphop.com/u/pic/2014/04/UpdatedSplashicandy2014eybhwdrewtdgy4dedwd.jpg</fanart>
<summary>WSHH Reality Stars</summary>
</dir>

<item>
   <title>SCREEN SHOT THAT</title>
   <link>https://mega.nz/file/35pQQY4J#VzIuZS-tbLU0v3IkV_kIaD1VqIhKE5YUyfB4999qzbo</link>
   <thumbnail>https://mega.nz/file/Px4DnIIR#nZNRSvFQQ-5TfisrNiR8oAYIfwQCE5EEeS8eVz2BFfE</thumbnail>
   <fanart>https://mega.nz/file/D0pBiCbS#HC7LgJd8tkwMG-c0qAi6B-cC2XZQ0p9oHRCxWYivtt0</fanart>
   <summary></summary>
</item>

<item>
   <title>Bruh</title>
   <link>https://mega.nz/file/L0ZTCYhZ#Lr8yDB4OipuyjmMIf2gjnEtEJrK9La7YOvm1fEmJW1w</link>
   <thumbnail>https://mega.nz/file/Px4DnIIR#nZNRSvFQQ-5TfisrNiR8oAYIfwQCE5EEeS8eVz2BFfE</thumbnail>
   <fanart>https://mega.nz/file/D0pBiCbS#HC7LgJd8tkwMG-c0qAi6B-cC2XZQ0p9oHRCxWYivtt0</fanart>
   <summary></summary>
</item>

<item>
   <title>Back Shots</title>
   <link>https://mega.nz/file/a94mHYbB#Zn3lP_njS-qPqSVB78mQ7p7t7W3O_vWZasROSoU5tD8</link>
   <thumbnail>https://mega.nz/file/Px4DnIIR#nZNRSvFQQ-5TfisrNiR8oAYIfwQCE5EEeS8eVz2BFfE</thumbnail>
   <fanart>https://mega.nz/file/D0pBiCbS#HC7LgJd8tkwMG-c0qAi6B-cC2XZQ0p9oHRCxWYivtt0</fanart>
   <summary></summary>
</item>

