<item>
   <title>Interracial Teens 8</title>
   <link>
      <sublink>https://clipwatching.com/embed-x15ybzb14dss-658x400.html([COLOR=gold]Interracial Teens 8 [/COLOR][clipwatching][COLOR=blue] [RD][/COLOR])</sublink>
      <sublink>https://youdbox.com/embed-i9upywhlv28o-658x400.html([COLOR=gold]Interracial Teens 8 [/COLOR][youdbox][COLOR=blue] [RD][/COLOR])</sublink>
      <sublink>https://videobin.co/embed-xw2soirn4yuf.html([COLOR=gold]Interracial Teens 8 [/COLOR][videobin][COLOR=blue] [RD][/COLOR])</sublink>
      <sublink>https://rapidgator.net/file/0fc0d99df65532adfa30aca66639abdf/drkntrcts8.MP4([COLOR=gold]Interracial Teens 8 [/COLOR][rapidgator][COLOR=blue] [RD][/COLOR])</sublink>
   </link>
   <thumbnail>https://pandamovie.info/wp-content/uploads/2020/06/1592809409_3013521h-185x278.jpg</thumbnail>
   <fanart>https://pandamovie.info/wp-content/uploads/2020/06/1592809409_3013521h-185x278.jpg</fanart>
   <summary>Synopsis
Interracial Teens Vol. 8
Dark X is proud to present “Interracial Teens Vol. 8”. An assemblage of the hottest teen girls taking on big black cocks for steamy IR action. Featuring cute blonde Vienna Rose, gorgeous Natalie Knight, adorable Allie Addison, and brunette babe Natalie Porkman. “Interracial Teens Vol. 8” is a celebration of youth and interracial sex. Directed by James Avalon and shot in 4K, you wont want to miss this latest Dark X release.</summary>
</item>


<item>
   <title>Blacked Raw V10 (2018)</title>
   <link>
      <sublink>https://streamango.com/f/fkpbeokmarptrrko/uyhjghj654987432_26_mp4([COLOR=gold]Blacked Raw V10 1080p [/COLOR][Streamango][COLOR=blue] [RD][/COLOR])</sublink>
   </link>
   <thumbnail>https://imgcloud.pw/images/2018/09/29/342682a8f677c086058cbe.jpg</thumbnail>
   <fanart>https://imgcloud.pw/images/2018/09/29/c541082f0c54a1cf831fe641dd2576041ebbb871cd927650.th.jpg</fanart>
   <summary>Starring: Abigail Mac, Karlee Grey, Clea Gaultier, Hime Marie, Ella Hughes, Mandingo, Joss Lescaf, Jason Luv</summary>
</item>
<item>
   <title>Blacked Raw V9</title>
   <link>
       <sublink>http://ul.to/tmax6jbc([COLOR=gold]V9 1080p [/COLOR][Uploaded][COLOR=blue] [RD][/COLOR])</sublink>
      <sublink>https://rg.to/file/9ecf4c4157bfd2d263db60407ec1ace6/V.9.XXX.DVDRip.x264-XCiTE.mp4.html([COLOR=gold]V9 1080p [/COLOR][Rapidgator][COLOR=blue] [RD][/COLOR])</sublink>
   </link>
   <thumbnail>https://pixhost.to/show/44/83741963_2527768h.jpg</thumbnail>
   <fanart>https://img24.pixhost.to/images/44/83741012_v-9-xxx-dvdrip-x264-xcite_s.jpg</fanart>
   <summary>V.9.XXX.DVDRip.x264-XCiTE
Cast: Riley Reid, Jennifer White, Olivia Austin, Riley Reyes

BLACKED.com is proud to present its new studio ~BLACKED RAW. BLACKED RAW~~ is here to embrace new cultures, passionate sex and real women. No photoshop here, everything you see is 100% real. See more at BLACKEDRAW.com.</summary>
</item>
<item>
   <title>Sibling Secrets 3 [2018] WEB-DL SPLIT SCENES</title>
   <link>
       <sublink>https://real-debrid.com/d/HWY65TFS4JAXG([COLOR=gold]Charity Crawford 1080p [/COLOR][real-debrid][COLOR=blue] [RD][/COLOR])</sublink>
      <sublink>https://real-debrid.com/d/PXYUYYMKG2HOU([COLOR=gold]Lana Rhoade 1080p [/COLOR][real-debrid][COLOR=blue] [RD][/COLOR])</sublink>
      <sublink>https://real-debrid.com/d/6X3PJNTWBOEVU([COLOR=gold]Alexis Adams 1080p [/COLOR][real-debrid][COLOR=blue] [RD][/COLOR])</sublink>
      <sublink>https://real-debrid.com/d/W6HRGGDHUOZNC([COLOR=gold]Holly Hendrix 1080p [/COLOR][real-debrid][COLOR=blue] [RD][/COLOR])</sublink>
   </link>
   <thumbnail>https://dyncdn.me/posters2/4/47a5a57daff5085b0275fd7b7ba6c7ccdd867581.jpg</thumbnail>
   <fanart>https://22pixx.xyz/i/5b9515e0d6570.jpeg</fanart>
   <summary>Cast :
Alexis Adams, Charity Crawford, Holly Hendrix, Lana Rhoades.
</summary>
</item>