<item>
   <title>Hegre - Chloe & Hiromi</title>
   <link>
      <sublink>https://rg.to/file/cbafb0d0fd74df317019894a2573ce6a/Hegre.20.06.30.Chloe.And.Hiromi.A.Day.On.The.Beach.XXX.1080p.mp4.html([COLOR=gold]Hegre - Chloe & Hiromi 1080p [Rapidgator][/COLOR] [COLOR=blue] [RD][/COLOR])</sublink>
      <sublink>http://uploaded.net/file/ioo4hbhp/Hegre.20.06.30.Chloe.And.Hiromi.A.Day.On.The.Beach.XXX.1080p.mp4([COLOR=gold]Hegre - Chloe & Hiromi 1080p [uploaded.net][/COLOR] [COLOR=blue] [RD][/COLOR])</sublink>
   </link>
   <thumbnail>https://t43.pixhost.to/thumbs/422/153276318_5efaff3f7d8f6.jpg</thumbnail>
   <fanart>https://t43.pixhost.to/thumbs/422/153276318_5efaff3f7d8f6.jpg</fanart>
   <summary>Chloe & Hiromi - A Day On The Beach
Released: June 30, 2020

If we say that every guy´s favourite erotic daydream is two young and beautiful naked girls on a tropical island beach somewhere, we probably won´t be far off the mark.

Anyway, here is the tropical island, the desolate beach and Chloe and Hiromi to complete your dream. PLUS an erotic explosion to ice the cake..</summary>
</item>


<item>
   <title>Evil Angel – Alina Lopez: In Need Of A Big-Cock (2020/HD)</title>
   <link>
      <sublink>https://rg.to/file/00faca60d09e1e5f762e19325e108f8b/EvilAngel.20.06.30.Alina.Lopez.Big-Cock.Blowjob.And.Anal.XXX.720p.mp4.html [RD])</sublink>
      <sublink>http://uploaded.net/file/yp95xt5e/EvilAngel.20.06.30.Alina.Lopez.Big-Cock.Blowjob.And.Anal.XXX.720p.mp4 [RD])</sublink>
      <sublink>https://mixdrop.co/f/dqqjnv83hlvv7x [RD])</sublink>
   </link>
   <thumbnail>https://1.bp.blogspot.com/-saZ12dMBx60/XvsS2eKTfdI/AAAAAAAAu9E/ldxsFM4WhVoPE1rs1LnqKPfWwHg1xX3mQCLcBGAsYHQ/s400/153274779_5efaf8ccb4406.jpg</thumbnail>
   <fanart>https://1.bp.blogspot.com/-saZ12dMBx60/XvsS2eKTfdI/AAAAAAAAu9E/ldxsFM4WhVoPE1rs1LnqKPfWwHg1xX3mQCLcBGAsYHQ/s400/153274779_5efaf8ccb4406.jpg</fanart>
</item>



<item>
   <title>Fake Hostel – Lady Zee & Sandra Zee: 18 Year Old Identical Sisters (2020/FULLHD)</title>
   <link>
   <sublink>https://rg.to/file/330540702502acb95764ee4876695961/FakeHostel.20.06.19.Lady.Zee.And.Sandra.Zee.XXX.1080p.mp4.html(rg-1080p)</sublink>
   <sublink>https://rg.to/file/c9b9c83156d4446f936244766517f771/FakeHostel.20.06.19.Lady.Zee.And.Sandra.Zee.XXX.SD.mp4.html(rg-SD  [RD])</sublink>
   <sublink>http://uploaded.net/file/67090r6o/FakeHostel.20.06.19.Lady.Zee.And.Sandra.Zee.XXX.1080p.mp4(uploaded.net-1080p [RD])</sublink>
   <sublink>http://uploaded.net/file/jp4noc4t/FakeHostel.20.06.19.Lady.Zee.And.Sandra.Zee.XXX.SD.mp4(uploaded.net-SD  [RD])</sublink>
   <sublink>https://mixdrop.co/f/zpp9k91zhgmx39x(mixdrop [RD])</sublink>
   </link>
   <thumbnail>https://1.bp.blogspot.com/-LYOku1s9yDo/XuyidoP5X_I/AAAAAAAAuho/mh-PayJO3Yc7dkMBF_nUPsyVZDuD0Q9XACLcBGAsYHQ/s400/152253264_5eec552e5c14c.jpg</thumbnail>
   <fanart>https://1.bp.blogspot.com/-LYOku1s9yDo/XuyidoP5X_I/AAAAAAAAuho/mh-PayJO3Yc7dkMBF_nUPsyVZDuD0Q9XACLcBGAsYHQ/s400/152253264_5eec552e5c14c.jpg</fanart>
   <summary>After finishing up some laundry, the Landlord drops his basket in disbelief after catching a passing glance at 18 year old identical sisters Lady Zee and Sandra Zee. Fascinated with the symmetry, the Landlord turns on the charm, then bows to the ladies, and takes their hands into his own in admiration. He lifts their skirts, and finds soft, delicious booties, then takes down their straps, and finds subtle, perky boobs. Continuing his exploration of their nearly indistinguishable bodies, the Landlord asks the ladies to sit back and spread their legs, and they comply, giggling softly all the while…

Released: June 19, 2020

Site: Fake Hostel, FakeHub
Cast: Lady Zee, Sandra Zee
Categories: Brunette, Clips, Euro, HD, Teen, Threesome, 1080p, Doggy Style, Double Blowjob, Facial, Landlord, Missionary, Sister</summary>
</item>


<item>
   <title>Pawnshop Confession</title>
   <link>http://uploaded.net/file/9ygr2qqk/www.0xxx.in_XXXPawn.14.07.30.Pawnshop.Confession.XXX.1080p.MP4-SEXORS.mp4</link>
   <thumbnail>https://img162.imagetwist.com/th/15312/5s46ir13xfgp.jpg</thumbnail>
   <fanart>https://img162.imagetwist.com/th/15312/5s46ir13xfgp.jpg</fanart>
</item>

<item>
   <title>Captain Stabbin – Kali Roses & Tiffany Watson: The Boat (2020/FULLHD)</title>
   <link>
   <sublink>https://rg.to/file/562a1a043802946789a3dadfc25154a3/CaptainStabbin.20.06.29.Kali.Roses.And.Tiffany.Watson.The.Boat.XXX.1080p.mp4.html(rg-1080p)</sublink>
   <sublink>https://rg.to/file/46c718f6538c1977cdb7d5743a95090b/CaptainStabbin.20.06.29.Kali.Roses.And.Tiffany.Watson.The.Boat.XXX.SD.mp4.html(rg-SD  [RD])</sublink>
   <sublink>http://uploaded.net/file/k32baa63/CaptainStabbin.20.06.29.Kali.Roses.And.Tiffany.Watson.The.Boat.XXX.1080p.mp4(uploaded.net-1080p [RD])</sublink>
   <sublink>http://uploaded.net/file/qt7l9aar/CaptainStabbin.20.06.29.Kali.Roses.And.Tiffany.Watson.The.Boat.XXX.SD.mp4(uploaded.net-SD  [RD])</sublink>
   <sublink>https://mixdrop.co/f/0vvmg0vpcrj7dj(mixdrop [RD])</sublink>
   </link>
   <thumbnail>https://1.bp.blogspot.com/-QITKSYPotfs/Xvmt5cFDx_I/AAAAAAAAu6U/400kWa1hk8kfZengDbpchJ7GU7C0gFoNQCLcBGAsYHQ/s1600/153170526_5ef99ad665870.jpg</thumbnail>
   <fanart>https://1.bp.blogspot.com/-QITKSYPotfs/Xvmt5cFDx_I/AAAAAAAAu6U/400kWa1hk8kfZengDbpchJ7GU7C0gFoNQCLcBGAsYHQ/s1600/153170526_5ef99ad665870.jpg</fanart>
   <summary>The Stabbin’ Crew has arrived at the boat of their new business partner, Ricky Johnson. And he has it stacked with gorgeous women twerking, partying, and enjoying the high seas in colorful bikinis! But maybe the ominous grey skies foreshadow troubled waters between the sailors… After some brief introductions, Ricky shows off all the benefits of filming on the boat – different positions, angles, girls! After brief introductions and porn puns, Kali Roses manages to isolate some production crew to work her magic…

Released: June 29, 2020

Site: Captain Stabbin, Reality Kings
Cast: Kali Roses, Tiffany Watson</summary>
</item>

<item>
   <title>Tiger Uppercut</title>
   <link>http://bootyexpo.net/media/videos/mp4/668_720p.mp4</link>
   <thumbnail>http://m.bootyexpo.net/media/videos/tmb/000/000/747/106.jpg</thumbnail>
   <fanart></fanart>
</item>

<item>
   <title>Angelina</title>
   <link>https://www.redtube.com/454473</link>
   <thumbnail>https://ci.rdtcdn.com/m=e4L18f/media/videos/201305/16/454473/original/11.jpg</thumbnail>
   <fanart>https://ci.rdtcdn.com/m=e4L18f/media/videos/201305/16/454473/original/11.jpg</fanart>
</item>
<item>
   <title>Amateur Cambodian Lady Fucked</title>
   <link>https://www.eporner.com/dload/BT4zs6azkdn/720/1848744-720p.mp4</link>
   <thumbnail>https://static-ca-cdn.eporner.com/thumbs/static4/1/18/180/1805628/10_360.jpg</thumbnail>
   <fanart></fanart>
</item>

<item>
   <title>My Sister?s Test | Abigail Mac, Seth Gamble</title>
   <link>https://openload.co/f/PwEz51ZofcE/</link>
   <thumbnail>https://www.xtapes.tv/pic/lg0f852dftte2.jpg</thumbnail>
   <fanart></fanart>
</item>

<item>
   <title>Mr no neck and the assventures in la</title>
   <link>https://openload.co/f/BoImVJhA2jc/Mr_no_neck_and_the_assventures_in_la.mp4</link>
   <thumbnail>https://thumb.oloadcdn.net/splash/BoImVJhA2jc/UDDfYf61e0k.jpg</thumbnail>
   <fanart>https://thumb.oloadcdn.net/splash/BoImVJhA2jc/UDDfYf61e0k.jpg</fanart>
</item>
<item>
   <title>Hot Wet And Sexy #2</title>
   <link>https://medialu1.hqcollect.net/watch_/H2VKNXSDF5J.mp4</link>
   <thumbnail>https://thumb.oloadcdn.net/splash/a30AVDHm2kE/-S1bw-57OY4.jpg</thumbnail>
   <fanart>https://thumb.oloadcdn.net/splash/a30AVDHm2kE/-S1bw-57OY4.jpg</fanart>
   <summary>Gabbi Amore Gets Taken - BuddhabangXXX</summary>
</item>
