<item>
	<title>[COLOR=white]12 Angry Men[/COLOR]</title>
	<meta>
	<imdb>tt0050083</imdb>
	<content>movie</content>
	<title>12 Angry Men</title>
	<year>1957</year>
	</meta>
	<link>
	<sublink>search</sublink>
	<sublink>searchsd</sublink>
	</link>
	<thumbnail>https://image.tmdb.org/t/p/w1280/3W0v956XxSG5xgm7LB6qu8ExYJ2.jpg</thumbnail>
	<fanart>https://image.tmdb.org/t/p/w1280/lH2Ga8OzjU1XlxJ73shOlPx6cRw.jpg</fanart>
</item>
<item>
	<title>[COLOR=white]2001: A Space Odyssey[/COLOR]</title>
	<meta>
	<imdb>tt0062622</imdb>
	<content>movie</content>
	<title>2001: A Space Odyssey</title>
	<year>1968</year>
	</meta>
	<link>
	<sublink>search</sublink>
	<sublink>searchsd</sublink>
	</link>
	<thumbnail>https://image.tmdb.org/t/p/w1280/90T7b2LIrL07ndYQBmSm09yqVEH.jpg</thumbnail>
	<fanart>https://image.tmdb.org/t/p/w1280/pckdZ29bHj11hBsV3SbVVfmCB6C.jpg</fanart>
</item>
<item>
	<title>[COLOR=white]A Clockwork Orange[/COLOR]</title>
	<meta>
	<imdb>tt0066921</imdb>
	<content>movie</content>
	<title>A Clockwork Orange</title>
	<year>1971</year>
	</meta>
	<link>
	<sublink>search</sublink>
	<sublink>searchsd</sublink>
	</link>
	<thumbnail>https://image.tmdb.org/t/p/w1280/4sHeTAp65WrSSuc05nRBKddhBxO.jpg</thumbnail>
	<fanart>https://image.tmdb.org/t/p/w1280/unMc1jEyqCnzba976GviSFKGagt.jpg</fanart>
</item>
<item>
	<title>[COLOR=white]Alien[/COLOR]</title>
	<meta>
	<imdb>tt0078748</imdb>
	<content>movie</content>
	<title>Alien</title>
	<year>1979</year>
	</meta>
	<link>
	<sublink>search</sublink>
	<sublink>searchsd</sublink>
	</link>
	<thumbnail>https://image.tmdb.org/t/p/w1280/2h00HrZs89SL3tXB4nbkiM7BKHs.jpg</thumbnail>
	<fanart>https://image.tmdb.org/t/p/w1280/dfNrZ82poQ8blHWJreIv6JZQ9JA.jpg</fanart>
</item>
<item>
	<title>[COLOR=white]All the President's Men[/COLOR]</title>
	<meta>
	<imdb>tt0074119</imdb>
	<content>movie</content>
	<title>All the President's Men</title>
	<year>1976</year>
	</meta>
	<link>
	<sublink>search</sublink>
	<sublink>searchsd</sublink>
	</link>
	<thumbnail>https://image.tmdb.org/t/p/w1280/jvXiGgWyBYDfQb44spH9JPTOmAZ.jpg</thumbnail>
	<fanart>https://image.tmdb.org/t/p/w1280/7nwfodS5en7Pysxc0ayrhLMUOAc.jpg</fanart>
</item>
<item>
	<title>[COLOR=white]Ben-Hur[/COLOR]</title>
	<meta>
	<imdb>tt0052618</imdb>
	<content>movie</content>
	<title>Ben-Hur</title>
	<year>1959</year>
	</meta>
	<link>
	<sublink>search</sublink>
	<sublink>searchsd</sublink>
	</link>
	<thumbnail>https://image.tmdb.org/t/p/w1280/m4WQ1dBIrEIHZNCoAjdpxwSKWyH.jpg</thumbnail>
	<fanart>https://image.tmdb.org/t/p/w1280/uOQPSUGG3ZHiDg9ecN8irQNZ4T1.jpg</fanart>
</item>
<item>
	<title>[COLOR=white]Blade Runner[/COLOR]</title>
	<meta>
	<imdb>tt0083658</imdb>
	<content>movie</content>
	<title>Blade Runner</title>
	<year>1982</year>
	</meta>
	<link>
	<sublink>search</sublink>
	<sublink>searchsd</sublink>
	</link>
	<thumbnail>https://image.tmdb.org/t/p/w1280/vfzE3pjE5G7G7kcZWrA3fnbZo7V.jpg</thumbnail>
	<fanart>https://image.tmdb.org/t/p/w1280/5hJ0XDCxE3qGfp1H3h7HQP9rLfU.jpg</fanart>
</item>
<item>
	<title>[COLOR=white]Blood Simple[/COLOR]</title>
	<meta>
	<imdb>tt0086979</imdb>
	<content>movie</content>
	<title>Blood Simple</title>
	<year>1984</year>
	</meta>
	<link>
	<sublink>search</sublink>
	<sublink>searchsd</sublink>
	</link>
	<thumbnail>https://image.tmdb.org/t/p/w1280/xz1p33UMrcPPOGP1vzlRwLVR6k0.jpg</thumbnail>
	<fanart>https://image.tmdb.org/t/p/w1280/o83uHWyhXgYm6YrMHUE1pqvZJDR.jpg</fanart>
</item>
<item>
	<title>[COLOR=white]Blue Velvet[/COLOR]</title>
	<meta>
	<imdb>tt0090756</imdb>
	<content>movie</content>
	<title>Blue Velvet</title>
	<year>1986</year>
	</meta>
	<link>
	<sublink>search</sublink>
	<sublink>searchsd</sublink>
	</link>
	<thumbnail>https://image.tmdb.org/t/p/w1280/pxC4YsYIL4eSg1zDwrQQuxJegjA.jpg</thumbnail>
	<fanart>https://image.tmdb.org/t/p/w1280/eWzEX02Pw9TN8nCsCASPdtBHXo6.jpg</fanart>
</item>
<item>
	<title>[COLOR=white]Body Heat[/COLOR]</title>
	<meta>
	<imdb>tt0082089</imdb>
	<content>movie</content>
	<title>Body Heat</title>
	<year>1981</year>
	</meta>
	<link>
	<sublink>search</sublink>
	<sublink>searchsd</sublink>
	</link>
	<thumbnail>https://image.tmdb.org/t/p/w1280/zjKyX72bNa6aSXZUvQpB223zDBe.jpg</thumbnail>
	<fanart>https://image.tmdb.org/t/p/w1280/5SvUBG8WfrumTghUABbSaarY21p.jpg</fanart>
</item>
<item>
	<title>[COLOR=white]Bonnie and Clyde[/COLOR]</title>
	<meta>
	<imdb>tt0061418</imdb>
	<content>movie</content>
	<title>Bonnie and Clyde</title>
	<year>1967</year>
	</meta>
	<link>
	<sublink>search</sublink>
	<sublink>searchsd</sublink>
	</link>
	<thumbnail>https://image.tmdb.org/t/p/w1280/3tX1FJiXnk515NtRuF18PFC4CVy.jpg</thumbnail>
	<fanart>https://image.tmdb.org/t/p/w1280/lQPMBJ1rm9Qk0cHd1C1lAbJcXJj.jpg</fanart>
</item>
<item>
	<title>[COLOR=white]Braveheart[/COLOR]</title>
	<meta>
	<imdb>tt0112573</imdb>
	<content>movie</content>
	<title>Braveheart</title>
	<year>1995</year>
	</meta>
	<link>
	<sublink>search</sublink>
	<sublink>searchsd</sublink>
	</link>
	<thumbnail>https://image.tmdb.org/t/p/w1280/2qAgGeYdLjelOEqjW9FYvPHpplC.jpg</thumbnail>
	<fanart>https://image.tmdb.org/t/p/w1280/7A3uAcB6KAScHcFw0giptE1mhAZ.jpg</fanart>
</item>
<item>
	<title>[COLOR=white]Bullitt[/COLOR]</title>
	<meta>
	<imdb>tt0062765</imdb>
	<content>movie</content>
	<title>Bullitt</title>
	<year>1968</year>
	</meta>
	<link>
	<sublink>search</sublink>
	<sublink>searchsd</sublink>
	</link>
	<thumbnail>https://image.tmdb.org/t/p/w1280/oyhnoFu2oKQfAIdu9YU8I8Ne0pX.jpg</thumbnail>
	<fanart>https://image.tmdb.org/t/p/w1280/lS3pffg5eIZtnqa0OIHOoe0jdER.jpg</fanart>
</item>
<item>
	<title>[COLOR=white]Butch Cassidy and the Sundance Kid[/COLOR]</title>
	<meta>
	<imdb>tt0064115</imdb>
	<content>movie</content>
	<title>Butch Cassidy and the Sundance Kid</title>
	<year>1969</year>
	</meta>
	<link>
	<sublink>search</sublink>
	<sublink>searchsd</sublink>
	</link>
	<thumbnail>https://image.tmdb.org/t/p/w1280/nZy6tmGaL2xeWIho6ICoWwVfKSt.jpg</thumbnail>
	<fanart>https://image.tmdb.org/t/p/w1280/9l71hJurR6cGqyCnleKod5Dlg5L.jpg</fanart>
</item>
<item>
	<title>[COLOR=white]Cape Fear[/COLOR]</title>
	<meta>
	<imdb>tt0055824</imdb>
	<content>movie</content>
	<title>Cape Fear</title>
	<year>1962</year>
	</meta>
	<link>
	<sublink>search</sublink>
	<sublink>searchsd</sublink>
	</link>
	<thumbnail>https://image.tmdb.org/t/p/w1280/bLGWxwubaOinAkgqLKqFpAETKFl.jpg</thumbnail>
	<fanart>https://image.tmdb.org/t/p/w1280/v4rCibmdklWP92CZg4DLJggFfYH.jpg</fanart>
</item>
<item>
	<title>[COLOR=white]Carrie[/COLOR]</title>
	<meta>
	<imdb>tt0074285</imdb>
	<content>movie</content>
	<title>Carrie</title>
	<year>1976</year>
	</meta>
	<link>
	<sublink>search</sublink>
	<sublink>searchsd</sublink>
	</link>
	<thumbnail>https://image.tmdb.org/t/p/w1280/n9JxLthRHwTWwu5OjFHVplkVSUg.jpg</thumbnail>
	<fanart>https://image.tmdb.org/t/p/w1280/zwJFfKQdfiptK2GY6N8GkZFrAxJ.jpg</fanart>
</item>
<item>
	<title>[COLOR=white]Casablanca[/COLOR]</title>
	<meta>
	<imdb>tt0034583</imdb>
	<content>movie</content>
	<title>Casablanca</title>
	<year>1942</year>
	</meta>
	<link>
	<sublink>search</sublink>
	<sublink>searchsd</sublink>
	</link>
	<thumbnail>https://image.tmdb.org/t/p/w1280/9UViITBCKeLYWg8Wblbmb9l25mS.jpg</thumbnail>
	<fanart>https://image.tmdb.org/t/p/w1280/xRqsFFteJrvLHxswk78NzU7zOrU.jpg</fanart>
</item>
<item>
	<title>[COLOR=white]Chinatown[/COLOR]</title>
	<meta>
	<imdb>tt0071315</imdb>
	<content>movie</content>
	<title>Chinatown</title>
	<year>1974</year>
	</meta>
	<link>
	<sublink>search</sublink>
	<sublink>searchsd</sublink>
	</link>
	<thumbnail>https://image.tmdb.org/t/p/w1280/iIHO6FzF6lL4mA90rrmk3Y705XS.jpg</thumbnail>
	<fanart>https://image.tmdb.org/t/p/w1280/9UdSUcAVQQaffwbB0aDrbaMGsdQ.jpg</fanart>
</item>
<item>
	<title>[COLOR=white]Close Encounters of the Third Kind[/COLOR]</title>
	<meta>
	<imdb>tt0075860</imdb>
	<content>movie</content>
	<title>Close Encounters of the Third Kind</title>
	<year>1977</year>
	</meta>
	<link>
	<sublink>search</sublink>
	<sublink>searchsd</sublink>
	</link>
	<thumbnail>https://image.tmdb.org/t/p/w1280/3Av8ZPiMrxFq9XiOjZl0tkoq9Oo.jpg</thumbnail>
	<fanart>https://image.tmdb.org/t/p/w1280/ppixBaZwLr6dJF6mlWZoz2ALupR.jpg</fanart>
</item>
<item>
	<title>[COLOR=white]Deliverance[/COLOR]</title>
	<meta>
	<imdb>tt0068473</imdb>
	<content>movie</content>
	<title>Deliverance</title>
	<year>1972</year>
	</meta>
	<link>
	<sublink>search</sublink>
	<sublink>searchsd</sublink>
	</link>
	<thumbnail>https://image.tmdb.org/t/p/w1280/jJhO7qkasC3xBAS6fhLPWpUjGZb.jpg</thumbnail>
	<fanart>https://image.tmdb.org/t/p/w1280/1iE3vVXx3Q7sFlJbNvNYsGHZEvO.jpg</fanart>
</item>
<item>
	<title>[COLOR=white]Dial M for Murder[/COLOR]</title>
	<meta>
	<imdb>tt0046912</imdb>
	<content>movie</content>
	<title>Dial M for Murder</title>
	<year>1954</year>
	</meta>
	<link>
	<sublink>search</sublink>
	<sublink>searchsd</sublink>
	</link>
	<thumbnail>https://image.tmdb.org/t/p/w1280/xrpK1PyckNWmRxU4kZURfaCyboS.jpg</thumbnail>
	<fanart>https://image.tmdb.org/t/p/w1280/kmSrCmhF3mB15woqQ7z3Y4UGRwr.jpg</fanart>
</item>
<item>
	<title>[COLOR=white]Die Hard[/COLOR]</title>
	<meta>
	<imdb>tt0095016</imdb>
	<content>movie</content>
	<title>Die Hard</title>
	<year>1988</year>
	</meta>
	<link>
	<sublink>search</sublink>
	<sublink>searchsd</sublink>
	</link>
	<thumbnail>https://image.tmdb.org/t/p/w1280/mc7MubOLcIw3MDvnuQFrO9psfCa.jpg</thumbnail>
	<fanart>https://image.tmdb.org/t/p/w1280/q4NRgTyah0KfxXB0P4DBk0lJR7P.jpg</fanart>
</item>
<item>
	<title>[COLOR=white]Dirty Harry[/COLOR]</title>
	<meta>
	<imdb>tt0066999</imdb>
	<content>movie</content>
	<title>Dirty Harry</title>
	<year>1971</year>
	</meta>
	<link>
	<sublink>search</sublink>
	<sublink>searchsd</sublink>
	</link>
	<thumbnail>https://image.tmdb.org/t/p/w1280/2TADKc4GMMPdMrLXj0xJVgTvZJM.jpg</thumbnail>
	<fanart>https://image.tmdb.org/t/p/w1280/t3OZS8yMs0NL4YgWWc04eXHTn1X.jpg</fanart>
</item>
<item>
	<title>[COLOR=white]Dog Day Afternoon[/COLOR]</title>
	<meta>
	<imdb>tt0072890</imdb>
	<content>movie</content>
	<title>Dog Day Afternoon</title>
	<year>1975</year>
	</meta>
	<link>
	<sublink>search</sublink>
	<sublink>searchsd</sublink>
	</link>
	<thumbnail>https://image.tmdb.org/t/p/w1280/qgWuZ2yNJrclU8EldQG4rLhwMoy.jpg</thumbnail>
	<fanart>https://image.tmdb.org/t/p/w1280/gsnPjs2XTBhYDNFgnlsDgjuauDO.jpg</fanart>
</item>
<item>
	<title>[COLOR=white]Double Indemnity[/COLOR]</title>
	<meta>
	<imdb>tt0036775</imdb>
	<content>movie</content>
	<title>Double Indemnity</title>
	<year>1944</year>
	</meta>
	<link>
	<sublink>search</sublink>
	<sublink>searchsd</sublink>
	</link>
	<thumbnail>https://image.tmdb.org/t/p/w1280/nW0cCpfuGcR1JG7EinDbdL2Ijf2.jpg</thumbnail>
	<fanart>https://image.tmdb.org/t/p/w1280/uAaS8OjscvF6yQeSngt5DR64lGU.jpg</fanart>
</item>
<item>
	<title>[COLOR=white]Dracula[/COLOR]</title>
	<meta>
	<imdb>tt0021814</imdb>
	<content>movie</content>
	<title>Dracula</title>
	<year>1931</year>
	</meta>
	<link>
	<sublink>search</sublink>
	<sublink>searchsd</sublink>
	</link>
	<thumbnail>https://image.tmdb.org/t/p/w1280/hA9kQrIwDHJKl1pt8GpJdDnBzim.jpg</thumbnail>
	<fanart>https://image.tmdb.org/t/p/w1280/z70kyHZcUmwED1p6KXyMjLlxfto.jpg</fanart>
</item>
<item>
	<title>[COLOR=white]E.T. the Extra-Terrestrial[/COLOR]</title>
	<meta>
	<imdb>tt0083866</imdb>
	<content>movie</content>
	<title>E.T. the Extra-Terrestrial</title>
	<year>1982</year>
	</meta>
	<link>
	<sublink>search</sublink>
	<sublink>searchsd</sublink>
	</link>
	<thumbnail>https://image.tmdb.org/t/p/w1280/8htLKK03TJjKZOXJgihZCu8v0P.jpg</thumbnail>
	<fanart>https://image.tmdb.org/t/p/w1280/mXLVA0YL6tcXi6SJSuAh9ONXFj5.jpg</fanart>
</item>
<item>
	<title>[COLOR=white]Fatal Attraction[/COLOR]</title>
	<meta>
	<imdb>tt0093010</imdb>
	<content>movie</content>
	<title>Fatal Attraction</title>
	<year>1987</year>
	</meta>
	<link>
	<sublink>search</sublink>
	<sublink>searchsd</sublink>
	</link>
	<thumbnail>https://image.tmdb.org/t/p/w1280/qHditPFIFCbXJKGLTPzvIagg6XD.jpg</thumbnail>
	<fanart>https://image.tmdb.org/t/p/w1280/7Vza7sJBA4dJIUioxOtxky4S35m.jpg</fanart>
</item>
<item>
	<title>[COLOR=white]Frankenstein[/COLOR]</title>
	<meta>
	<imdb>tt0021884</imdb>
	<content>movie</content>
	<title>Frankenstein</title>
	<year>1931</year>
	</meta>
	<link>
	<sublink>search</sublink>
	<sublink>searchsd</sublink>
	</link>
	<thumbnail>https://image.tmdb.org/t/p/w1280/wB58wlBAr6484Wm6VyFDqSD8VOJ.jpg</thumbnail>
	<fanart>https://image.tmdb.org/t/p/w1280/vLojBih5aupQS6Q06wWF03D2ekg.jpg</fanart>
</item>
<item>
	<title>[COLOR=white]Full Metal Jacket[/COLOR]</title>
	<meta>
	<imdb>tt0093058</imdb>
	<content>movie</content>
	<title>Full Metal Jacket</title>
	<year>1987</year>
	</meta>
	<link>
	<sublink>search</sublink>
	<sublink>searchsd</sublink>
	</link>
	<thumbnail>https://image.tmdb.org/t/p/w1280/29veIwD38rVL2qY74emXQw4y25H.jpg</thumbnail>
	<fanart>https://image.tmdb.org/t/p/w1280/nfm6JCKUaM6dT0mATmShLY6cpmc.jpg</fanart>
</item>
<item>
	<title>[COLOR=white]Gaslight[/COLOR]</title>
	<meta>
	<imdb>tt0036855</imdb>
	<content>movie</content>
	<title>Gaslight</title>
	<year>1944</year>
	</meta>
	<link>
	<sublink>search</sublink>
	<sublink>searchsd</sublink>
	</link>
	<thumbnail>https://image.tmdb.org/t/p/w1280/fsgsiJky8bmOqhfcC4Bqzq5Ir1k.jpg</thumbnail>
	<fanart>https://image.tmdb.org/t/p/w1280/wOf4Jv4QVQzxsn6xWJL7a8HUdoL.jpg</fanart>
</item>
<item>
	<title>[COLOR=white]Goldfinger[/COLOR]</title>
	<meta>
	<imdb>tt0058150</imdb>
	<content>movie</content>
	<title>Goldfinger</title>
	<year>1964</year>
	</meta>
	<link>
	<sublink>search</sublink>
	<sublink>searchsd</sublink>
	</link>
	<thumbnail>https://image.tmdb.org/t/p/w1280/vBNbFU3OS6okJIQBOos1aZXpy2Z.jpg</thumbnail>
	<fanart>https://image.tmdb.org/t/p/w1280/iyD72nJFBGbEIrpQjzdhE3wFxPL.jpg</fanart>
</item>
<item>
	<title>[COLOR=white]Halloween[/COLOR]</title>
	<meta>
	<imdb>tt0077651</imdb>
	<content>movie</content>
	<title>Halloween</title>
	<year>1978</year>
	</meta>
	<link>
	<sublink>search</sublink>
	<sublink>searchsd</sublink>
	</link>
	<thumbnail>https://image.tmdb.org/t/p/w1280/vjoOFOTBJcJvA1weJejlZ92LZD4.jpg</thumbnail>
	<fanart>https://image.tmdb.org/t/p/w1280/6Io0gvfEVpMQsB46yXOKCpSJOoJ.jpg</fanart>
</item>
<item>
	<title>[COLOR=white]High Noon[/COLOR]</title>
	<meta>
	<imdb>tt0044706</imdb>
	<content>movie</content>
	<title>High Noon</title>
	<year>1952</year>
	</meta>
	<link>
	<sublink>search</sublink>
	<sublink>searchsd</sublink>
	</link>
	<thumbnail>https://image.tmdb.org/t/p/w1280/bc1x6kIO9oF30y3IMFuKMJV2uOj.jpg</thumbnail>
	<fanart>https://image.tmdb.org/t/p/w1280/6AH0BpiEaLz3NMTaBhqgHdA4YJ6.jpg</fanart>
</item>
<item>
	<title>[COLOR=white]Invasion of the Body Snatchers[/COLOR]</title>
	<meta>
	<imdb>tt0049366</imdb>
	<content>movie</content>
	<title>Invasion of the Body Snatchers</title>
	<year>1956</year>
	</meta>
	<link>
	<sublink>search</sublink>
	<sublink>searchsd</sublink>
	</link>
	<thumbnail>https://image.tmdb.org/t/p/w1280/4oj0G2Zr6tQKBDOzKaLuefdeBsG.jpg</thumbnail>
	<fanart>https://image.tmdb.org/t/p/w1280/eTxgy8eROB5Ly7ZXKLukQoF6tKl.jpg</fanart>
</item>
<item>
	<title>[COLOR=white]Jaws[/COLOR]</title>
	<meta>
	<imdb>tt0073195</imdb>
	<content>movie</content>
	<title>Jaws</title>
	<year>1975</year>
	</meta>
	<link>
	<sublink>search</sublink>
	<sublink>searchsd</sublink>
	</link>
	<thumbnail>https://image.tmdb.org/t/p/w1280/l1yltvzILaZcx2jYvc5sEMkM7Eh.jpg</thumbnail>
	<fanart>https://image.tmdb.org/t/p/w1280/uTVuKo6OTGiead1ncsfH2klqYHC.jpg</fanart>
</item>
<item>
	<title>[COLOR=white]Jurassic Park[/COLOR]</title>
	<meta>
	<imdb>tt0107290</imdb>
	<content>movie</content>
	<title>Jurassic Park</title>
	<year>1993</year>
	</meta>
	<link>
	<sublink>search</sublink>
	<sublink>searchsd</sublink>
	</link>
	<thumbnail>https://image.tmdb.org/t/p/w1280/c414cDeQ9b6qLPLeKmiJuLDUREJ.jpg</thumbnail>
	<fanart>https://image.tmdb.org/t/p/w1280/8LZ0r7r2SdJIApRvGo2k6CXHq8x.jpg</fanart>
</item>
<item>
	<title>[COLOR=white]King Kong[/COLOR]</title>
	<meta>
	<imdb>tt0024216</imdb>
	<content>movie</content>
	<title>King Kong</title>
	<year>1933</year>
	</meta>
	<link>
	<sublink>search</sublink>
	<sublink>searchsd</sublink>
	</link>
	<thumbnail>https://image.tmdb.org/t/p/w1280/vXInYahVp31uL8wZORckaoHq565.jpg</thumbnail>
	<fanart>https://image.tmdb.org/t/p/w1280/ke4r46wgmL1WUac1cOgjSsHLqwE.jpg</fanart>
</item>
<item>
	<title>[COLOR=white]Laura[/COLOR]</title>
	<meta>
	<imdb>tt0037008</imdb>
	<content>movie</content>
	<title>Laura</title>
	<year>1944</year>
	</meta>
	<link>
	<sublink>search</sublink>
	<sublink>searchsd</sublink>
	</link>
	<thumbnail>https://image.tmdb.org/t/p/w1280/utpUn9TdBIx6x2QX91YhYzFZxg1.jpg</thumbnail>
	<fanart>https://image.tmdb.org/t/p/w1280/rZJ20gFLsztneVJPRn2ockZO3uP.jpg</fanart>
</item>
<item>
	<title>[COLOR=white]Lawrence of Arabia[/COLOR]</title>
	<meta>
	<imdb>tt0056172</imdb>
	<content>movie</content>
	<title>Lawrence of Arabia</title>
	<year>1962</year>
	</meta>
	<link>
	<sublink>search</sublink>
	<sublink>searchsd</sublink>
	</link>
	<thumbnail>https://image.tmdb.org/t/p/w1280/j21UXCOq0EbV8EPTtmPn1CGePfB.jpg</thumbnail>
	<fanart>https://image.tmdb.org/t/p/w1280/lENerYvUcfl9GlolqA1emj5gb4k.jpg</fanart>
</item>
<item>
	<title>[COLOR=white]Marathon Man[/COLOR]</title>
	<meta>
	<imdb>tt0074860</imdb>
	<content>movie</content>
	<title>Marathon Man</title>
	<year>1976</year>
	</meta>
	<link>
	<sublink>search</sublink>
	<sublink>searchsd</sublink>
	</link>
	<thumbnail>https://image.tmdb.org/t/p/w1280/uPNgubSiri2yvBQRPtP77ViYjN.jpg</thumbnail>
	<fanart>https://image.tmdb.org/t/p/w1280/d90eG6WVgIIncfykkHPktX2Bi2M.jpg</fanart>
</item>
<item>
	<title>[COLOR=white]Night of the Living Dead[/COLOR]</title>
	<meta>
	<imdb>tt0063350</imdb>
	<content>movie</content>
	<title>Night of the Living Dead</title>
	<year>1968</year>
	</meta>
	<link>
	<sublink>search</sublink>
	<sublink>searchsd</sublink>
	</link>
	<thumbnail>https://image.tmdb.org/t/p/w1280/faPfcZ181gWmCoMbal7bAXFPFh9.jpg</thumbnail>
	<fanart>https://image.tmdb.org/t/p/w1280/jixekHe0lX093eZHUe5wqKM8SOR.jpg</fanart>
</item>
<item>
	<title>[COLOR=white]North by Northwest[/COLOR]</title>
	<meta>
	<imdb>tt0053125</imdb>
	<content>movie</content>
	<title>North by Northwest</title>
	<year>1959</year>
	</meta>
	<link>
	<sublink>search</sublink>
	<sublink>searchsd</sublink>
	</link>
	<thumbnail>https://image.tmdb.org/t/p/w1280/aNV789h3oHm2pTHK5Bdq5RuiumZ.jpg</thumbnail>
	<fanart>https://image.tmdb.org/t/p/w1280/AplR1QRswlXiM65GoifX8sDadME.jpg</fanart>
</item>
<item>
	<title>[COLOR=white]Notorious[/COLOR]</title>
	<meta>
	<imdb>tt0038787</imdb>
	<content>movie</content>
	<title>Notorious</title>
	<year>1946</year>
	</meta>
	<link>
	<sublink>search</sublink>
	<sublink>searchsd</sublink>
	</link>
	<thumbnail>https://image.tmdb.org/t/p/w1280/vcdSvOr5NcY6alt0kBqDQlFC3Nk.jpg</thumbnail>
	<fanart>https://image.tmdb.org/t/p/w1280/b8WFk5jSQNju3SGptSOREo51qmE.jpg</fanart>
</item>
<item>
	<title>[COLOR=white]Planet of the Apes[/COLOR]</title>
	<meta>
	<imdb>tt0063442</imdb>
	<content>movie</content>
	<title>Planet of the Apes</title>
	<year>1968</year>
	</meta>
	<link>
	<sublink>search</sublink>
	<sublink>searchsd</sublink>
	</link>
	<thumbnail>https://image.tmdb.org/t/p/w1280/fiWii3OCJhoSld3U3tUUr1AB6d7.jpg</thumbnail>
	<fanart>https://image.tmdb.org/t/p/w1280/u4s4b3xRz5gOHwzO2KneDqIl7Bf.jpg</fanart>
</item>
<item>
	<title>[COLOR=white]Platoon[/COLOR]</title>
	<meta>
	<imdb>tt0091763</imdb>
	<content>movie</content>
	<title>Platoon</title>
	<year>1986</year>
	</meta>
	<link>
	<sublink>search</sublink>
	<sublink>searchsd</sublink>
	</link>
	<thumbnail>https://image.tmdb.org/t/p/w1280/sYPOQI57JVNmjiLI3KeZ5KA8O9i.jpg</thumbnail>
	<fanart>https://image.tmdb.org/t/p/w1280/a9lSR1Lu7Tphl6lSLuxvKLfqWBC.jpg</fanart>
</item>
<item>
	<title>[COLOR=white]Poltergeist[/COLOR]</title>
	<meta>
	<imdb>tt0084516</imdb>
	<content>movie</content>
	<title>Poltergeist</title>
	<year>1982</year>
	</meta>
	<link>
	<sublink>search</sublink>
	<sublink>searchsd</sublink>
	</link>
	<thumbnail>https://image.tmdb.org/t/p/w1280/hKs6umpuLSgZhOiZI1pxpO0iVTQ.jpg</thumbnail>
	<fanart>https://image.tmdb.org/t/p/w1280/i998vFSbMKlLL5EfMVY1kvDDUuO.jpg</fanart>
</item>
<item>
	<title>[COLOR=white]Psycho[/COLOR]</title>
	<meta>
	<imdb>tt0054215</imdb>
	<content>movie</content>
	<title>Psycho</title>
	<year>1960</year>
	</meta>
	<link>
	<sublink>search</sublink>
	<sublink>searchsd</sublink>
	</link>
	<thumbnail>https://image.tmdb.org/t/p/w1280/81d8oyEFgj7FlxJqSDXWr8JH8kV.jpg</thumbnail>
	<fanart>https://image.tmdb.org/t/p/w1280/3md49VBCeqY6MSNyAVY6d5eC6bA.jpg</fanart>
</item>
<item>
	<title>[COLOR=white]Pulp Fiction[/COLOR]</title>
	<meta>
	<imdb>tt0110912</imdb>
	<content>movie</content>
	<title>Pulp Fiction</title>
	<year>1994</year>
	</meta>
	<link>
	<sublink>search</sublink>
	<sublink>searchsd</sublink>
	</link>
	<thumbnail>https://image.tmdb.org/t/p/w1280/dM2w364MScsjFf8pfMbaWUcWrR.jpg</thumbnail>
	<fanart>https://image.tmdb.org/t/p/w1280/4cDFJr4HnXN5AdPw4AKrmLlMWdO.jpg</fanart>
</item>
<item>
	<title>[COLOR=white]Raging Bull[/COLOR]</title>
	<meta>
	<imdb>tt0081398</imdb>
	<content>movie</content>
	<title>Raging Bull</title>
	<year>1980</year>
	</meta>
	<link>
	<sublink>search</sublink>
	<sublink>searchsd</sublink>
	</link>
	<thumbnail>https://image.tmdb.org/t/p/w1280/3cgzzWsUOBlNjmA5m4qs9BGkezC.jpg</thumbnail>
	<fanart>https://image.tmdb.org/t/p/w1280/yt88nEyDJLN8gOg1FTvCcXCM672.jpg</fanart>
</item>
<item>
	<title>[COLOR=white]Raiders of the Lost Ark[/COLOR]</title>
	<meta>
	<imdb>tt0082971</imdb>
	<content>movie</content>
	<title>Raiders of the Lost Ark</title>
	<year>1981</year>
	</meta>
	<link>
	<sublink>search</sublink>
	<sublink>searchsd</sublink>
	</link>
	<thumbnail>https://image.tmdb.org/t/p/w1280/44sKJOGP3fTm4QXBcIuqu0RkdP7.jpg</thumbnail>
	<fanart>https://image.tmdb.org/t/p/w1280/1TxaXNobCO3fhcgYUfLHj6CkEFP.jpg</fanart>
</item>
<item>
	<title>[COLOR=white]Rear Window[/COLOR]</title>
	<meta>
	<imdb>tt0047396</imdb>
	<content>movie</content>
	<title>Rear Window</title>
	<year>1954</year>
	</meta>
	<link>
	<sublink>search</sublink>
	<sublink>searchsd</sublink>
	</link>
	<thumbnail>https://image.tmdb.org/t/p/w1280/oXbT7vlLmZ76kWoHe5XJYuyJUgp.jpg</thumbnail>
	<fanart>https://image.tmdb.org/t/p/w1280/8hknli2ljweYPkdEgl33vtJBf2U.jpg</fanart>
</item>
<item>
	<title>[COLOR=white]Rebecca[/COLOR]</title>
	<meta>
	<imdb>tt0032976</imdb>
	<content>movie</content>
	<title>Rebecca</title>
	<year>1940</year>
	</meta>
	<link>
	<sublink>search</sublink>
	<sublink>searchsd</sublink>
	</link>
	<thumbnail>https://image.tmdb.org/t/p/w1280/3Gla0nxHboX3nxQzaU4SoqOtTjh.jpg</thumbnail>
	<fanart>https://image.tmdb.org/t/p/w1280/ao0OWpQPMy3lagLwksWyciO6Iaj.jpg</fanart>
</item>
<item>
	<title>[COLOR=white]Rocky[/COLOR]</title>
	<meta>
	<imdb>tt0075148</imdb>
	<content>movie</content>
	<title>Rocky</title>
	<year>1976</year>
	</meta>
	<link>
	<sublink>search</sublink>
	<sublink>searchsd</sublink>
	</link>
	<thumbnail>https://image.tmdb.org/t/p/w1280/9TUR3s1PMJHwDRbpm7PWQ0S7IRy.jpg</thumbnail>
	<fanart>https://image.tmdb.org/t/p/w1280/2kkyt0FLROrXt41IgSdE7goCFNQ.jpg</fanart>
</item>
<item>
	<title>[COLOR=white]Rosemary's Baby[/COLOR]</title>
	<meta>
	<imdb>tt0063522</imdb>
	<content>movie</content>
	<title>Rosemary's Baby</title>
	<year>1968</year>
	</meta>
	<link>
	<sublink>search</sublink>
	<sublink>searchsd</sublink>
	</link>
	<thumbnail>https://image.tmdb.org/t/p/w1280/kqA1pt9ovovArgJZi2Lu4Unf6He.jpg</thumbnail>
	<fanart>https://image.tmdb.org/t/p/w1280/3THF7D3uPqhV6k7iKsr2EyjqVPK.jpg</fanart>
</item>
<item>
	<title>[COLOR=white]Safety Last![/COLOR]</title>
	<meta>
	<imdb>tt0014429</imdb>
	<content>movie</content>
	<title>Safety Last!</title>
	<year>1923</year>
	</meta>
	<link>
	<sublink>search</sublink>
	<sublink>searchsd</sublink>
	</link>
	<thumbnail>https://image.tmdb.org/t/p/w1280/U8FVAaJvYJwjGZe34hIjj8AqvX.jpg</thumbnail>
	<fanart>https://image.tmdb.org/t/p/w1280/i3RzSYQt5kj2n39Gv16xv9v9wkc.jpg</fanart>
</item>
<item>
	<title>[COLOR=white]Saving Private Ryan[/COLOR]</title>
	<meta>
	<imdb>tt0120815</imdb>
	<content>movie</content>
	<title>Saving Private Ryan</title>
	<year>1998</year>
	</meta>
	<link>
	<sublink>search</sublink>
	<sublink>searchsd</sublink>
	</link>
	<thumbnail>https://image.tmdb.org/t/p/w1280/miDoEMlYDJhOCvxlzI0wZqBs9Yt.jpg</thumbnail>
	<fanart>https://image.tmdb.org/t/p/w1280/gRtLcCQOpYUI9ThdVzi4VUP8QO3.jpg</fanart>
</item>
<item>
	<title>[COLOR=white]Spartacus[/COLOR]</title>
	<meta>
	<imdb>tt0054331</imdb>
	<content>movie</content>
	<title>Spartacus</title>
	<year>1960</year>
	</meta>
	<link>
	<sublink>search</sublink>
	<sublink>searchsd</sublink>
	</link>
	<thumbnail>https://image.tmdb.org/t/p/w1280/hpICDCTdMIpcqEeNa0k3rcedw2B.jpg</thumbnail>
	<fanart>https://image.tmdb.org/t/p/w1280/aheSIG4h3JNxWeDvdb1NxKzgjaM.jpg</fanart>
</item>
<item>
	<title>[COLOR=white]Speed[/COLOR]</title>
	<meta>
	<imdb>tt0111257</imdb>
	<content>movie</content>
	<title>Speed</title>
	<year>1994</year>
	</meta>
	<link>
	<sublink>search</sublink>
	<sublink>searchsd</sublink>
	</link>
	<thumbnail>https://image.tmdb.org/t/p/w1280/u5ZqizbcZ0RZhVqmu8lSU4SARBT.jpg</thumbnail>
	<fanart>https://image.tmdb.org/t/p/w1280/pGVpDc6MgLRtOYdxsA5fhj1SZki.jpg</fanart>
</item>
<item>
	<title>[COLOR=white]Star Wars[/COLOR]</title>
	<meta>
	<imdb>tt0076759</imdb>
	<content>movie</content>
	<title>Star Wars</title>
	<year>1977</year>
	</meta>
	<link>
	<sublink>search</sublink>
	<sublink>searchsd</sublink>
	</link>
	<thumbnail>https://image.tmdb.org/t/p/w1280/btTdmkgIvOi0FFip1sPuZI2oQG6.jpg</thumbnail>
	<fanart>https://image.tmdb.org/t/p/w1280/4iJfYYoQzZcONB9hNzg0J0wWyPH.jpg</fanart>
</item>
<item>
	<title>[COLOR=white]Strangers on a Train[/COLOR]</title>
	<meta>
	<imdb>tt0044079</imdb>
	<content>movie</content>
	<title>Strangers on a Train</title>
	<year>1951</year>
	</meta>
	<link>
	<sublink>search</sublink>
	<sublink>searchsd</sublink>
	</link>
	<thumbnail>https://image.tmdb.org/t/p/w1280/ihC083U7ef56Ui4x0P0dobojrZ1.jpg</thumbnail>
	<fanart>https://image.tmdb.org/t/p/w1280/3DL6BmslkyGHm70HXFNUwoYYIjb.jpg</fanart>
</item>
<item>
	<title>[COLOR=white]Taxi Driver[/COLOR]</title>
	<meta>
	<imdb>tt0075314</imdb>
	<content>movie</content>
	<title>Taxi Driver</title>
	<year>1976</year>
	</meta>
	<link>
	<sublink>search</sublink>
	<sublink>searchsd</sublink>
	</link>
	<thumbnail>https://image.tmdb.org/t/p/w1280/ekstpH614fwDX8DUln1a2Opz0N8.jpg</thumbnail>
	<fanart>https://image.tmdb.org/t/p/w1280/hjmJKAVoZ3n2KWbKgasbfdugwhu.jpg</fanart>
</item>
<item>
	<title>[COLOR=white]Terminator 2: Judgment Day[/COLOR]</title>
	<meta>
	<imdb>tt0103064</imdb>
	<content>movie</content>
	<title>Terminator 2: Judgment Day</title>
	<year>1991</year>
	</meta>
	<link>
	<sublink>search</sublink>
	<sublink>searchsd</sublink>
	</link>
	<thumbnail>https://image.tmdb.org/t/p/w1280/2y4dmgWYRMYXdD1UyJVcn2HSd1D.jpg</thumbnail>
	<fanart>https://image.tmdb.org/t/p/w1280/d9AqtruwS8nljKjL5aYzM42hQJr.jpg</fanart>
</item>
<item>
	<title>[COLOR=white]The Adventures of Robin Hood[/COLOR]</title>
	<meta>
	<imdb>tt0029843</imdb>
	<content>movie</content>
	<title>The Adventures of Robin Hood</title>
	<year>1938</year>
	</meta>
	<link>
	<sublink>search</sublink>
	<sublink>searchsd</sublink>
	</link>
	<thumbnail>https://image.tmdb.org/t/p/w1280/lEx5IKjqwYS7PcGnIXivYaDMzQr.jpg</thumbnail>
	<fanart>https://image.tmdb.org/t/p/w1280/giTWuKvrwRa57CLFV6QsL1BzHBb.jpg</fanart>
</item>
<item>
	<title>[COLOR=white]The Birds[/COLOR]</title>
	<meta>
	<imdb>tt0056869</imdb>
	<content>movie</content>
	<title>The Birds</title>
	<year>1963</year>
	</meta>
	<link>
	<sublink>search</sublink>
	<sublink>searchsd</sublink>
	</link>
	<thumbnail>https://image.tmdb.org/t/p/w1280/z0iYrJ6GsAMP3abOha7uGMuc5kZ.jpg</thumbnail>
	<fanart>https://image.tmdb.org/t/p/w1280/oHrTL0iTwLJMKbx2T3R5L5DPSyz.jpg</fanart>
</item>
<item>
	<title>[COLOR=white]The Bridge on the River Kwai[/COLOR]</title>
	<meta>
	<imdb>tt0050212</imdb>
	<content>movie</content>
	<title>The Bridge on the River Kwai</title>
	<year>1957</year>
	</meta>
	<link>
	<sublink>search</sublink>
	<sublink>searchsd</sublink>
	</link>
	<thumbnail>https://image.tmdb.org/t/p/w1280/vtPR6tSHeu35rF6qTDw3Yjr9eDg.jpg</thumbnail>
	<fanart>https://image.tmdb.org/t/p/w1280/d23XXntJrVwNENvdriJdqlW1ae6.jpg</fanart>
</item>
<item>
	<title>[COLOR=white]The China Syndrome[/COLOR]</title>
	<meta>
	<imdb>tt0078966</imdb>
	<content>movie</content>
	<title>The China Syndrome</title>
	<year>1979</year>
	</meta>
	<link>
	<sublink>search</sublink>
	<sublink>searchsd</sublink>
	</link>
	<thumbnail>https://image.tmdb.org/t/p/w1280/u0tbxqq0krtGMWnuycmikHPQ22Z.jpg</thumbnail>
	<fanart>https://image.tmdb.org/t/p/w1280/glzMRaDf6aBEwNkkR9Z0jmrYYbW.jpg</fanart>
</item>
<item>
	<title>[COLOR=white]The Day the Earth Stood Still[/COLOR]</title>
	<meta>
	<imdb>tt0043456</imdb>
	<content>movie</content>
	<title>The Day the Earth Stood Still</title>
	<year>1951</year>
	</meta>
	<link>
	<sublink>search</sublink>
	<sublink>searchsd</sublink>
	</link>
	<thumbnail>https://image.tmdb.org/t/p/w1280/x2DquTpLTq54aPFDnqlwY7apCC3.jpg</thumbnail>
	<fanart>https://image.tmdb.org/t/p/w1280/uExEupzfV7Ffau0H98aefUU0zcG.jpg</fanart>
</item>
<item>
	<title>[COLOR=white]The Deer Hunter[/COLOR]</title>
	<meta>
	<imdb>tt0077416</imdb>
	<content>movie</content>
	<title>The Deer Hunter</title>
	<year>1978</year>
	</meta>
	<link>
	<sublink>search</sublink>
	<sublink>searchsd</sublink>
	</link>
	<thumbnail>https://image.tmdb.org/t/p/w1280/slNJESItHPqp1CENEJQUPw8d7WE.jpg</thumbnail>
	<fanart>https://image.tmdb.org/t/p/w1280/kzRUFR2FiITeP9LMPe8j2zrC7Xv.jpg</fanart>
</item>
<item>
	<title>[COLOR=white]The Dirty Dozen[/COLOR]</title>
	<meta>
	<imdb>tt0061578</imdb>
	<content>movie</content>
	<title>The Dirty Dozen</title>
	<year>1967</year>
	</meta>
	<link>
	<sublink>search</sublink>
	<sublink>searchsd</sublink>
	</link>
	<thumbnail>https://image.tmdb.org/t/p/w1280/2PKazVY2F2GhRfQyErq8QWiq0Au.jpg</thumbnail>
	<fanart>https://image.tmdb.org/t/p/w1280/hJ6JHtIdFbwjp0IRNT7oUlweWst.jpg</fanart>
</item>
<item>
	<title>[COLOR=white]The Exorcist[/COLOR]</title>
	<meta>
	<imdb>tt0070047</imdb>
	<content>movie</content>
	<title>The Exorcist</title>
	<year>1973</year>
	</meta>
	<link>
	<sublink>search</sublink>
	<sublink>searchsd</sublink>
	</link>
	<thumbnail>https://image.tmdb.org/t/p/w1280/4ucLGcXVVSVnsfkGtbLY4XAius8.jpg</thumbnail>
	<fanart>https://image.tmdb.org/t/p/w1280/unBJ0rZsL2kzs11FliadlDyv6ji.jpg</fanart>
</item>
<item>
	<title>[COLOR=white]The French Connection[/COLOR]</title>
	<meta>
	<imdb>tt0067116</imdb>
	<content>movie</content>
	<title>The French Connection</title>
	<year>1971</year>
	</meta>
	<link>
	<sublink>search</sublink>
	<sublink>searchsd</sublink>
	</link>
	<thumbnail>https://image.tmdb.org/t/p/w1280/xwDi4wF0I1L5bSW08Y8GocDGjJP.jpg</thumbnail>
	<fanart>https://image.tmdb.org/t/p/w1280/hPlzjKzbO8KuCerm1lOxDtUjlHD.jpg</fanart>
</item>
<item>
	<title>[COLOR=white]The Fugitive[/COLOR]</title>
	<meta>
	<imdb>tt0106977</imdb>
	<content>movie</content>
	<title>The Fugitive</title>
	<year>1993</year>
	</meta>
	<link>
	<sublink>search</sublink>
	<sublink>searchsd</sublink>
	</link>
	<thumbnail>https://image.tmdb.org/t/p/w1280/3gzLGFBoJM1xlNk0Ulzp0cJ6uPp.jpg</thumbnail>
	<fanart>https://image.tmdb.org/t/p/w1280/cOUjIHKPcuASbr9qWPo59al4tgP.jpg</fanart>
</item>
<item>
	<title>[COLOR=white]The Godfather[/COLOR]</title>
	<meta>
	<imdb>tt0068646</imdb>
	<content>movie</content>
	<title>The Godfather</title>
	<year>1972</year>
	</meta>
	<link>
	<sublink>search</sublink>
	<sublink>searchsd</sublink>
	</link>
	<thumbnail>https://image.tmdb.org/t/p/w1280/rPdtLWNsZmAtoZl9PK7S2wE3qiS.jpg</thumbnail>
	<fanart>https://image.tmdb.org/t/p/w1280/6xKCYgH16UuwEGAyroLU6p8HLIn.jpg</fanart>
</item>
<item>
	<title>[COLOR=white]The Great Escape[/COLOR]</title>
	<meta>
	<imdb>tt0057115</imdb>
	<content>movie</content>
	<title>The Great Escape</title>
	<year>1963</year>
	</meta>
	<link>
	<sublink>search</sublink>
	<sublink>searchsd</sublink>
	</link>
	<thumbnail>https://image.tmdb.org/t/p/w1280/qhy4HgUqhEbwQ1ekKTv7yEB3b0e.jpg</thumbnail>
	<fanart>https://image.tmdb.org/t/p/w1280/ubbZeZzxccUDVwSo1E98XYcUFvt.jpg</fanart>
</item>
<item>
	<title>[COLOR=white]The Guns of Navarone[/COLOR]</title>
	<meta>
	<imdb>tt0054953</imdb>
	<content>movie</content>
	<title>The Guns of Navarone</title>
	<year>1961</year>
	</meta>
	<link>
	<sublink>search</sublink>
	<sublink>searchsd</sublink>
	</link>
	<thumbnail>https://image.tmdb.org/t/p/w1280/2NleZFjJqPlWmuyivp1d6vcLQGK.jpg</thumbnail>
	<fanart>https://image.tmdb.org/t/p/w1280/oSUAezCAa2dXbkJblUqJQwcKVKK.jpg</fanart>
</item>
<item>
	<title>[COLOR=white]The Magnificent Seven[/COLOR]</title>
	<meta>
	<imdb>tt0054047</imdb>
	<content>movie</content>
	<title>The Magnificent Seven</title>
	<year>1960</year>
	</meta>
	<link>
	<sublink>search</sublink>
	<sublink>searchsd</sublink>
	</link>
	<thumbnail>https://image.tmdb.org/t/p/w1280/7w3JmmyL8GpBvW6BusQfQCSm2h0.jpg</thumbnail>
	<fanart>https://image.tmdb.org/t/p/w1280/oRSocDAAADYnCkI4jiUeRnlCnwG.jpg</fanart>
</item>
<item>
	<title>[COLOR=white]The Maltese Falcon[/COLOR]</title>
	<meta>
	<imdb>tt0033870</imdb>
	<content>movie</content>
	<title>The Maltese Falcon</title>
	<year>1941</year>
	</meta>
	<link>
	<sublink>search</sublink>
	<sublink>searchsd</sublink>
	</link>
	<thumbnail>https://image.tmdb.org/t/p/w1280/bf4o6Uzw5wqLjdKwRuiDrN1xyvl.jpg</thumbnail>
	<fanart>https://image.tmdb.org/t/p/w1280/hQGUl6rlAfUFifCLb9bukpJH42P.jpg</fanart>
</item>
<item>
	<title>[COLOR=white]The Manchurian Candidate[/COLOR]</title>
	<meta>
	<imdb>tt0056218</imdb>
	<content>movie</content>
	<title>The Manchurian Candidate</title>
	<year>1962</year>
	</meta>
	<link>
	<sublink>search</sublink>
	<sublink>searchsd</sublink>
	</link>
	<thumbnail>https://image.tmdb.org/t/p/w1280/1a6krdQr17aaA0Q3yS5LNVtxYvf.jpg</thumbnail>
	<fanart>https://image.tmdb.org/t/p/w1280/b2Mc40eCIb9Z55X7lbHGT2TsI9m.jpg</fanart>
</item>
<item>
	<title>[COLOR=white]The Matrix[/COLOR]</title>
	<meta>
	<imdb>tt0133093</imdb>
	<content>movie</content>
	<title>The Matrix</title>
	<year>1999</year>
	</meta>
	<link>
	<sublink>search</sublink>
	<sublink>searchsd</sublink>
	</link>
	<thumbnail>https://image.tmdb.org/t/p/w1280/hEpWvX6Bp79eLxY1kX5ZZJcme5U.jpg</thumbnail>
	<fanart>https://image.tmdb.org/t/p/w1280/7u3pxc0K1wx32IleAkLv78MKgrw.jpg</fanart>
</item>
<item>
	<title>[COLOR=white]The Night of the Hunter[/COLOR]</title>
	<meta>
	<imdb>tt0048424</imdb>
	<content>movie</content>
	<title>The Night of the Hunter</title>
	<year>1955</year>
	</meta>
	<link>
	<sublink>search</sublink>
	<sublink>searchsd</sublink>
	</link>
	<thumbnail>https://image.tmdb.org/t/p/w1280/brECyRPAWJS1clF0unAC3MtERMA.jpg</thumbnail>
	<fanart>https://image.tmdb.org/t/p/w1280/2bBGFSrnTg1AFhjHoczbfPnb9D4.jpg</fanart>
</item>
<item>
	<title>[COLOR=white]The Omen[/COLOR]</title>
	<meta>
	<imdb>tt0075005</imdb>
	<content>movie</content>
	<title>The Omen</title>
	<year>1976</year>
	</meta>
	<link>
	<sublink>search</sublink>
	<sublink>searchsd</sublink>
	</link>
	<thumbnail>https://image.tmdb.org/t/p/w1280/uY14zS4Sm2DdvFXeczFKgLgkQUP.jpg</thumbnail>
	<fanart>https://image.tmdb.org/t/p/w1280/zme4RH7DVdRSGrTk7bNvcGGywAW.jpg</fanart>
</item>
<item>
	<title>[COLOR=white]The Phantom of the Opera[/COLOR]</title>
	<meta>
	<imdb>tt0016220</imdb>
	<content>movie</content>
	<title>The Phantom of the Opera</title>
	<year>1925</year>
	</meta>
	<link>
	<sublink>search</sublink>
	<sublink>searchsd</sublink>
	</link>
	<thumbnail>https://image.tmdb.org/t/p/w1280/itfhSxbIgsan85iY1NrquIx7qxo.jpg</thumbnail>
	<fanart>https://image.tmdb.org/t/p/w1280/uIuXPCouZsebqJY5tWgmkM87pWV.jpg</fanart>
</item>
<item>
	<title>[COLOR=white]The Picture of Dorian Gray[/COLOR]</title>
	<meta>
	<imdb>tt0037988</imdb>
	<content>movie</content>
	<title>The Picture of Dorian Gray</title>
	<year>1945</year>
	</meta>
	<link>
	<sublink>search</sublink>
	<sublink>searchsd</sublink>
	</link>
	<thumbnail>https://image.tmdb.org/t/p/w1280/un1j6SEvHHN12qamyRlB6AaxXi9.jpg</thumbnail>
	<fanart>https://image.tmdb.org/t/p/w1280/temiAzBvmbtnoryNW8oYTgErLPi.jpg</fanart>
</item>
<item>
	<title>[COLOR=white]The Poseidon Adventure[/COLOR]</title>
	<meta>
	<imdb>tt0069113</imdb>
	<content>movie</content>
	<title>The Poseidon Adventure</title>
	<year>1972</year>
	</meta>
	<link>
	<sublink>search</sublink>
	<sublink>searchsd</sublink>
	</link>
	<thumbnail>https://image.tmdb.org/t/p/w1280/o7mRqnYg3YJNXxHUWa0TeSzR84d.jpg</thumbnail>
	<fanart>https://image.tmdb.org/t/p/w1280/xwEtJVliloiuICXoyqjyTZM9qRc.jpg</fanart>
</item>
<item>
	<title>[COLOR=white]The Shining[/COLOR]</title>
	<meta>
	<imdb>tt0081505</imdb>
	<content>movie</content>
	<title>The Shining</title>
	<year>1980</year>
	</meta>
	<link>
	<sublink>search</sublink>
	<sublink>searchsd</sublink>
	</link>
	<thumbnail>https://image.tmdb.org/t/p/w1280/9fgh3Ns1iRzlQNYuJyK0ARQZU7w.jpg</thumbnail>
	<fanart>https://image.tmdb.org/t/p/w1280/h4DcDCOkQBENWBJZjNlPv3adQfM.jpg</fanart>
</item>
<item>
	<title>[COLOR=white]The Silence of the Lambs[/COLOR]</title>
	<meta>
	<imdb>tt0102926</imdb>
	<content>movie</content>
	<title>The Silence of the Lambs</title>
	<year>1991</year>
	</meta>
	<link>
	<sublink>search</sublink>
	<sublink>searchsd</sublink>
	</link>
	<thumbnail>https://image.tmdb.org/t/p/w1280/qjAyTj2BSth1EQ89vNfo0JYVPFN.jpg</thumbnail>
	<fanart>https://image.tmdb.org/t/p/w1280/pzmrKXQgL7GEZvigD6W1bUEzXJN.jpg</fanart>
</item>
<item>
	<title>[COLOR=white]The Sixth Sense[/COLOR]</title>
	<meta>
	<imdb>tt0167404</imdb>
	<content>movie</content>
	<title>The Sixth Sense</title>
	<year>1999</year>
	</meta>
	<link>
	<sublink>search</sublink>
	<sublink>searchsd</sublink>
	</link>
	<thumbnail>https://image.tmdb.org/t/p/w1280/imps263dHNe3SuoaAJORZyNTdDT.jpg</thumbnail>
	<fanart>https://image.tmdb.org/t/p/w1280/y67X8DSDEAVcfo9aqX6yipsTsrX.jpg</fanart>
</item>
<item>
	<title>[COLOR=white]The Terminator[/COLOR]</title>
	<meta>
	<imdb>tt0088247</imdb>
	<content>movie</content>
	<title>The Terminator</title>
	<year>1984</year>
	</meta>
	<link>
	<sublink>search</sublink>
	<sublink>searchsd</sublink>
	</link>
	<thumbnail>https://image.tmdb.org/t/p/w1280/q8ffBuxQlYOHrvPniLgCbmKK4Lv.jpg</thumbnail>
	<fanart>https://image.tmdb.org/t/p/w1280/6yFoLNQgFdVbA8TZMdfgVpszOla.jpg</fanart>
</item>
<item>
	<title>[COLOR=white]The Thing from Another World[/COLOR]</title>
	<meta>
	<imdb>tt0044121</imdb>
	<content>movie</content>
	<title>The Thing from Another World</title>
	<year>1951</year>
	</meta>
	<link>
	<sublink>search</sublink>
	<sublink>searchsd</sublink>
	</link>
	<thumbnail>https://image.tmdb.org/t/p/w1280/jb4gPm7A5nKikStVu5IiRw3vqzd.jpg</thumbnail>
	<fanart>https://image.tmdb.org/t/p/w1280/716xVRm6LzJYLj7kXAgYsKt3A55.jpg</fanart>
</item>
<item>
	<title>[COLOR=white]The Third Man[/COLOR]</title>
	<meta>
	<imdb>tt0041959</imdb>
	<content>movie</content>
	<title>The Third Man</title>
	<year>1949</year>
	</meta>
	<link>
	<sublink>search</sublink>
	<sublink>searchsd</sublink>
	</link>
	<thumbnail>https://image.tmdb.org/t/p/w1280/rO2Fq0AZZx9obs52KJdx4mRE8p5.jpg</thumbnail>
	<fanart>https://image.tmdb.org/t/p/w1280/lrIuSWdC1LfKJZUnBX6axJxzZGe.jpg</fanart>
</item>
<item>
	<title>[COLOR=white]The Treasure of the Sierra Madre[/COLOR]</title>
	<meta>
	<imdb>tt0040897</imdb>
	<content>movie</content>
	<title>The Treasure of the Sierra Madre</title>
	<year>1948</year>
	</meta>
	<link>
	<sublink>search</sublink>
	<sublink>searchsd</sublink>
	</link>
	<thumbnail>https://image.tmdb.org/t/p/w1280/qvExr87oqKHvNiFRK5VqDoZrS5D.jpg</thumbnail>
	<fanart>https://image.tmdb.org/t/p/w1280/dDuNQNUdVMSKeEOwvuicc7m83IL.jpg</fanart>
</item>
<item>
	<title>[COLOR=white]The Wild Bunch[/COLOR]</title>
	<meta>
	<imdb>tt0065214</imdb>
	<content>movie</content>
	<title>The Wild Bunch</title>
	<year>1969</year>
	</meta>
	<link>
	<sublink>search</sublink>
	<sublink>searchsd</sublink>
	</link>
	<thumbnail>https://image.tmdb.org/t/p/w1280/zZhp7p8qvfVrSLKpOFHcKjpEj8f.jpg</thumbnail>
	<fanart>https://image.tmdb.org/t/p/w1280/5cU4aQsBVCAnDarJHGYmi6RRRGC.jpg</fanart>
</item>
<item>
	<title>[COLOR=white]The Wizard of Oz[/COLOR]</title>
	<meta>
	<imdb>tt0032138</imdb>
	<content>movie</content>
	<title>The Wizard of Oz</title>
	<year>1939</year>
	</meta>
	<link>
	<sublink>search</sublink>
	<sublink>searchsd</sublink>
	</link>
	<thumbnail>https://image.tmdb.org/t/p/w1280/tKEHoKPZv3af0Pn3poaOLHOJ6NM.jpg</thumbnail>
	<fanart>https://image.tmdb.org/t/p/w1280/pU2hNUkFAiq6HC8vUhnpRVcvH4G.jpg</fanart>
</item>
<item>
	<title>[COLOR=white]Thelma & Louise[/COLOR]</title>
	<meta>
	<imdb>tt0103074</imdb>
	<content>movie</content>
	<title>Thelma & Louise</title>
	<year>1991</year>
	</meta>
	<link>
	<sublink>search</sublink>
	<sublink>searchsd</sublink>
	</link>
	<thumbnail>https://image.tmdb.org/t/p/w1280/pnzuLoE52EiTfjfqRex2uTkH7LB.jpg</thumbnail>
	<fanart>https://image.tmdb.org/t/p/w1280/9X0Ebv8wWOH7OlWmJOc5iucqkBm.jpg</fanart>
</item>
<item>
	<title>[COLOR=white]Titanic[/COLOR]</title>
	<meta>
	<imdb>tt0120338</imdb>
	<content>movie</content>
	<title>Titanic</title>
	<year>1997</year>
	</meta>
	<link>
	<sublink>search</sublink>
	<sublink>searchsd</sublink>
	</link>
	<thumbnail>https://image.tmdb.org/t/p/w1280/kHXEpyfl6zqn8a6YuozZUujufXf.jpg</thumbnail>
	<fanart>https://image.tmdb.org/t/p/w1280/vFUI5obFtx4IdhP6k8Om5ezHTrk.jpg</fanart>
</item>
<item>
	<title>[COLOR=white]Touch of Evil[/COLOR]</title>
	<meta>
	<imdb>tt0052311</imdb>
	<content>movie</content>
	<title>Touch of Evil</title>
	<year>1958</year>
	</meta>
	<link>
	<sublink>search</sublink>
	<sublink>searchsd</sublink>
	</link>
	<thumbnail>https://image.tmdb.org/t/p/w1280/zWfkZmmGpM67HWB9sxzo3B09TWj.jpg</thumbnail>
	<fanart>https://image.tmdb.org/t/p/w1280/pIWTZLpLfryQj4NrCY4ElI8Sk24.jpg</fanart>
</item>
<item>
	<title>[COLOR=white]Vertigo[/COLOR]</title>
	<meta>
	<imdb>tt0052357</imdb>
	<content>movie</content>
	<title>Vertigo</title>
	<year>1958</year>
	</meta>
	<link>
	<sublink>search</sublink>
	<sublink>searchsd</sublink>
	</link>
	<thumbnail>https://image.tmdb.org/t/p/w1280/obhM86qyv8RsE69XSMTtT9FdE0b.jpg</thumbnail>
	<fanart>https://image.tmdb.org/t/p/w1280/pkq8oE7siR9pvjZULET47XBz6Hc.jpg</fanart>
</item>
<item>
	<title>[COLOR=white]Wait Until Dark[/COLOR]</title>
	<meta>
	<imdb>tt0062467</imdb>
	<content>movie</content>
	<title>Wait Until Dark</title>
	<year>1967</year>
	</meta>
	<link>
	<sublink>search</sublink>
	<sublink>searchsd</sublink>
	</link>
	<thumbnail>https://image.tmdb.org/t/p/w1280/m44YjHFnLkExI8fiCriJyMqkkpu.jpg</thumbnail>
	<fanart>https://image.tmdb.org/t/p/w1280/vXYcUDIPZCfEyglzCvGdB63ATHR.jpg</fanart>
</item>
<item>
	<title>[COLOR=white]What Ever Happened to Baby Jane?[/COLOR]</title>
	<meta>
	<imdb>tt0056687</imdb>
	<content>movie</content>
	<title>What Ever Happened to Baby Jane?</title>
	<year>1962</year>
	</meta>
	<link>
	<sublink>search</sublink>
	<sublink>searchsd</sublink>
	</link>
	<thumbnail>https://image.tmdb.org/t/p/w1280/t2hPlHc2pFweBqQgrsNfSLNIv1j.jpg</thumbnail>
	<fanart>https://image.tmdb.org/t/p/w1280/yAVNjGQPkrp2wJ0mIbpHbpPTG4k.jpg</fanart>
</item>
