<item>
	<title>[COLOR=white]12 Years a Slave[/COLOR]</title>
	<meta>
	<imdb>tt2024544</imdb>
	<content>movie</content>
	<title>12 Years a Slave</title>
	<year>2013</year>
	</meta>
	<link>
	<sublink>search</sublink>
	<sublink>searchsd</sublink>
	</link>
	<thumbnail>https://image.tmdb.org/t/p/w1280/kb3X943WMIJYVg4SOAyK0pmWL5D.jpg</thumbnail>
	<fanart>https://image.tmdb.org/t/p/w1280/xnRPoFI7wzOYviw3PmoG94X2Lnc.jpg</fanart>
</item>
<item>
	<title>[COLOR=white]A Beautiful Mind[/COLOR]</title>
	<meta>
	<imdb>tt0268978</imdb>
	<content>movie</content>
	<title>A Beautiful Mind</title>
	<year>2001</year>
	</meta>
	<link>
	<sublink>search</sublink>
	<sublink>searchsd</sublink>
	</link>
	<thumbnail>https://image.tmdb.org/t/p/w1280/hGBgv2Ir3t1wMP1Xp5CAQXArkV9.jpg</thumbnail>
	<fanart>https://image.tmdb.org/t/p/w1280/9PwUQZDHGPKsgbnoBl1Ah9zXWjk.jpg</fanart>
</item>
<item>
	<title>[COLOR=white]A Man for All Seasons[/COLOR]</title>
	<meta>
	<imdb>tt0060665</imdb>
	<content>movie</content>
	<title>A Man for All Seasons</title>
	<year>1966</year>
	</meta>
	<link>
	<sublink>search</sublink>
	<sublink>searchsd</sublink>
	</link>
	<thumbnail>https://image.tmdb.org/t/p/w1280/mLFfDCdSH6wetMIIbG08hg51PbD.jpg</thumbnail>
	<fanart>https://image.tmdb.org/t/p/w1280/ivssZ1NdLhovWIEUgi9wN69dR3s.jpg</fanart>
</item>
<item>
	<title>[COLOR=white]A Place in the Sun[/COLOR]</title>
	<meta>
	<imdb>tt0043924</imdb>
	<content>movie</content>
	<title>A Place in the Sun</title>
	<year>1951</year>
	</meta>
	<link>
	<sublink>search</sublink>
	<sublink>searchsd</sublink>
	</link>
	<thumbnail>https://image.tmdb.org/t/p/w1280/xoqplyswv7UTZFHVbcXSHe8tZWD.jpg</thumbnail>
	<fanart>https://image.tmdb.org/t/p/w1280/8QPhicQEUxTGAa3L9ZqLEKkT1lf.jpg</fanart>
</item>
<item>
	<title>[COLOR=white]Amadeus[/COLOR]</title>
	<meta>
	<imdb>tt0086879</imdb>
	<content>movie</content>
	<title>Amadeus</title>
	<year>1984</year>
	</meta>
	<link>
	<sublink>search</sublink>
	<sublink>searchsd</sublink>
	</link>
	<thumbnail>https://image.tmdb.org/t/p/w1280/flnoqdC38mbaulAeptjynOFO7yi.jpg</thumbnail>
	<fanart>https://image.tmdb.org/t/p/w1280/sHsPEij3nojL34xcnaLdnuKEfmH.jpg</fanart>
</item>
<item>
	<title>[COLOR=white]American Beauty[/COLOR]</title>
	<meta>
	<imdb>tt0169547</imdb>
	<content>movie</content>
	<title>American Beauty</title>
	<year>1999</year>
	</meta>
	<link>
	<sublink>search</sublink>
	<sublink>searchsd</sublink>
	</link>
	<thumbnail>https://image.tmdb.org/t/p/w1280/or1MP8BZIAjqWYxPdPX724ydKar.jpg</thumbnail>
	<fanart>https://image.tmdb.org/t/p/w1280/z5J18ByLeOZ68iORfMXmxeFuwyL.jpg</fanart>
</item>
<item>
	<title>[COLOR=white]Anne of the Thousand Days[/COLOR]</title>
	<meta>
	<imdb>tt0064030</imdb>
	<content>movie</content>
	<title>Anne of the Thousand Days</title>
	<year>1969</year>
	</meta>
	<link>
	<sublink>search</sublink>
	<sublink>searchsd</sublink>
	</link>
	<thumbnail>https://image.tmdb.org/t/p/w1280/s3l8nUklueouBrYA0lkv1P1wL9.jpg</thumbnail>
	<fanart>https://image.tmdb.org/t/p/w1280/r2kmJtC4aAZwMRbAjKdU6ortFF7.jpg</fanart>
</item>
<item>
	<title>[COLOR=white]Argo[/COLOR]</title>
	<meta>
	<imdb>tt1024648</imdb>
	<content>movie</content>
	<title>Argo</title>
	<year>2012</year>
	</meta>
	<link>
	<sublink>search</sublink>
	<sublink>searchsd</sublink>
	</link>
	<thumbnail>https://image.tmdb.org/t/p/w1280/oai3xLBQHpIh18VJdRCcL7D0Yg0.jpg</thumbnail>
	<fanart>https://image.tmdb.org/t/p/w1280/iVk4mVKwNE66JbBcoDwcYFvuUXM.jpg</fanart>
</item>
<item>
	<title>[COLOR=white]Around the World in Eighty Days[/COLOR]</title>
	<meta>
	<imdb>tt0048960</imdb>
	<content>movie</content>
	<title>Around the World in Eighty Days</title>
	<year>1956</year>
	</meta>
	<link>
	<sublink>search</sublink>
	<sublink>searchsd</sublink>
	</link>
	<thumbnail>https://image.tmdb.org/t/p/w1280/2vLu9eVefJ6WK3OJnlLQQE4lSw5.jpg</thumbnail>
	<fanart>https://image.tmdb.org/t/p/w1280/j5fzoN8D4lSuFaSyNPWU76ZNTLk.jpg</fanart>
</item>
<item>
	<title>[COLOR=white]Atonement[/COLOR]</title>
	<meta>
	<imdb>tt0783233</imdb>
	<content>movie</content>
	<title>Atonement</title>
	<year>2007</year>
	</meta>
	<link>
	<sublink>search</sublink>
	<sublink>searchsd</sublink>
	</link>
	<thumbnail>https://image.tmdb.org/t/p/w1280/quaWuwYZd8IbZMCOhW3CZEvyCWJ.jpg</thumbnail>
	<fanart>https://image.tmdb.org/t/p/w1280/6WZFwJOKyitCqWkIj52HB34wddU.jpg</fanart>
</item>
<item>
	<title>[COLOR=white]Avatar[/COLOR]</title>
	<meta>
	<imdb>tt0499549</imdb>
	<content>movie</content>
	<title>Avatar</title>
	<year>2009</year>
	</meta>
	<link>
	<sublink>search</sublink>
	<sublink>searchsd</sublink>
	</link>
	<thumbnail>https://image.tmdb.org/t/p/w1280/kmcqlZGaSh20zpTbuoF0Cdn07dT.jpg</thumbnail>
	<fanart>https://image.tmdb.org/t/p/w1280/5XPPB44RQGfkBrbJxmtdndKz05n.jpg</fanart>
</item>
<item>
	<title>[COLOR=white]Babel[/COLOR]</title>
	<meta>
	<imdb>tt0449467</imdb>
	<content>movie</content>
	<title>Babel</title>
	<year>2006</year>
	</meta>
	<link>
	<sublink>search</sublink>
	<sublink>searchsd</sublink>
	</link>
	<thumbnail>https://image.tmdb.org/t/p/w1280/fxneN0EQZwTfAfhTGUvUuIn6PLi.jpg</thumbnail>
	<fanart>https://image.tmdb.org/t/p/w1280/uHx9E9xqSgOBoRvL4shmMNu8Ojc.jpg</fanart>
</item>
<item>
	<title>[COLOR=white]Becket[/COLOR]</title>
	<meta>
	<imdb>tt0057877</imdb>
	<content>movie</content>
	<title>Becket</title>
	<year>1964</year>
	</meta>
	<link>
	<sublink>search</sublink>
	<sublink>searchsd</sublink>
	</link>
	<thumbnail>https://image.tmdb.org/t/p/w1280/nqhmrB8WhGrH8PWkOx7RZ5bQKr0.jpg</thumbnail>
	<fanart>https://image.tmdb.org/t/p/w1280/qLNsJfwVvzuBnne3wP2Tq1dcmWE.jpg</fanart>
</item>
<item>
	<title>[COLOR=white]Ben-Hur[/COLOR]</title>
	<meta>
	<imdb>tt0052618</imdb>
	<content>movie</content>
	<title>Ben-Hur</title>
	<year>1959</year>
	</meta>
	<link>
	<sublink>search</sublink>
	<sublink>searchsd</sublink>
	</link>
	<thumbnail>https://image.tmdb.org/t/p/w1280/m4WQ1dBIrEIHZNCoAjdpxwSKWyH.jpg</thumbnail>
	<fanart>https://image.tmdb.org/t/p/w1280/uOQPSUGG3ZHiDg9ecN8irQNZ4T1.jpg</fanart>
</item>
<item>
	<title>[COLOR=white]Born on the Fourth of July[/COLOR]</title>
	<meta>
	<imdb>tt0096969</imdb>
	<content>movie</content>
	<title>Born on the Fourth of July</title>
	<year>1989</year>
	</meta>
	<link>
	<sublink>search</sublink>
	<sublink>searchsd</sublink>
	</link>
	<thumbnail>https://image.tmdb.org/t/p/w1280/iAUSzQNpxf9fX1EvhNbeguo6aVA.jpg</thumbnail>
	<fanart>https://image.tmdb.org/t/p/w1280/t9MrNY0xM9U5JSe5vHN9z08UYty.jpg</fanart>
</item>
<item>
	<title>[COLOR=white]Brokeback Mountain[/COLOR]</title>
	<meta>
	<imdb>tt0388795</imdb>
	<content>movie</content>
	<title>Brokeback Mountain</title>
	<year>2005</year>
	</meta>
	<link>
	<sublink>search</sublink>
	<sublink>searchsd</sublink>
	</link>
	<thumbnail>https://image.tmdb.org/t/p/w1280/z2DqVxj17aW6xpimRlCLfhKSfUm.jpg</thumbnail>
	<fanart>https://image.tmdb.org/t/p/w1280/4BMel8xxSed1pCkPSGc9R3jsUtC.jpg</fanart>
</item>
<item>
	<title>[COLOR=white]Bugsy[/COLOR]</title>
	<meta>
	<imdb>tt0101516</imdb>
	<content>movie</content>
	<title>Bugsy</title>
	<year>1991</year>
	</meta>
	<link>
	<sublink>search</sublink>
	<sublink>searchsd</sublink>
	</link>
	<thumbnail>https://image.tmdb.org/t/p/w1280/5G74G5xwovCa6V3FoLxQHkrNViR.jpg</thumbnail>
	<fanart>https://image.tmdb.org/t/p/w1280/qLM2O2YUtLxhjWUub91PG5ovDZ2.jpg</fanart>
</item>
<item>
	<title>[COLOR=white]Chinatown[/COLOR]</title>
	<meta>
	<imdb>tt0071315</imdb>
	<content>movie</content>
	<title>Chinatown</title>
	<year>1974</year>
	</meta>
	<link>
	<sublink>search</sublink>
	<sublink>searchsd</sublink>
	</link>
	<thumbnail>https://image.tmdb.org/t/p/w1280/iIHO6FzF6lL4mA90rrmk3Y705XS.jpg</thumbnail>
	<fanart>https://image.tmdb.org/t/p/w1280/9UdSUcAVQQaffwbB0aDrbaMGsdQ.jpg</fanart>
</item>
<item>
	<title>[COLOR=white]Dances with Wolves[/COLOR]</title>
	<meta>
	<imdb>tt0099348</imdb>
	<content>movie</content>
	<title>Dances with Wolves</title>
	<year>1990</year>
	</meta>
	<link>
	<sublink>search</sublink>
	<sublink>searchsd</sublink>
	</link>
	<thumbnail>https://image.tmdb.org/t/p/w1280/uzMI1WbliKbXbjvdiDKnwb2ndsG.jpg</thumbnail>
	<fanart>https://image.tmdb.org/t/p/w1280/gkW2RMlwl4kqaMIDjaAE73rAPpZ.jpg</fanart>
</item>
<item>
	<title>[COLOR=white]Doctor Zhivago[/COLOR]</title>
	<meta>
	<imdb>tt0059113</imdb>
	<content>movie</content>
	<title>Doctor Zhivago</title>
	<year>1965</year>
	</meta>
	<link>
	<sublink>search</sublink>
	<sublink>searchsd</sublink>
	</link>
	<thumbnail>https://image.tmdb.org/t/p/w1280/lP1Mn1sQ9FiSNovCyZonhKjjkRM.jpg</thumbnail>
	<fanart>https://image.tmdb.org/t/p/w1280/evAe6OMQgRkrVWxjLktYy1tIARW.jpg</fanart>
</item>
<item>
	<title>[COLOR=white]E.T. the Extra-Terrestrial[/COLOR]</title>
	<meta>
	<imdb>tt0083866</imdb>
	<content>movie</content>
	<title>E.T. the Extra-Terrestrial</title>
	<year>1982</year>
	</meta>
	<link>
	<sublink>search</sublink>
	<sublink>searchsd</sublink>
	</link>
	<thumbnail>https://image.tmdb.org/t/p/w1280/8htLKK03TJjKZOXJgihZCu8v0P.jpg</thumbnail>
	<fanart>https://image.tmdb.org/t/p/w1280/mXLVA0YL6tcXi6SJSuAh9ONXFj5.jpg</fanart>
</item>
<item>
	<title>[COLOR=white]East of Eden[/COLOR]</title>
	<meta>
	<imdb>tt0048028</imdb>
	<content>movie</content>
	<title>East of Eden</title>
	<year>1955</year>
	</meta>
	<link>
	<sublink>search</sublink>
	<sublink>searchsd</sublink>
	</link>
	<thumbnail>https://image.tmdb.org/t/p/w1280/hjH1uLOySpzgBdm1UQYjTV5yLav.jpg</thumbnail>
	<fanart>https://image.tmdb.org/t/p/w1280/u7i1XtbOubq0xwRy2Zbgmox6g9W.jpg</fanart>
</item>
<item>
	<title>[COLOR=white]Forrest Gump[/COLOR]</title>
	<meta>
	<imdb>tt0109830</imdb>
	<content>movie</content>
	<title>Forrest Gump</title>
	<year>1994</year>
	</meta>
	<link>
	<sublink>search</sublink>
	<sublink>searchsd</sublink>
	</link>
	<thumbnail>https://image.tmdb.org/t/p/w1280/yE5d3BUhE8hCnkMUJOo1QDoOGNz.jpg</thumbnail>
	<fanart>https://image.tmdb.org/t/p/w1280/7c9UVPPiTPltouxRVY6N9uugaVA.jpg</fanart>
</item>
<item>
	<title>[COLOR=white]Gladiator[/COLOR]</title>
	<meta>
	<imdb>tt0172495</imdb>
	<content>movie</content>
	<title>Gladiator</title>
	<year>2000</year>
	</meta>
	<link>
	<sublink>search</sublink>
	<sublink>searchsd</sublink>
	</link>
	<thumbnail>https://image.tmdb.org/t/p/w1280/6WBIzCgmDCYrqh64yDREGeDk9d3.jpg</thumbnail>
	<fanart>https://image.tmdb.org/t/p/w1280/5vZw7ltCKI0JiOYTtRxaIC3DX0e.jpg</fanart>
</item>
<item>
	<title>[COLOR=white]In the Heat of the Night[/COLOR]</title>
	<meta>
	<imdb>tt0061811</imdb>
	<content>movie</content>
	<title>In the Heat of the Night</title>
	<year>1967</year>
	</meta>
	<link>
	<sublink>search</sublink>
	<sublink>searchsd</sublink>
	</link>
	<thumbnail>https://image.tmdb.org/t/p/w1280/cC3kyApHMNSfvsF67421L5IiTbc.jpg</thumbnail>
	<fanart>https://image.tmdb.org/t/p/w1280/nXBR8MS7v8V1i0yjHrmpLieaKHe.jpg</fanart>
</item>
<item>
	<title>[COLOR=white]Kramer vs. Kramer[/COLOR]</title>
	<meta>
	<imdb>tt0079417</imdb>
	<content>movie</content>
	<title>Kramer vs. Kramer</title>
	<year>1979</year>
	</meta>
	<link>
	<sublink>search</sublink>
	<sublink>searchsd</sublink>
	</link>
	<thumbnail>https://image.tmdb.org/t/p/w1280/oyYtH37h8rLUxlERoD49losVvlg.jpg</thumbnail>
	<fanart>https://image.tmdb.org/t/p/w1280/aE33zDunu8FTj76IXqJmHVbcRWg.jpg</fanart>
</item>
<item>
	<title>[COLOR=white]Lawrence of Arabia[/COLOR]</title>
	<meta>
	<imdb>tt0056172</imdb>
	<content>movie</content>
	<title>Lawrence of Arabia</title>
	<year>1962</year>
	</meta>
	<link>
	<sublink>search</sublink>
	<sublink>searchsd</sublink>
	</link>
	<thumbnail>https://image.tmdb.org/t/p/w1280/j21UXCOq0EbV8EPTtmPn1CGePfB.jpg</thumbnail>
	<fanart>https://image.tmdb.org/t/p/w1280/lENerYvUcfl9GlolqA1emj5gb4k.jpg</fanart>
</item>
<item>
	<title>[COLOR=white]Love Story[/COLOR]</title>
	<meta>
	<imdb>tt0066011</imdb>
	<content>movie</content>
	<title>Love Story</title>
	<year>1970</year>
	</meta>
	<link>
	<sublink>search</sublink>
	<sublink>searchsd</sublink>
	</link>
	<thumbnail>https://image.tmdb.org/t/p/w1280/tf09URLRpdTM67LP86xDik6W5ej.jpg</thumbnail>
	<fanart>https://image.tmdb.org/t/p/w1280/x04WbAV89ye9vv02Oz5CEtkyttV.jpg</fanart>
</item>
<item>
	<title>[COLOR=white]Midnight Express[/COLOR]</title>
	<meta>
	<imdb>tt0077928</imdb>
	<content>movie</content>
	<title>Midnight Express</title>
	<year>1978</year>
	</meta>
	<link>
	<sublink>search</sublink>
	<sublink>searchsd</sublink>
	</link>
	<thumbnail>https://image.tmdb.org/t/p/w1280/afgAGwV1WXjMoooUzaSnw7XAvhj.jpg</thumbnail>
	<fanart>https://image.tmdb.org/t/p/w1280/7lsnS82c1RXklfZUpLxiVd2HdR1.jpg</fanart>
</item>
<item>
	<title>[COLOR=white]On Golden Pond[/COLOR]</title>
	<meta>
	<imdb>tt0082846</imdb>
	<content>movie</content>
	<title>On Golden Pond</title>
	<year>1981</year>
	</meta>
	<link>
	<sublink>search</sublink>
	<sublink>searchsd</sublink>
	</link>
	<thumbnail>https://image.tmdb.org/t/p/w1280/h88NQA1slcXmdmUKBjyymAEV8sS.jpg</thumbnail>
	<fanart>https://image.tmdb.org/t/p/w1280/5iU8AVqS4vAD8YPdofPm3ZXYPMr.jpg</fanart>
</item>
<item>
	<title>[COLOR=white]On the Waterfront[/COLOR]</title>
	<meta>
	<imdb>tt0047296</imdb>
	<content>movie</content>
	<title>On the Waterfront</title>
	<year>1954</year>
	</meta>
	<link>
	<sublink>search</sublink>
	<sublink>searchsd</sublink>
	</link>
	<thumbnail>https://image.tmdb.org/t/p/w1280/2AKM5RxGoerG5v1x4TWu36MDxqT.jpg</thumbnail>
	<fanart>https://image.tmdb.org/t/p/w1280/zXp2ydvhO9qGzpIsb1CWeKnn5yg.jpg</fanart>
</item>
<item>
	<title>[COLOR=white]One Flew Over the Cuckoo's Nest[/COLOR]</title>
	<meta>
	<imdb>tt0073486</imdb>
	<content>movie</content>
	<title>One Flew Over the Cuckoo's Nest</title>
	<year>1975</year>
	</meta>
	<link>
	<sublink>search</sublink>
	<sublink>searchsd</sublink>
	</link>
	<thumbnail>https://image.tmdb.org/t/p/w1280/2Sns5oMb356JNdBHgBETjIpRYy9.jpg</thumbnail>
	<fanart>https://image.tmdb.org/t/p/w1280/4E7YQcwui0PfNXguf4V2X8YocPC.jpg</fanart>
</item>
<item>
	<title>[COLOR=white]Ordinary People[/COLOR]</title>
	<meta>
	<imdb>tt0081283</imdb>
	<content>movie</content>
	<title>Ordinary People</title>
	<year>1980</year>
	</meta>
	<link>
	<sublink>search</sublink>
	<sublink>searchsd</sublink>
	</link>
	<thumbnail>https://image.tmdb.org/t/p/w1280/fxXvhczta3Pqy04JoHRfyhXuyo6.jpg</thumbnail>
	<fanart>https://image.tmdb.org/t/p/w1280/6WBpCqYLC4YwWyovvWAhnvRkMof.jpg</fanart>
</item>
<item>
	<title>[COLOR=white]Out of Africa[/COLOR]</title>
	<meta>
	<imdb>tt0089755</imdb>
	<content>movie</content>
	<title>Out of Africa</title>
	<year>1985</year>
	</meta>
	<link>
	<sublink>search</sublink>
	<sublink>searchsd</sublink>
	</link>
	<thumbnail>https://image.tmdb.org/t/p/w1280/gYNfg38sM4aSpxfC8gPkwg5UZHN.jpg</thumbnail>
	<fanart>https://image.tmdb.org/t/p/w1280/uMPrCi5DA0kuIeZGjoE7FPGqETW.jpg</fanart>
</item>
<item>
	<title>[COLOR=white]Platoon[/COLOR]</title>
	<meta>
	<imdb>tt0091763</imdb>
	<content>movie</content>
	<title>Platoon</title>
	<year>1986</year>
	</meta>
	<link>
	<sublink>search</sublink>
	<sublink>searchsd</sublink>
	</link>
	<thumbnail>https://image.tmdb.org/t/p/w1280/sYPOQI57JVNmjiLI3KeZ5KA8O9i.jpg</thumbnail>
	<fanart>https://image.tmdb.org/t/p/w1280/a9lSR1Lu7Tphl6lSLuxvKLfqWBC.jpg</fanart>
</item>
<item>
	<title>[COLOR=white]Rain Man[/COLOR]</title>
	<meta>
	<imdb>tt0095953</imdb>
	<content>movie</content>
	<title>Rain Man</title>
	<year>1988</year>
	</meta>
	<link>
	<sublink>search</sublink>
	<sublink>searchsd</sublink>
	</link>
	<thumbnail>https://image.tmdb.org/t/p/w1280/vllKYkA7eYi2UMM9yWQ1JegefBh.jpg</thumbnail>
	<fanart>https://image.tmdb.org/t/p/w1280/eZ4Aj1O6E95Mk5O9oKKdvfnSWzf.jpg</fanart>
</item>
<item>
	<title>[COLOR=white]Rocky[/COLOR]</title>
	<meta>
	<imdb>tt0075148</imdb>
	<content>movie</content>
	<title>Rocky</title>
	<year>1976</year>
	</meta>
	<link>
	<sublink>search</sublink>
	<sublink>searchsd</sublink>
	</link>
	<thumbnail>https://image.tmdb.org/t/p/w1280/9TUR3s1PMJHwDRbpm7PWQ0S7IRy.jpg</thumbnail>
	<fanart>https://image.tmdb.org/t/p/w1280/2kkyt0FLROrXt41IgSdE7goCFNQ.jpg</fanart>
</item>
<item>
	<title>[COLOR=white]Saving Private Ryan[/COLOR]</title>
	<meta>
	<imdb>tt0120815</imdb>
	<content>movie</content>
	<title>Saving Private Ryan</title>
	<year>1998</year>
	</meta>
	<link>
	<sublink>search</sublink>
	<sublink>searchsd</sublink>
	</link>
	<thumbnail>https://image.tmdb.org/t/p/w1280/miDoEMlYDJhOCvxlzI0wZqBs9Yt.jpg</thumbnail>
	<fanart>https://image.tmdb.org/t/p/w1280/gRtLcCQOpYUI9ThdVzi4VUP8QO3.jpg</fanart>
</item>
<item>
	<title>[COLOR=white]Scent of a Woman[/COLOR]</title>
	<meta>
	<imdb>tt0105323</imdb>
	<content>movie</content>
	<title>Scent of a Woman</title>
	<year>1992</year>
	</meta>
	<link>
	<sublink>search</sublink>
	<sublink>searchsd</sublink>
	</link>
	<thumbnail>https://image.tmdb.org/t/p/w1280/22m6tUzIYxXs5cjyl7KJJPULlMT.jpg</thumbnail>
	<fanart>https://image.tmdb.org/t/p/w1280/xDw3Yz797LSBGSxSrzBFEsP3Px4.jpg</fanart>
</item>
<item>
	<title>[COLOR=white]Schindler's List[/COLOR]</title>
	<meta>
	<imdb>tt0108052</imdb>
	<content>movie</content>
	<title>Schindler's List</title>
	<year>1993</year>
	</meta>
	<link>
	<sublink>search</sublink>
	<sublink>searchsd</sublink>
	</link>
	<thumbnail>https://image.tmdb.org/t/p/w1280/yPisjyLweCl1tbgwgtzBCNCBle.jpg</thumbnail>
	<fanart>https://image.tmdb.org/t/p/w1280/cTNYRUTXkBgPH3wP3kmPUB5U6dA.jpg</fanart>
</item>
<item>
	<title>[COLOR=white]Sense and Sensibility[/COLOR]</title>
	<meta>
	<imdb>tt0114388</imdb>
	<content>movie</content>
	<title>Sense and Sensibility</title>
	<year>1995</year>
	</meta>
	<link>
	<sublink>search</sublink>
	<sublink>searchsd</sublink>
	</link>
	<thumbnail>https://image.tmdb.org/t/p/w1280/1ryNXjmwdCTqLXxXCG9BGvZyMOH.jpg</thumbnail>
	<fanart>https://image.tmdb.org/t/p/w1280/ocn3pLKJjYmXIP2331pUNC33f5M.jpg</fanart>
</item>
<item>
	<title>[COLOR=white]Slumdog Millionaire[/COLOR]</title>
	<meta>
	<imdb>tt1010048</imdb>
	<content>movie</content>
	<title>Slumdog Millionaire</title>
	<year>2008</year>
	</meta>
	<link>
	<sublink>search</sublink>
	<sublink>searchsd</sublink>
	</link>
	<thumbnail>https://image.tmdb.org/t/p/w1280/9zknVczWOLhTKnT9nbX2IOCHtZn.jpg</thumbnail>
	<fanart>https://image.tmdb.org/t/p/w1280/aIv7WnkxMWsswEpaeRuNbC32D9d.jpg</fanart>
</item>
<item>
	<title>[COLOR=white]Spartacus[/COLOR]</title>
	<meta>
	<imdb>tt0054331</imdb>
	<content>movie</content>
	<title>Spartacus</title>
	<year>1960</year>
	</meta>
	<link>
	<sublink>search</sublink>
	<sublink>searchsd</sublink>
	</link>
	<thumbnail>https://image.tmdb.org/t/p/w1280/hpICDCTdMIpcqEeNa0k3rcedw2B.jpg</thumbnail>
	<fanart>https://image.tmdb.org/t/p/w1280/aheSIG4h3JNxWeDvdb1NxKzgjaM.jpg</fanart>
</item>
<item>
	<title>[COLOR=white]Terms of Endearment[/COLOR]</title>
	<meta>
	<imdb>tt0086425</imdb>
	<content>movie</content>
	<title>Terms of Endearment</title>
	<year>1983</year>
	</meta>
	<link>
	<sublink>search</sublink>
	<sublink>searchsd</sublink>
	</link>
	<thumbnail>https://image.tmdb.org/t/p/w1280/6CRrKmRs3SIgHGeCXZKH7P9ol1b.jpg</thumbnail>
	<fanart>https://image.tmdb.org/t/p/w1280/8jOZrHAbHmMtcZOhFeJDtwzylRs.jpg</fanart>
</item>
<item>
	<title>[COLOR=white]The Aviator[/COLOR]</title>
	<meta>
	<imdb>tt0338751</imdb>
	<content>movie</content>
	<title>The Aviator</title>
	<year>2004</year>
	</meta>
	<link>
	<sublink>search</sublink>
	<sublink>searchsd</sublink>
	</link>
	<thumbnail>https://image.tmdb.org/t/p/w1280/3MKBQgIHI5DPVNvryiTesskS5mf.jpg</thumbnail>
	<fanart>https://image.tmdb.org/t/p/w1280/uYusKBIK023fGZm5QycSpcfYbR4.jpg</fanart>
</item>
<item>
	<title>[COLOR=white]The Bridge on the River Kwai[/COLOR]</title>
	<meta>
	<imdb>tt0050212</imdb>
	<content>movie</content>
	<title>The Bridge on the River Kwai</title>
	<year>1957</year>
	</meta>
	<link>
	<sublink>search</sublink>
	<sublink>searchsd</sublink>
	</link>
	<thumbnail>https://image.tmdb.org/t/p/w1280/vtPR6tSHeu35rF6qTDw3Yjr9eDg.jpg</thumbnail>
	<fanart>https://image.tmdb.org/t/p/w1280/d23XXntJrVwNENvdriJdqlW1ae6.jpg</fanart>
</item>
<item>
	<title>[COLOR=white]The Cardinal[/COLOR]</title>
	<meta>
	<imdb>tt0056907</imdb>
	<content>movie</content>
	<title>The Cardinal</title>
	<year>1963</year>
	</meta>
	<link>
	<sublink>search</sublink>
	<sublink>searchsd</sublink>
	</link>
	<thumbnail>https://image.tmdb.org/t/p/w1280/9wDyBfqEP27uOxnbvXtmfBFcSzO.jpg</thumbnail>
	<fanart>https://image.tmdb.org/t/p/w1280/aZCIx8JSlCKSQu9gIeDOOA2j4NL.jpg</fanart>
</item>
<item>
	<title>[COLOR=white]The Defiant Ones[/COLOR]</title>
	<meta>
	<imdb>tt0051525</imdb>
	<content>movie</content>
	<title>The Defiant Ones</title>
	<year>1958</year>
	</meta>
	<link>
	<sublink>search</sublink>
	<sublink>searchsd</sublink>
	</link>
	<thumbnail>https://image.tmdb.org/t/p/w1280/noGRVbpAvIYc2fo7zxYwn86QDM.jpg</thumbnail>
	<fanart>https://image.tmdb.org/t/p/w1280/hi8wG7BCzlDqqVXRcTozxjHG1SH.jpg</fanart>
</item>
<item>
	<title>[COLOR=white]The Descendants[/COLOR]</title>
	<meta>
	<imdb>tt1033575</imdb>
	<content>movie</content>
	<title>The Descendants</title>
	<year>2011</year>
	</meta>
	<link>
	<sublink>search</sublink>
	<sublink>searchsd</sublink>
	</link>
	<thumbnail>https://image.tmdb.org/t/p/w1280/5lpBvuPNaPiOpitehczWmJgf6wb.jpg</thumbnail>
	<fanart>https://image.tmdb.org/t/p/w1280/hqz7LxiEATVXgJZMWIHsnbLLAI5.jpg</fanart>
</item>
<item>
	<title>[COLOR=white]The English Patient[/COLOR]</title>
	<meta>
	<imdb>tt0116209</imdb>
	<content>movie</content>
	<title>The English Patient</title>
	<year>1996</year>
	</meta>
	<link>
	<sublink>search</sublink>
	<sublink>searchsd</sublink>
	</link>
	<thumbnail>https://image.tmdb.org/t/p/w1280/e9BwE91dAFBzEAo9VO3ZtLGQls0.jpg</thumbnail>
	<fanart>https://image.tmdb.org/t/p/w1280/vhYPNslhcyL8PIRgLRWX6odr4RP.jpg</fanart>
</item>
<item>
	<title>[COLOR=white]The Exorcist[/COLOR]</title>
	<meta>
	<imdb>tt0070047</imdb>
	<content>movie</content>
	<title>The Exorcist</title>
	<year>1973</year>
	</meta>
	<link>
	<sublink>search</sublink>
	<sublink>searchsd</sublink>
	</link>
	<thumbnail>https://image.tmdb.org/t/p/w1280/4ucLGcXVVSVnsfkGtbLY4XAius8.jpg</thumbnail>
	<fanart>https://image.tmdb.org/t/p/w1280/unBJ0rZsL2kzs11FliadlDyv6ji.jpg</fanart>
</item>
<item>
	<title>[COLOR=white]The French Connection[/COLOR]</title>
	<meta>
	<imdb>tt0067116</imdb>
	<content>movie</content>
	<title>The French Connection</title>
	<year>1971</year>
	</meta>
	<link>
	<sublink>search</sublink>
	<sublink>searchsd</sublink>
	</link>
	<thumbnail>https://image.tmdb.org/t/p/w1280/xwDi4wF0I1L5bSW08Y8GocDGjJP.jpg</thumbnail>
	<fanart>https://image.tmdb.org/t/p/w1280/hPlzjKzbO8KuCerm1lOxDtUjlHD.jpg</fanart>
</item>
<item>
	<title>[COLOR=white]The Godfather[/COLOR]</title>
	<meta>
	<imdb>tt0068646</imdb>
	<content>movie</content>
	<title>The Godfather</title>
	<year>1972</year>
	</meta>
	<link>
	<sublink>search</sublink>
	<sublink>searchsd</sublink>
	</link>
	<thumbnail>https://image.tmdb.org/t/p/w1280/rPdtLWNsZmAtoZl9PK7S2wE3qiS.jpg</thumbnail>
	<fanart>https://image.tmdb.org/t/p/w1280/6xKCYgH16UuwEGAyroLU6p8HLIn.jpg</fanart>
</item>
<item>
	<title>[COLOR=white]The Greatest Show on Earth[/COLOR]</title>
	<meta>
	<imdb>tt0044672</imdb>
	<content>movie</content>
	<title>The Greatest Show on Earth</title>
	<year>1952</year>
	</meta>
	<link>
	<sublink>search</sublink>
	<sublink>searchsd</sublink>
	</link>
	<thumbnail>https://image.tmdb.org/t/p/w1280/2Zh8VfgVgTIeqwhmmPGkNzesNV.jpg</thumbnail>
	<fanart>https://image.tmdb.org/t/p/w1280/ojLrdkabPNfi6rBYfIi3VkhvL1C.jpg</fanart>
</item>
<item>
	<title>[COLOR=white]The Guns of Navarone[/COLOR]</title>
	<meta>
	<imdb>tt0054953</imdb>
	<content>movie</content>
	<title>The Guns of Navarone</title>
	<year>1961</year>
	</meta>
	<link>
	<sublink>search</sublink>
	<sublink>searchsd</sublink>
	</link>
	<thumbnail>https://image.tmdb.org/t/p/w1280/2NleZFjJqPlWmuyivp1d6vcLQGK.jpg</thumbnail>
	<fanart>https://image.tmdb.org/t/p/w1280/oSUAezCAa2dXbkJblUqJQwcKVKK.jpg</fanart>
</item>
<item>
	<title>[COLOR=white]The Hours[/COLOR]</title>
	<meta>
	<imdb>tt0274558</imdb>
	<content>movie</content>
	<title>The Hours</title>
	<year>2002</year>
	</meta>
	<link>
	<sublink>search</sublink>
	<sublink>searchsd</sublink>
	</link>
	<thumbnail>https://image.tmdb.org/t/p/w1280/vRTqBRCLGiZNITXfdhGZd3tZ7Qh.jpg</thumbnail>
	<fanart>https://image.tmdb.org/t/p/w1280/ApsB4lgVmAWF3R9dqSReRCcODHl.jpg</fanart>
</item>
<item>
	<title>[COLOR=white]The Last Emperor[/COLOR]</title>
	<meta>
	<imdb>tt0093389</imdb>
	<content>movie</content>
	<title>The Last Emperor</title>
	<year>1987</year>
	</meta>
	<link>
	<sublink>search</sublink>
	<sublink>searchsd</sublink>
	</link>
	<thumbnail>https://image.tmdb.org/t/p/w1280/gnKVWiegQ6IoaYA0miR0OdPyI5P.jpg</thumbnail>
	<fanart>https://image.tmdb.org/t/p/w1280/36bUqxQYAsPTYCfVjrcxecGqMZr.jpg</fanart>
</item>
<item>
	<title>[COLOR=white]The Lion in Winter[/COLOR]</title>
	<meta>
	<imdb>tt0063227</imdb>
	<content>movie</content>
	<title>The Lion in Winter</title>
	<year>1968</year>
	</meta>
	<link>
	<sublink>search</sublink>
	<sublink>searchsd</sublink>
	</link>
	<thumbnail>https://image.tmdb.org/t/p/w1280/v4ZJ81fm6Z7AbimUoxrsAiWdQya.jpg</thumbnail>
	<fanart>https://image.tmdb.org/t/p/w1280/rguknVYM6kjB5rXU8yaYthQM0qh.jpg</fanart>
</item>
<item>
	<title>[COLOR=white]The Lord of the Rings: The Return of the King[/COLOR]</title>
	<meta>
	<imdb>tt0167260</imdb>
	<content>movie</content>
	<title>The Lord of the Rings: The Return of the King</title>
	<year>2003</year>
	</meta>
	<link>
	<sublink>search</sublink>
	<sublink>searchsd</sublink>
	</link>
	<thumbnail>https://image.tmdb.org/t/p/w1280/rCzpDGLbOoPwLjy3OAm5NUPOTrC.jpg</thumbnail>
	<fanart>https://image.tmdb.org/t/p/w1280/8BPZO0Bf8TeAy8znF43z8soK3ys.jpg</fanart>
</item>
<item>
	<title>[COLOR=white]The Robe[/COLOR]</title>
	<meta>
	<imdb>tt0046247</imdb>
	<content>movie</content>
	<title>The Robe</title>
	<year>1953</year>
	</meta>
	<link>
	<sublink>search</sublink>
	<sublink>searchsd</sublink>
	</link>
	<thumbnail>https://image.tmdb.org/t/p/w1280/2ReRNpGpajVq6WwjyyqBPufNOPY.jpg</thumbnail>
	<fanart>https://image.tmdb.org/t/p/w1280/iWEyb5Hi2dz73wO1h6bJ14P1TSD.jpg</fanart>
</item>
<item>
	<title>[COLOR=white]The Social Network[/COLOR]</title>
	<meta>
	<imdb>tt1285016</imdb>
	<content>movie</content>
	<title>The Social Network</title>
	<year>2010</year>
	</meta>
	<link>
	<sublink>search</sublink>
	<sublink>searchsd</sublink>
	</link>
	<thumbnail>https://image.tmdb.org/t/p/w1280/ok5Wh8385Kgblq9MSU4VGvazeMH.jpg</thumbnail>
	<fanart>https://image.tmdb.org/t/p/w1280/5NGK7YnypChaA9E2wADXEptU4Iz.jpg</fanart>
</item>
<item>
	<title>[COLOR=white]The Turning Point[/COLOR]</title>
	<meta>
	<imdb>tt0076843</imdb>
	<content>movie</content>
	<title>The Turning Point</title>
	<year>1977</year>
	</meta>
	<link>
	<sublink>search</sublink>
	<sublink>searchsd</sublink>
	</link>
	<thumbnail>https://image.tmdb.org/t/p/w1280/zszTHOHYeZlVhypRF4kYKssppfL.jpg</thumbnail>
	<fanart>https://image.tmdb.org/t/p/w1280/ymSdFD9OcChxO4jcsXRQvYOEajP.jpg</fanart>
</item>
<item>
	<title>[COLOR=white]Titanic[/COLOR]</title>
	<meta>
	<imdb>tt0120338</imdb>
	<content>movie</content>
	<title>Titanic</title>
	<year>1997</year>
	</meta>
	<link>
	<sublink>search</sublink>
	<sublink>searchsd</sublink>
	</link>
	<thumbnail>https://image.tmdb.org/t/p/w1280/kHXEpyfl6zqn8a6YuozZUujufXf.jpg</thumbnail>
	<fanart>https://image.tmdb.org/t/p/w1280/vFUI5obFtx4IdhP6k8Om5ezHTrk.jpg</fanart>
</item>
