<item>
	<title>[COLOR=white]28 Days Later[/COLOR]</title>
	<meta>
	<imdb>tt0289043</imdb>
	<content>movie</content>
	<title>28 Days Later</title>
	<year>2002</year>
	</meta>
	<link>
	<sublink>search</sublink>
	<sublink>searchsd</sublink>
	</link>
	<thumbnail>https://image.tmdb.org/t/p/w1280/xaYdxi1PBEAYvqknvAmMPK5Eff3.jpg</thumbnail>
	<fanart>https://image.tmdb.org/t/p/w1280/nESF8Tw4BYnDy8PUDkF5SLIlzTJ.jpg</fanart>
</item>
<item>
	<title>[COLOR=white]An American Werewolf in London[/COLOR]</title>
	<meta>
	<imdb>tt0082010</imdb>
	<content>movie</content>
	<title>An American Werewolf in London</title>
	<year>1981</year>
	</meta>
	<link>
	<sublink>search</sublink>
	<sublink>searchsd</sublink>
	</link>
	<thumbnail>https://image.tmdb.org/t/p/w1280/lDClXHP08BUP4D4iRqix0XxLEZF.jpg</thumbnail>
	<fanart>https://image.tmdb.org/t/p/w1280/lFiEdW3zVjR2Wujxu3yZLpL2N8n.jpg</fanart>
</item>
<item>
	<title>[COLOR=white]Apt Pupil[/COLOR]</title>
	<meta>
	<imdb>tt0118636</imdb>
	<content>movie</content>
	<title>Apt Pupil</title>
	<year>1998</year>
	</meta>
	<link>
	<sublink>search</sublink>
	<sublink>searchsd</sublink>
	</link>
	<thumbnail>https://image.tmdb.org/t/p/w1280/6AAdkNH1JQtpiWQxeHb1GTCKHVS.jpg</thumbnail>
	<fanart>https://image.tmdb.org/t/p/w1280/g2udxcpeUFX3tpFsQRornS2ery7.jpg</fanart>
</item>
<item>
	<title>[COLOR=white]Arachnophobia[/COLOR]</title>
	<meta>
	<imdb>tt0099052</imdb>
	<content>movie</content>
	<title>Arachnophobia</title>
	<year>1990</year>
	</meta>
	<link>
	<sublink>search</sublink>
	<sublink>searchsd</sublink>
	</link>
	<thumbnail>https://image.tmdb.org/t/p/w1280/pz4TWF3r6xqXN41Iqsjbf06rAQs.jpg</thumbnail>
	<fanart>https://image.tmdb.org/t/p/w1280/aTmy0jh3QZwEyD18QFYDac29dl6.jpg</fanart>
</item>
<item>
	<title>[COLOR=white]Army of Darkness[/COLOR]</title>
	<meta>
	<imdb>tt0106308</imdb>
	<content>movie</content>
	<title>Army of Darkness</title>
	<year>1992</year>
	</meta>
	<link>
	<sublink>search</sublink>
	<sublink>searchsd</sublink>
	</link>
	<thumbnail>https://image.tmdb.org/t/p/w1280/2eZKDIwLNnySbwqQtAaUz0kYDIL.jpg</thumbnail>
	<fanart>https://image.tmdb.org/t/p/w1280/5RPXs9g0sZ9Woo4pNLxdXdge7tc.jpg</fanart>
</item>
<item>
	<title>[COLOR=white]Beetlejuice[/COLOR]</title>
	<meta>
	<imdb>tt0094721</imdb>
	<content>movie</content>
	<title>Beetlejuice</title>
	<year>1988</year>
	</meta>
	<link>
	<sublink>search</sublink>
	<sublink>searchsd</sublink>
	</link>
	<thumbnail>https://image.tmdb.org/t/p/w1280/gWnW7vxm8yr01TVLQhL4aI02orp.jpg</thumbnail>
	<fanart>https://image.tmdb.org/t/p/w1280/upAwc1kPQJU1ZWeMgEWV8Lp6CWb.jpg</fanart>
</item>
<item>
	<title>[COLOR=white]Blacula[/COLOR]</title>
	<meta>
	<imdb>tt0068284</imdb>
	<content>movie</content>
	<title>Blacula</title>
	<year>1972</year>
	</meta>
	<link>
	<sublink>search</sublink>
	<sublink>searchsd</sublink>
	</link>
	<thumbnail>https://image.tmdb.org/t/p/w1280/yLqtFeZfRPoUUzzro3ogCdobB6q.jpg</thumbnail>
	<fanart>https://image.tmdb.org/t/p/w1280/a0GW1PwllyvU3E3qOqdeyYFMnh0.jpg</fanart>
</item>
<item>
	<title>[COLOR=white]Burnt Offerings[/COLOR]</title>
	<meta>
	<imdb>tt0074258</imdb>
	<content>movie</content>
	<title>Burnt Offerings</title>
	<year>1976</year>
	</meta>
	<link>
	<sublink>search</sublink>
	<sublink>searchsd</sublink>
	</link>
	<thumbnail>https://image.tmdb.org/t/p/w1280/hZiqE176wGdkv0XuiI8sKJasTDx.jpg</thumbnail>
	<fanart>https://image.tmdb.org/t/p/w1280/kYdPPJONZFvPKIICB2zu5w19jVx.jpg</fanart>
</item>
<item>
	<title>[COLOR=white]Dracula[/COLOR]</title>
	<meta>
	<imdb>tt0103874</imdb>
	<content>movie</content>
	<title>Dracula</title>
	<year>1992</year>
	</meta>
	<link>
	<sublink>search</sublink>
	<sublink>searchsd</sublink>
	</link>
	<thumbnail>https://image.tmdb.org/t/p/w1280/ioHxm3D3JdSXR61LRhcVb8KdZOz.jpg</thumbnail>
	<fanart>https://image.tmdb.org/t/p/w1280/x4RwLFKvVm5X6zkrKRLBUkDIwuq.jpg</fanart>
</item>
<item>
	<title>[COLOR=white]Dracula[/COLOR]</title>
	<meta>
	<imdb>tt0079073</imdb>
	<content>movie</content>
	<title>Dracula</title>
	<year>1979</year>
	</meta>
	<link>
	<sublink>search</sublink>
	<sublink>searchsd</sublink>
	</link>
	<thumbnail>https://image.tmdb.org/t/p/w1280/nS20AU8Iorb3nEJdIEpk4J0RR0j.jpg</thumbnail>
	<fanart>https://image.tmdb.org/t/p/w1280/uWF6NFQ8JySd4KSaX4JKEVYts06.jpg</fanart>
</item>
<item>
	<title>[COLOR=white]Drag Me to Hell[/COLOR]</title>
	<meta>
	<imdb>tt1127180</imdb>
	<content>movie</content>
	<title>Drag Me to Hell</title>
	<year>2009</year>
	</meta>
	<link>
	<sublink>search</sublink>
	<sublink>searchsd</sublink>
	</link>
	<thumbnail>https://image.tmdb.org/t/p/w1280/4trULrbj4AoPLKSiIoQUTm2tPAG.jpg</thumbnail>
	<fanart>https://image.tmdb.org/t/p/w1280/1hPXuj5wMvfeKxLRNIFuWojXSU6.jpg</fanart>
</item>
<item>
	<title>[COLOR=white]Final Destination[/COLOR]</title>
	<meta>
	<imdb>tt0195714</imdb>
	<content>movie</content>
	<title>Final Destination</title>
	<year>2000</year>
	</meta>
	<link>
	<sublink>search</sublink>
	<sublink>searchsd</sublink>
	</link>
	<thumbnail>https://image.tmdb.org/t/p/w1280/nW6JfCIWqUpIESlras0nrVy4pCl.jpg</thumbnail>
	<fanart>https://image.tmdb.org/t/p/w1280/pALnP7MdGEK18FQkMH8JkkepRIc.jpg</fanart>
</item>
<item>
	<title>[COLOR=white]Fright Night[/COLOR]</title>
	<meta>
	<imdb>tt0089175</imdb>
	<content>movie</content>
	<title>Fright Night</title>
	<year>1985</year>
	</meta>
	<link>
	<sublink>search</sublink>
	<sublink>searchsd</sublink>
	</link>
	<thumbnail>https://image.tmdb.org/t/p/w1280/jE0YbuFlmaZUWeVTyYNpzYXjIbn.jpg</thumbnail>
	<fanart>https://image.tmdb.org/t/p/w1280/v4wzMG8phQyPVlKTMUNt1i33GM5.jpg</fanart>
</item>
<item>
	<title>[COLOR=white]From Dusk Till Dawn[/COLOR]</title>
	<meta>
	<imdb>tt0116367</imdb>
	<content>movie</content>
	<title>From Dusk Till Dawn</title>
	<year>1996</year>
	</meta>
	<link>
	<sublink>search</sublink>
	<sublink>searchsd</sublink>
	</link>
	<thumbnail>https://image.tmdb.org/t/p/w1280/ce0d4kM5KxT4x1Oq8JkSuNYevri.jpg</thumbnail>
	<fanart>https://image.tmdb.org/t/p/w1280/3kPTAFgx2BftDOexBe41k8kqSRD.jpg</fanart>
</item>
<item>
	<title>[COLOR=white]Gremlins[/COLOR]</title>
	<meta>
	<imdb>tt0087363</imdb>
	<content>movie</content>
	<title>Gremlins</title>
	<year>1984</year>
	</meta>
	<link>
	<sublink>search</sublink>
	<sublink>searchsd</sublink>
	</link>
	<thumbnail>https://image.tmdb.org/t/p/w1280/gXDHxQ92qyF6LUYwn6xuK2L8TYW.jpg</thumbnail>
	<fanart>https://image.tmdb.org/t/p/w1280/xZ5SUO6YtIcSwRuKZhNLBfCJzpv.jpg</fanart>
</item>
<item>
	<title>[COLOR=white]Hellboy II: The Golden Army[/COLOR]</title>
	<meta>
	<imdb>tt0411477</imdb>
	<content>movie</content>
	<title>Hellboy II: The Golden Army</title>
	<year>2008</year>
	</meta>
	<link>
	<sublink>search</sublink>
	<sublink>searchsd</sublink>
	</link>
	<thumbnail>https://image.tmdb.org/t/p/w1280/fFcZqnWDeQsImDAAIyAimc3SGEl.jpg</thumbnail>
	<fanart>https://image.tmdb.org/t/p/w1280/xqbQsBV9j5UPTRzKf5fmiIj02Uz.jpg</fanart>
</item>
<item>
	<title>[COLOR=white]Interview with the Vampire[/COLOR]</title>
	<meta>
	<imdb>tt0110148</imdb>
	<content>movie</content>
	<title>Interview with the Vampire</title>
	<year>1994</year>
	</meta>
	<link>
	<sublink>search</sublink>
	<sublink>searchsd</sublink>
	</link>
	<thumbnail>https://image.tmdb.org/t/p/w1280/hldXwwViSfHJS0kIJr07KBGmHJI.jpg</thumbnail>
	<fanart>https://image.tmdb.org/t/p/w1280/GRyynLqafMrLFMHqvfGdUweavA.jpg</fanart>
</item>
<item>
	<title>[COLOR=white]Let Me In[/COLOR]</title>
	<meta>
	<imdb>tt1228987</imdb>
	<content>movie</content>
	<title>Let Me In</title>
	<year>2010</year>
	</meta>
	<link>
	<sublink>search</sublink>
	<sublink>searchsd</sublink>
	</link>
	<thumbnail>https://image.tmdb.org/t/p/w1280/90Y8RVSlOnWsG8PO6evI4ycXItg.jpg</thumbnail>
	<fanart>https://image.tmdb.org/t/p/w1280/uLhpV983X2BLSpnfzwASZWmgEUL.jpg</fanart>
</item>
<item>
	<title>[COLOR=white]Poltergeist[/COLOR]</title>
	<meta>
	<imdb>tt0084516</imdb>
	<content>movie</content>
	<title>Poltergeist</title>
	<year>1982</year>
	</meta>
	<link>
	<sublink>search</sublink>
	<sublink>searchsd</sublink>
	</link>
	<thumbnail>https://image.tmdb.org/t/p/w1280/hKs6umpuLSgZhOiZI1pxpO0iVTQ.jpg</thumbnail>
	<fanart>https://image.tmdb.org/t/p/w1280/i998vFSbMKlLL5EfMVY1kvDDUuO.jpg</fanart>
</item>
<item>
	<title>[COLOR=white]Scream[/COLOR]</title>
	<meta>
	<imdb>tt0117571</imdb>
	<content>movie</content>
	<title>Scream</title>
	<year>1996</year>
	</meta>
	<link>
	<sublink>search</sublink>
	<sublink>searchsd</sublink>
	</link>
	<thumbnail>https://image.tmdb.org/t/p/w1280/eaoo9BgHN3DgFNz9Bxp84VmKiP6.jpg</thumbnail>
	<fanart>https://image.tmdb.org/t/p/w1280/tdcb0RHusaQxScWORevtKQ0u9NG.jpg</fanart>
</item>
<item>
	<title>[COLOR=white]Shaun of the Dead[/COLOR]</title>
	<meta>
	<imdb>tt0365748</imdb>
	<content>movie</content>
	<title>Shaun of the Dead</title>
	<year>2004</year>
	</meta>
	<link>
	<sublink>search</sublink>
	<sublink>searchsd</sublink>
	</link>
	<thumbnail>https://image.tmdb.org/t/p/w1280/2evlcGnsfdFWLb7geNlIjIewc0Q.jpg</thumbnail>
	<fanart>https://image.tmdb.org/t/p/w1280/phFrA59NzB9TBkx9aoD3qwuXvs8.jpg</fanart>
</item>
<item>
	<title>[COLOR=white]Sweeney Todd: The Demon Barber of Fleet Street[/COLOR]</title>
	<meta>
	<imdb>tt0408236</imdb>
	<content>movie</content>
	<title>Sweeney Todd: The Demon Barber of Fleet Street</title>
	<year>2007</year>
	</meta>
	<link>
	<sublink>search</sublink>
	<sublink>searchsd</sublink>
	</link>
	<thumbnail>https://image.tmdb.org/t/p/w1280/v2pOGxz1wi3plr9aT0zScH6Em4X.jpg</thumbnail>
	<fanart>https://image.tmdb.org/t/p/w1280/oZRsdp7H8ZIvo4ZH4IDOLpPjlMI.jpg</fanart>
</item>
<item>
	<title>[COLOR=white]The Dead Zone[/COLOR]</title>
	<meta>
	<imdb>tt0085407</imdb>
	<content>movie</content>
	<title>The Dead Zone</title>
	<year>1983</year>
	</meta>
	<link>
	<sublink>search</sublink>
	<sublink>searchsd</sublink>
	</link>
	<thumbnail>https://image.tmdb.org/t/p/w1280/bKpc5xO3o3DHDqaUJWMoVxgpJRM.jpg</thumbnail>
	<fanart>https://image.tmdb.org/t/p/w1280/7LRuImFC4NKxutT3yvdqxinEXjo.jpg</fanart>
</item>
<item>
	<title>[COLOR=white]The Descent[/COLOR]</title>
	<meta>
	<imdb>tt0435625</imdb>
	<content>movie</content>
	<title>The Descent</title>
	<year>2005</year>
	</meta>
	<link>
	<sublink>search</sublink>
	<sublink>searchsd</sublink>
	</link>
	<thumbnail>https://image.tmdb.org/t/p/w1280/ldzNyitGjBLjjOzLTaQyYDMVDF1.jpg</thumbnail>
	<fanart>https://image.tmdb.org/t/p/w1280/yiJonnQUW5luTsQy2KuUuOZqtjM.jpg</fanart>
</item>
<item>
	<title>[COLOR=white]The Devil's Advocate[/COLOR]</title>
	<meta>
	<imdb>tt0118971</imdb>
	<content>movie</content>
	<title>The Devil's Advocate</title>
	<year>1997</year>
	</meta>
	<link>
	<sublink>search</sublink>
	<sublink>searchsd</sublink>
	</link>
	<thumbnail>https://image.tmdb.org/t/p/w1280/eSivb4EyOAyEum70mOSHtAWiUe3.jpg</thumbnail>
	<fanart>https://image.tmdb.org/t/p/w1280/A6KRu9aQmf2bKpHjlaVXmiSA3iv.jpg</fanart>
</item>
<item>
	<title>[COLOR=white]The Exorcism of Emily Rose[/COLOR]</title>
	<meta>
	<imdb>tt0404032</imdb>
	<content>movie</content>
	<title>The Exorcism of Emily Rose</title>
	<year>2005</year>
	</meta>
	<link>
	<sublink>search</sublink>
	<sublink>searchsd</sublink>
	</link>
	<thumbnail>https://image.tmdb.org/t/p/w1280/lDffYgWFiAfA7ztBW6R4LWdjXK6.jpg</thumbnail>
	<fanart>https://image.tmdb.org/t/p/w1280/6thnbe32tzVJlNHGmAKaHoQJRwP.jpg</fanart>
</item>
<item>
	<title>[COLOR=white]The Exorcist[/COLOR]</title>
	<meta>
	<imdb>tt0070047</imdb>
	<content>movie</content>
	<title>The Exorcist</title>
	<year>1973</year>
	</meta>
	<link>
	<sublink>search</sublink>
	<sublink>searchsd</sublink>
	</link>
	<thumbnail>https://image.tmdb.org/t/p/w1280/4ucLGcXVVSVnsfkGtbLY4XAius8.jpg</thumbnail>
	<fanart>https://image.tmdb.org/t/p/w1280/unBJ0rZsL2kzs11FliadlDyv6ji.jpg</fanart>
</item>
<item>
	<title>[COLOR=white]The Fly[/COLOR]</title>
	<meta>
	<imdb>tt0091064</imdb>
	<content>movie</content>
	<title>The Fly</title>
	<year>1986</year>
	</meta>
	<link>
	<sublink>search</sublink>
	<sublink>searchsd</sublink>
	</link>
	<thumbnail>https://image.tmdb.org/t/p/w1280/q49tjSe3O152t9QVwaradePGu7W.jpg</thumbnail>
	<fanart>https://image.tmdb.org/t/p/w1280/fAbDSD1wMTLbM5ANAUBFKeCJkxO.jpg</fanart>
</item>
<item>
	<title>[COLOR=white]The Girl with the Dragon Tattoo[/COLOR]</title>
	<meta>
	<imdb>tt1568346</imdb>
	<content>movie</content>
	<title>The Girl with the Dragon Tattoo</title>
	<year>2011</year>
	</meta>
	<link>
	<sublink>search</sublink>
	<sublink>searchsd</sublink>
	</link>
	<thumbnail>https://image.tmdb.org/t/p/w1280/voxRWFTtagLiqnJQs9tWQLB0MN.jpg</thumbnail>
	<fanart>https://image.tmdb.org/t/p/w1280/1fk2xS5hRkblBuag5JXZkmE8pg6.jpg</fanart>
</item>
<item>
	<title>[COLOR=white]The Howling[/COLOR]</title>
	<meta>
	<imdb>tt0082533</imdb>
	<content>movie</content>
	<title>The Howling</title>
	<year>1981</year>
	</meta>
	<link>
	<sublink>search</sublink>
	<sublink>searchsd</sublink>
	</link>
	<thumbnail>https://image.tmdb.org/t/p/w1280/zXiQCqtw5lZwrLDqRPbAJhT80Ri.jpg</thumbnail>
	<fanart>https://image.tmdb.org/t/p/w1280/jkYLLMhDhnJIp5Sp1ujdWh44wOz.jpg</fanart>
</item>
<item>
	<title>[COLOR=white]The Little Girl Who Lives Down the Lane[/COLOR]</title>
	<meta>
	<imdb>tt0074806</imdb>
	<content>movie</content>
	<title>The Little Girl Who Lives Down the Lane</title>
	<year>1976</year>
	</meta>
	<link>
	<sublink>search</sublink>
	<sublink>searchsd</sublink>
	</link>
	<thumbnail>https://image.tmdb.org/t/p/w1280/ttBe9tlHpc25ZfBbNhJOGC6KgiZ.jpg</thumbnail>
	<fanart>https://image.tmdb.org/t/p/w1280/oDBDCsF8syFXENYxCzfWxMptVUS.jpg</fanart>
</item>
<item>
	<title>[COLOR=white]The Lost Boys[/COLOR]</title>
	<meta>
	<imdb>tt0093437</imdb>
	<content>movie</content>
	<title>The Lost Boys</title>
	<year>1987</year>
	</meta>
	<link>
	<sublink>search</sublink>
	<sublink>searchsd</sublink>
	</link>
	<thumbnail>https://image.tmdb.org/t/p/w1280/evo7oiay9qDUzY510VhrB3YzyJs.jpg</thumbnail>
	<fanart>https://image.tmdb.org/t/p/w1280/3wMkHCnwG2PdNeFkfou8vTY2g5b.jpg</fanart>
</item>
<item>
	<title>[COLOR=white]The Others[/COLOR]</title>
	<meta>
	<imdb>tt0230600</imdb>
	<content>movie</content>
	<title>The Others</title>
	<year>2001</year>
	</meta>
	<link>
	<sublink>search</sublink>
	<sublink>searchsd</sublink>
	</link>
	<thumbnail>https://image.tmdb.org/t/p/w1280/k9GpVK2dyMMzjciQiMdoaL1WUlS.jpg</thumbnail>
	<fanart>https://image.tmdb.org/t/p/w1280/sLZULNJbQ4ZlomXzFIKKzqr4dte.jpg</fanart>
</item>
<item>
	<title>[COLOR=white]The Ring[/COLOR]</title>
	<meta>
	<imdb>tt0298130</imdb>
	<content>movie</content>
	<title>The Ring</title>
	<year>2002</year>
	</meta>
	<link>
	<sublink>search</sublink>
	<sublink>searchsd</sublink>
	</link>
	<thumbnail>https://image.tmdb.org/t/p/w1280/zHJFdhqEXZJxG653oZvOM3PmNON.jpg</thumbnail>
	<fanart>https://image.tmdb.org/t/p/w1280/kQOLgJGvFjQ7EwGfaPkW9dlGFXJ.jpg</fanart>
</item>
<item>
	<title>[COLOR=white]The Silence of the Lambs[/COLOR]</title>
	<meta>
	<imdb>tt0102926</imdb>
	<content>movie</content>
	<title>The Silence of the Lambs</title>
	<year>1991</year>
	</meta>
	<link>
	<sublink>search</sublink>
	<sublink>searchsd</sublink>
	</link>
	<thumbnail>https://image.tmdb.org/t/p/w1280/qjAyTj2BSth1EQ89vNfo0JYVPFN.jpg</thumbnail>
	<fanart>https://image.tmdb.org/t/p/w1280/pzmrKXQgL7GEZvigD6W1bUEzXJN.jpg</fanart>
</item>
<item>
	<title>[COLOR=white]The Sixth Sense[/COLOR]</title>
	<meta>
	<imdb>tt0167404</imdb>
	<content>movie</content>
	<title>The Sixth Sense</title>
	<year>1999</year>
	</meta>
	<link>
	<sublink>search</sublink>
	<sublink>searchsd</sublink>
	</link>
	<thumbnail>https://image.tmdb.org/t/p/w1280/imps263dHNe3SuoaAJORZyNTdDT.jpg</thumbnail>
	<fanart>https://image.tmdb.org/t/p/w1280/y67X8DSDEAVcfo9aqX6yipsTsrX.jpg</fanart>
</item>
<item>
	<title>[COLOR=white]The Wicker Man[/COLOR]</title>
	<meta>
	<imdb>tt0070917</imdb>
	<content>movie</content>
	<title>The Wicker Man</title>
	<year>1973</year>
	</meta>
	<link>
	<sublink>search</sublink>
	<sublink>searchsd</sublink>
	</link>
	<thumbnail>https://image.tmdb.org/t/p/w1280/yvTNbNrYq8xsjpe0kF5v98HmnUH.jpg</thumbnail>
	<fanart>https://image.tmdb.org/t/p/w1280/7cb8HXMXztytgv8xnglmhLRwBhk.jpg</fanart>
</item>
<item>
	<title>[COLOR=white]Young Frankenstein[/COLOR]</title>
	<meta>
	<imdb>tt0072431</imdb>
	<content>movie</content>
	<title>Young Frankenstein</title>
	<year>1974</year>
	</meta>
	<link>
	<sublink>search</sublink>
	<sublink>searchsd</sublink>
	</link>
	<thumbnail>https://image.tmdb.org/t/p/w1280/tQJAWbIjvvqVKLLbIZHtwGw2HTf.jpg</thumbnail>
	<fanart>https://image.tmdb.org/t/p/w1280/xniibygKalBzJg2yCugPwZCJe31.jpg</fanart>
</item>
