<item>
	<title>[COLOR=white]3:10 to Yuma[/COLOR]</title>
	<meta>
	<imdb>tt0381849</imdb>
	<content>movie</content>
	<title>3:10 to Yuma</title>
	<year>2007</year>
	</meta>
	<link>
	<sublink>search</sublink>
	<sublink>searchsd</sublink>
	</link>
	<thumbnail>https://image.tmdb.org/t/p/w1280/9Nwkh0eQmkymEOR0ovAALtjSIZW.jpg</thumbnail>
	<fanart>https://image.tmdb.org/t/p/w1280/fOuig5rhqkrVVD1VsoL1jPz15hR.jpg</fanart>
</item>
<item>
	<title>[COLOR=white]A Fistful of Dollars[/COLOR]</title>
	<meta>
	<imdb>tt0058461</imdb>
	<content>movie</content>
	<title>A Fistful of Dollars</title>
	<year>1964</year>
	</meta>
	<link>
	<sublink>search</sublink>
	<sublink>searchsd</sublink>
	</link>
	<thumbnail>https://image.tmdb.org/t/p/w1280/sFLgxvtK9vxbNq502peVJ847Owp.jpg</thumbnail>
	<fanart>https://image.tmdb.org/t/p/w1280/mndYimxcima4Z5YxH8XngTEGi5L.jpg</fanart>
</item>
<item>
	<title>[COLOR=white]Appaloosa[/COLOR]</title>
	<meta>
	<imdb>tt0800308</imdb>
	<content>movie</content>
	<title>Appaloosa</title>
	<year>2008</year>
	</meta>
	<link>
	<sublink>search</sublink>
	<sublink>searchsd</sublink>
	</link>
	<thumbnail>https://image.tmdb.org/t/p/w1280/ar26XwTJz6BPFRricdNpMctyjB0.jpg</thumbnail>
	<fanart>https://image.tmdb.org/t/p/w1280/3CrUq0vBkV9ezv9nABstPVypKVE.jpg</fanart>
</item>
<item>
	<title>[COLOR=white]Companeros[/COLOR]</title>
	<meta>
	<imdb>tt0066612</imdb>
	<content>movie</content>
	<title>Companeros</title>
	<year>1970</year>
	</meta>
	<link>
	<sublink>search</sublink>
	<sublink>searchsd</sublink>
	</link>
	<thumbnail>https://image.tmdb.org/t/p/w1280/krL9W65VZortvJ6xC7QdQE0norQ.jpg</thumbnail>
	<fanart>https://image.tmdb.org/t/p/w1280/3fMEbR4vc31KDbYuVJPd5TFMgCi.jpg</fanart>
</item>
<item>
	<title>[COLOR=white]Dances with Wolves[/COLOR]</title>
	<meta>
	<imdb>tt0099348</imdb>
	<content>movie</content>
	<title>Dances with Wolves</title>
	<year>1990</year>
	</meta>
	<link>
	<sublink>search</sublink>
	<sublink>searchsd</sublink>
	</link>
	<thumbnail>https://image.tmdb.org/t/p/w1280/uzMI1WbliKbXbjvdiDKnwb2ndsG.jpg</thumbnail>
	<fanart>https://image.tmdb.org/t/p/w1280/gkW2RMlwl4kqaMIDjaAE73rAPpZ.jpg</fanart>
</item>
<item>
	<title>[COLOR=white]Day of Anger[/COLOR]</title>
	<meta>
	<imdb>tt0061709</imdb>
	<content>movie</content>
	<title>Day of Anger</title>
	<year>1967</year>
	</meta>
	<link>
	<sublink>search</sublink>
	<sublink>searchsd</sublink>
	</link>
	<thumbnail>https://image.tmdb.org/t/p/w1280/q2raN4C0uhMVDFM4tJCR6jFLHJS.jpg</thumbnail>
	<fanart>https://image.tmdb.org/t/p/w1280/2khwTBBWwxSyaQyTHTe1dZdPDJB.jpg</fanart>
</item>
<item>
	<title>[COLOR=white]Dead Man[/COLOR]</title>
	<meta>
	<imdb>tt0112817</imdb>
	<content>movie</content>
	<title>Dead Man</title>
	<year>1995</year>
	</meta>
	<link>
	<sublink>search</sublink>
	<sublink>searchsd</sublink>
	</link>
	<thumbnail>https://image.tmdb.org/t/p/w1280/vGobIvxSiFvAmwqH8BlC3SpET0C.jpg</thumbnail>
	<fanart>https://image.tmdb.org/t/p/w1280/fpdZe3c07P1FM4TwjvSkGvWocPN.jpg</fanart>
</item>
<item>
	<title>[COLOR=white]Death Rides a Horse[/COLOR]</title>
	<meta>
	<imdb>tt0064208</imdb>
	<content>movie</content>
	<title>Death Rides a Horse</title>
	<year>1967</year>
	</meta>
	<link>
	<sublink>search</sublink>
	<sublink>searchsd</sublink>
	</link>
	<thumbnail>https://image.tmdb.org/t/p/w1280/7xJLGcKGIPs2a4dQUuLDPFCRg0f.jpg</thumbnail>
	<fanart>https://image.tmdb.org/t/p/w1280/bW5R2Aswhf2FDisoV0Prc67btV3.jpg</fanart>
</item>
<item>
	<title>[COLOR=white]Desperado[/COLOR]</title>
	<meta>
	<imdb>tt0112851</imdb>
	<content>movie</content>
	<title>Desperado</title>
	<year>1995</year>
	</meta>
	<link>
	<sublink>search</sublink>
	<sublink>searchsd</sublink>
	</link>
	<thumbnail>https://image.tmdb.org/t/p/w1280/7eVo5DbP7gcsDzHcpRCTA6JAuF2.jpg</thumbnail>
	<fanart>https://image.tmdb.org/t/p/w1280/wA3qqVezyktBj92nTVXU7tYd1iG.jpg</fanart>
</item>
<item>
	<title>[COLOR=white]Django Kill... If You Live, Shoot![/COLOR]</title>
	<meta>
	<imdb>tt0062082</imdb>
	<content>movie</content>
	<title>Django Kill... If You Live, Shoot!</title>
	<year>1967</year>
	</meta>
	<link>
	<sublink>search</sublink>
	<sublink>searchsd</sublink>
	</link>
	<thumbnail>https://image.tmdb.org/t/p/w1280/6aFamqGpI5T7sl9pVKBf7pipeV.jpg</thumbnail>
	<fanart>https://image.tmdb.org/t/p/w1280/3i1N1ZVbbuPHtSCcXs4bRBFxxqv.jpg</fanart>
</item>
<item>
	<title>[COLOR=white]Django Unchained[/COLOR]</title>
	<meta>
	<imdb>tt1853728</imdb>
	<content>movie</content>
	<title>Django Unchained</title>
	<year>2012</year>
	</meta>
	<link>
	<sublink>search</sublink>
	<sublink>searchsd</sublink>
	</link>
	<thumbnail>https://image.tmdb.org/t/p/w1280/5WJnxuw41sddupf8cwOxYftuvJG.jpg</thumbnail>
	<fanart>https://image.tmdb.org/t/p/w1280/qUcmEqnzIwlwZxSyTf3WliSfAjJ.jpg</fanart>
</item>
<item>
	<title>[COLOR=white]Django the Bastard[/COLOR]</title>
	<meta>
	<imdb>tt0064240</imdb>
	<content>movie</content>
	<title>Django the Bastard</title>
	<year>1969</year>
	</meta>
	<link>
	<sublink>search</sublink>
	<sublink>searchsd</sublink>
	</link>
	<thumbnail>https://image.tmdb.org/t/p/w1280/9MCwScWTy5GitlJD8MUWvIV7lT4.jpg</thumbnail>
	<fanart>https://image.tmdb.org/t/p/w1280/suFrahnRbaDbafhCg7Qh8hPZPXl.jpg</fanart>
</item>
<item>
	<title>[COLOR=white]Django, Prepare a Coffin[/COLOR]</title>
	<meta>
	<imdb>tt0062151</imdb>
	<content>movie</content>
	<title>Django, Prepare a Coffin</title>
	<year>1968</year>
	</meta>
	<link>
	<sublink>search</sublink>
	<sublink>searchsd</sublink>
	</link>
	<thumbnail>https://image.tmdb.org/t/p/w1280/ygCorjPGt3MjLlKjtqcOmTYFPY3.jpg</thumbnail>
	<fanart>https://image.tmdb.org/t/p/w1280/70az9tjFTuFb8DyucDewzpuTFmJ.jpg</fanart>
</item>
<item>
	<title>[COLOR=white]Django[/COLOR]</title>
	<meta>
	<imdb>tt0060315</imdb>
	<content>movie</content>
	<title>Django</title>
	<year>1966</year>
	</meta>
	<link>
	<sublink>search</sublink>
	<sublink>searchsd</sublink>
	</link>
	<thumbnail>https://image.tmdb.org/t/p/w1280/pYsDq0fTMC1XuEg63NOXfxzHBJY.jpg</thumbnail>
	<fanart>https://image.tmdb.org/t/p/w1280/G2xoqLeafIpXByTfw9qucM6E20.jpg</fanart>
</item>
<item>
	<title>[COLOR=white]Duck, You Sucker[/COLOR]</title>
	<meta>
	<imdb>tt0067140</imdb>
	<content>movie</content>
	<title>Duck, You Sucker</title>
	<year>1971</year>
	</meta>
	<link>
	<sublink>search</sublink>
	<sublink>searchsd</sublink>
	</link>
	<thumbnail>https://image.tmdb.org/t/p/w1280/nQkr1yi87pX1d3lQVTrBEWlCpT1.jpg</thumbnail>
	<fanart>https://image.tmdb.org/t/p/w1280/4Dt5zyXN4n3QdZLhKJ0OAyqdV55.jpg</fanart>
</item>
<item>
	<title>[COLOR=white]El Mariachi[/COLOR]</title>
	<meta>
	<imdb>tt0104815</imdb>
	<content>movie</content>
	<title>El Mariachi</title>
	<year>1992</year>
	</meta>
	<link>
	<sublink>search</sublink>
	<sublink>searchsd</sublink>
	</link>
	<thumbnail>https://image.tmdb.org/t/p/w1280/4S47gyKZI5aLiawwc45e4gnPlPx.jpg</thumbnail>
	<fanart>https://image.tmdb.org/t/p/w1280/wjb1cLM4J0j2zGOIbB7DOwBJkJX.jpg</fanart>
</item>
<item>
	<title>[COLOR=white]Face to Face[/COLOR]</title>
	<meta>
	<imdb>tt0061636</imdb>
	<content>movie</content>
	<title>Face to Face</title>
	<year>1967</year>
	</meta>
	<link>
	<sublink>search</sublink>
	<sublink>searchsd</sublink>
	</link>
	<thumbnail>https://image.tmdb.org/t/p/w1280/s3hoPd28H8CQnxZxkaWly1w5vSY.jpg</thumbnail>
	<fanart>https://image.tmdb.org/t/p/w1280/qWPp9IV9cVM9xF58Pi1FevkUzak.jpg</fanart>
</item>
<item>
	<title>[COLOR=white]For a Few Dollars More[/COLOR]</title>
	<meta>
	<imdb>tt0059578</imdb>
	<content>movie</content>
	<title>For a Few Dollars More</title>
	<year>1965</year>
	</meta>
	<link>
	<sublink>search</sublink>
	<sublink>searchsd</sublink>
	</link>
	<thumbnail>https://image.tmdb.org/t/p/w1280/o4y1dlqXFETChi1QW2TspfrCJ8e.jpg</thumbnail>
	<fanart>https://image.tmdb.org/t/p/w1280/f61COvOzOOIwx7whPl5Yj78s9gY.jpg</fanart>
</item>
<item>
	<title>[COLOR=white]Hang 'em High[/COLOR]</title>
	<meta>
	<imdb>tt0061747</imdb>
	<content>movie</content>
	<title>Hang 'em High</title>
	<year>1968</year>
	</meta>
	<link>
	<sublink>search</sublink>
	<sublink>searchsd</sublink>
	</link>
	<thumbnail>https://image.tmdb.org/t/p/w1280/ejdsKe7osgsYT5WpYqAMSvmdMEx.jpg</thumbnail>
	<fanart>https://image.tmdb.org/t/p/w1280/b9ysOV6lBXY4cZen5AM7Z2r75io.jpg</fanart>
</item>
<item>
	<title>[COLOR=white]High Noon[/COLOR]</title>
	<meta>
	<imdb>tt0044706</imdb>
	<content>movie</content>
	<title>High Noon</title>
	<year>1952</year>
	</meta>
	<link>
	<sublink>search</sublink>
	<sublink>searchsd</sublink>
	</link>
	<thumbnail>https://image.tmdb.org/t/p/w1280/bc1x6kIO9oF30y3IMFuKMJV2uOj.jpg</thumbnail>
	<fanart>https://image.tmdb.org/t/p/w1280/6AH0BpiEaLz3NMTaBhqgHdA4YJ6.jpg</fanart>
</item>
<item>
	<title>[COLOR=white]High Plains Drifter[/COLOR]</title>
	<meta>
	<imdb>tt0068699</imdb>
	<content>movie</content>
	<title>High Plains Drifter</title>
	<year>1973</year>
	</meta>
	<link>
	<sublink>search</sublink>
	<sublink>searchsd</sublink>
	</link>
	<thumbnail>https://image.tmdb.org/t/p/w1280/557vwDdOIQ07Q1QvTwHVmxHJpXU.jpg</thumbnail>
	<fanart>https://image.tmdb.org/t/p/w1280/hST5A6ljJWlbyz5kbh6JV2WONzU.jpg</fanart>
</item>
<item>
	<title>[COLOR=white]I Am Sartana, Trade Your Guns for a Coffin[/COLOR]</title>
	<meta>
	<imdb>tt0065509</imdb>
	<content>movie</content>
	<title>I Am Sartana, Trade Your Guns for a Coffin</title>
	<year>1970</year>
	</meta>
	<link>
	<sublink>search</sublink>
	<sublink>searchsd</sublink>
	</link>
	<thumbnail>https://image.tmdb.org/t/p/w1280/kLA72HeDHhHlFZVnNj2E6u3WOUG.jpg</thumbnail>
	<fanart>https://image.tmdb.org/t/p/w1280/aT9c1MXmJ4ECGZ0nAfsFElXtRpg.jpg</fanart>
</item>
<item>
	<title>[COLOR=white]If You Meet Sartana Pray for Your Death[/COLOR]</title>
	<meta>
	<imdb>tt0063568</imdb>
	<content>movie</content>
	<title>If You Meet Sartana Pray for Your Death</title>
	<year>1968</year>
	</meta>
	<link>
	<sublink>search</sublink>
	<sublink>searchsd</sublink>
	</link>
	<thumbnail>https://image.tmdb.org/t/p/w1280/1FTlni3bR0JL4owvSem9mvAkQob.jpg</thumbnail>
	<fanart>https://image.tmdb.org/t/p/w1280/v4oxxmfvSftKVdNaWEYTECwr2eM.jpg</fanart>
</item>
<item>
	<title>[COLOR=white]My Name Is Nobody[/COLOR]</title>
	<meta>
	<imdb>tt0070215</imdb>
	<content>movie</content>
	<title>My Name Is Nobody</title>
	<year>1973</year>
	</meta>
	<link>
	<sublink>search</sublink>
	<sublink>searchsd</sublink>
	</link>
	<thumbnail>https://image.tmdb.org/t/p/w1280/rCoO8HqyJiFMhsAOUjjnw8gMgj9.jpg</thumbnail>
	<fanart>https://image.tmdb.org/t/p/w1280/rFM1Ff7Sgga3b8zDII8j2zpo23x.jpg</fanart>
</item>
<item>
	<title>[COLOR=white]No Country for Old Men[/COLOR]</title>
	<meta>
	<imdb>tt0477348</imdb>
	<content>movie</content>
	<title>No Country for Old Men</title>
	<year>2007</year>
	</meta>
	<link>
	<sublink>search</sublink>
	<sublink>searchsd</sublink>
	</link>
	<thumbnail>https://image.tmdb.org/t/p/w1280/nBaqryObPuxmuAndWUjDE5rriTd.jpg</thumbnail>
	<fanart>https://image.tmdb.org/t/p/w1280/7hx7ANh11TbbvHLDXUuywYkg5rK.jpg</fanart>
</item>
<item>
	<title>[COLOR=white]Once Upon a Time in Mexico[/COLOR]</title>
	<meta>
	<imdb>tt0285823</imdb>
	<content>movie</content>
	<title>Once Upon a Time in Mexico</title>
	<year>2003</year>
	</meta>
	<link>
	<sublink>search</sublink>
	<sublink>searchsd</sublink>
	</link>
	<thumbnail>https://image.tmdb.org/t/p/w1280/j3Mz1jaM3MVr5K1Ijh5D2T93VF2.jpg</thumbnail>
	<fanart>https://image.tmdb.org/t/p/w1280/vQi6zDyPoX3bq9YHazcOojXkAKP.jpg</fanart>
</item>
<item>
	<title>[COLOR=white]Once Upon a Time in the West[/COLOR]</title>
	<meta>
	<imdb>tt0064116</imdb>
	<content>movie</content>
	<title>Once Upon a Time in the West</title>
	<year>1968</year>
	</meta>
	<link>
	<sublink>search</sublink>
	<sublink>searchsd</sublink>
	</link>
	<thumbnail>https://image.tmdb.org/t/p/w1280/3RymloPYcEPx30T1vTrz2cXaVnh.jpg</thumbnail>
	<fanart>https://image.tmdb.org/t/p/w1280/sNaQWTsQFfdhjKweXbgjSHKZ8YS.jpg</fanart>
</item>
<item>
	<title>[COLOR=white]Open Range[/COLOR]</title>
	<meta>
	<imdb>tt0316356</imdb>
	<content>movie</content>
	<title>Open Range</title>
	<year>2003</year>
	</meta>
	<link>
	<sublink>search</sublink>
	<sublink>searchsd</sublink>
	</link>
	<thumbnail>https://image.tmdb.org/t/p/w1280/ykW80VDB24lg4m5QkIPsXtWkWTr.jpg</thumbnail>
	<fanart>https://image.tmdb.org/t/p/w1280/eY1CsL3FOpzJa1ukBqEB1SaYO4x.jpg</fanart>
</item>
<item>
	<title>[COLOR=white]Pale Rider[/COLOR]</title>
	<meta>
	<imdb>tt0089767</imdb>
	<content>movie</content>
	<title>Pale Rider</title>
	<year>1985</year>
	</meta>
	<link>
	<sublink>search</sublink>
	<sublink>searchsd</sublink>
	</link>
	<thumbnail>https://image.tmdb.org/t/p/w1280/kuW0c9bdxjeQ52O5AzXmR3LVRbZ.jpg</thumbnail>
	<fanart>https://image.tmdb.org/t/p/w1280/2Sjgpf8XLtphbfCTPS8ZU96b2J1.jpg</fanart>
</item>
<item>
	<title>[COLOR=white]Pat Garrett & Billy the Kid[/COLOR]</title>
	<meta>
	<imdb>tt0070518</imdb>
	<content>movie</content>
	<title>Pat Garrett & Billy the Kid</title>
	<year>1973</year>
	</meta>
	<link>
	<sublink>search</sublink>
	<sublink>searchsd</sublink>
	</link>
	<thumbnail>https://image.tmdb.org/t/p/w1280/b2T0hxFReZa1KQCaw7RGhOyukOW.jpg</thumbnail>
	<fanart>https://image.tmdb.org/t/p/w1280/mEEJC1tHmxJZ49L0Gc7jsFlvQXJ.jpg</fanart>
</item>
<item>
	<title>[COLOR=white]Rango[/COLOR]</title>
	<meta>
	<imdb>tt1192628</imdb>
	<content>movie</content>
	<title>Rango</title>
	<year>2011</year>
	</meta>
	<link>
	<sublink>search</sublink>
	<sublink>searchsd</sublink>
	</link>
	<thumbnail>https://image.tmdb.org/t/p/w1280/afxRbCwwKjrWgGJtsVNs1BW1Dk5.jpg</thumbnail>
	<fanart>https://image.tmdb.org/t/p/w1280/fX6o5DCdGVEEZ1OT1IourOUkQMb.jpg</fanart>
</item>
<item>
	<title>[COLOR=white]Sabata[/COLOR]</title>
	<meta>
	<imdb>tt0064916</imdb>
	<content>movie</content>
	<title>Sabata</title>
	<year>1969</year>
	</meta>
	<link>
	<sublink>search</sublink>
	<sublink>searchsd</sublink>
	</link>
	<thumbnail>https://image.tmdb.org/t/p/w1280/hUYDQZFvsvYn5Z0fzolS5QMUqzH.jpg</thumbnail>
	<fanart>https://image.tmdb.org/t/p/w1280/iNRwFcUFxzRXsy4jYm1JxLI9vps.jpg</fanart>
</item>
<item>
	<title>[COLOR=white]Sartana the Gravedigger[/COLOR]</title>
	<meta>
	<imdb>tt0065019</imdb>
	<content>movie</content>
	<title>Sartana the Gravedigger</title>
	<year>1969</year>
	</meta>
	<link>
	<sublink>search</sublink>
	<sublink>searchsd</sublink>
	</link>
	<thumbnail>https://image.tmdb.org/t/p/w1280/uorI592cXPmZCvv5PX3f13nOyxU.jpg</thumbnail>
	<fanart>https://image.tmdb.org/t/p/w1280/fogEwAEmy6MmCDZgaJTjC0N3Th1.jpg</fanart>
</item>
<item>
	<title>[COLOR=white]Silverado[/COLOR]</title>
	<meta>
	<imdb>tt0090022</imdb>
	<content>movie</content>
	<title>Silverado</title>
	<year>1985</year>
	</meta>
	<link>
	<sublink>search</sublink>
	<sublink>searchsd</sublink>
	</link>
	<thumbnail>https://image.tmdb.org/t/p/w1280/71nP6NbVPM0tqSM20ZvBfHGIHXm.jpg</thumbnail>
	<fanart>https://image.tmdb.org/t/p/w1280/pzPaaVzfSX3RuGAhrFy4JoGpv53.jpg</fanart>
</item>
<item>
	<title>[COLOR=white]Sukiyaki Western Django[/COLOR]</title>
	<meta>
	<imdb>tt0906665</imdb>
	<content>movie</content>
	<title>Sukiyaki Western Django</title>
	<year>2007</year>
	</meta>
	<link>
	<sublink>search</sublink>
	<sublink>searchsd</sublink>
	</link>
	<thumbnail>https://image.tmdb.org/t/p/w1280/x97kmv4pBODtkws4XqSC4vilaCW.jpg</thumbnail>
	<fanart>https://image.tmdb.org/t/p/w1280/33fU2GlopMnRd2b1T7Yxqtp31Ul.jpg</fanart>
</item>
<item>
	<title>[COLOR=white]The Assassination of Jesse James by the Coward Robert Ford[/COLOR]</title>
	<meta>
	<imdb>tt0443680</imdb>
	<content>movie</content>
	<title>The Assassination of Jesse James by the Coward Robert Ford</title>
	<year>2007</year>
	</meta>
	<link>
	<sublink>search</sublink>
	<sublink>searchsd</sublink>
	</link>
	<thumbnail>https://image.tmdb.org/t/p/w1280/lSFYLoaL4eW7Q5VQ7SZQP4EHRCt.jpg</thumbnail>
	<fanart>https://image.tmdb.org/t/p/w1280/iOpGxpZKY32i0G5LmRDNs5SB7Ce.jpg</fanart>
</item>
<item>
	<title>[COLOR=white]The Big Gundown[/COLOR]</title>
	<meta>
	<imdb>tt0063501</imdb>
	<content>movie</content>
	<title>The Big Gundown</title>
	<year>1966</year>
	</meta>
	<link>
	<sublink>search</sublink>
	<sublink>searchsd</sublink>
	</link>
	<thumbnail>https://image.tmdb.org/t/p/w1280/A38dV8xxuXetWzcSazrdk3wE8Pv.jpg</thumbnail>
	<fanart>https://image.tmdb.org/t/p/w1280/dfGmMFRzZfURBHIeCkYTP8Ug7IF.jpg</fanart>
</item>
<item>
	<title>[COLOR=white]The Good, The Bad, The Weird[/COLOR]</title>
	<meta>
	<imdb>tt0901487</imdb>
	<content>movie</content>
	<title>The Good, The Bad, The Weird</title>
	<year>2008</year>
	</meta>
	<link>
	<sublink>search</sublink>
	<sublink>searchsd</sublink>
	</link>
	<thumbnail>https://image.tmdb.org/t/p/w1280/xPCW8yNfDMQVIJhLHfVbI4MFHZr.jpg</thumbnail>
	<fanart>https://image.tmdb.org/t/p/w1280/ys7MppM8RIAQCUcv5SnmW3gunz8.jpg</fanart>
</item>
<item>
	<title>[COLOR=white]The Good, the Bad and the Ugly[/COLOR]</title>
	<meta>
	<imdb>tt0060196</imdb>
	<content>movie</content>
	<title>The Good, the Bad and the Ugly</title>
	<year>1966</year>
	</meta>
	<link>
	<sublink>search</sublink>
	<sublink>searchsd</sublink>
	</link>
	<thumbnail>https://image.tmdb.org/t/p/w1280/t2Il8inu5Wm9IBTELaZMgZqEoEW.jpg</thumbnail>
	<fanart>https://image.tmdb.org/t/p/w1280/xGC2fY5KFmtuXnsuQwYQKFOLZFy.jpg</fanart>
</item>
<item>
	<title>[COLOR=white]The Great Silence[/COLOR]</title>
	<meta>
	<imdb>tt0063032</imdb>
	<content>movie</content>
	<title>The Great Silence</title>
	<year>1968</year>
	</meta>
	<link>
	<sublink>search</sublink>
	<sublink>searchsd</sublink>
	</link>
	<thumbnail>https://image.tmdb.org/t/p/w1280/5IdkHZ10KmPvZ4aMWTeWivDkn0e.jpg</thumbnail>
	<fanart>https://image.tmdb.org/t/p/w1280/aLpWbfUQ3XnLaefQgbJ39sHImCv.jpg</fanart>
</item>
<item>
	<title>[COLOR=white]The Magnificent Seven[/COLOR]</title>
	<meta>
	<imdb>tt0054047</imdb>
	<content>movie</content>
	<title>The Magnificent Seven</title>
	<year>1960</year>
	</meta>
	<link>
	<sublink>search</sublink>
	<sublink>searchsd</sublink>
	</link>
	<thumbnail>https://image.tmdb.org/t/p/w1280/7w3JmmyL8GpBvW6BusQfQCSm2h0.jpg</thumbnail>
	<fanart>https://image.tmdb.org/t/p/w1280/oRSocDAAADYnCkI4jiUeRnlCnwG.jpg</fanart>
</item>
<item>
	<title>[COLOR=white]The Mercenary[/COLOR]</title>
	<meta>
	<imdb>tt0063293</imdb>
	<content>movie</content>
	<title>The Mercenary</title>
	<year>1968</year>
	</meta>
	<link>
	<sublink>search</sublink>
	<sublink>searchsd</sublink>
	</link>
	<thumbnail>https://image.tmdb.org/t/p/w1280/9giqey6iwDSZg1YzdeiOINpFpMD.jpg</thumbnail>
	<fanart>https://image.tmdb.org/t/p/w1280/n7DONi7kqSiW2gAu7Zv1uHFj4wH.jpg</fanart>
</item>
<item>
	<title>[COLOR=white]The Outlaw Josey Wales[/COLOR]</title>
	<meta>
	<imdb>tt0075029</imdb>
	<content>movie</content>
	<title>The Outlaw Josey Wales</title>
	<year>1976</year>
	</meta>
	<link>
	<sublink>search</sublink>
	<sublink>searchsd</sublink>
	</link>
	<thumbnail>https://image.tmdb.org/t/p/w1280/8HRmovHTe1FTiZ5GUM534izCNL2.jpg</thumbnail>
	<fanart>https://image.tmdb.org/t/p/w1280/vkE1ROrP1gA5c1L31XZ8JR9QRMJ.jpg</fanart>
</item>
<item>
	<title>[COLOR=white]The Proposition[/COLOR]</title>
	<meta>
	<imdb>tt0421238</imdb>
	<content>movie</content>
	<title>The Proposition</title>
	<year>2005</year>
	</meta>
	<link>
	<sublink>search</sublink>
	<sublink>searchsd</sublink>
	</link>
	<thumbnail>https://image.tmdb.org/t/p/w1280/e4j7s9SzaJTfjkorMX1iY38IzZi.jpg</thumbnail>
	<fanart>https://image.tmdb.org/t/p/w1280/wVlW9mO5ffW5J9eXB0XkQc0GNTo.jpg</fanart>
</item>
<item>
	<title>[COLOR=white]The Quick and the Dead[/COLOR]</title>
	<meta>
	<imdb>tt0114214</imdb>
	<content>movie</content>
	<title>The Quick and the Dead</title>
	<year>1995</year>
	</meta>
	<link>
	<sublink>search</sublink>
	<sublink>searchsd</sublink>
	</link>
	<thumbnail>https://image.tmdb.org/t/p/w1280/50ZzhAMO6nunlCp7FrGj7VoLxJV.jpg</thumbnail>
	<fanart>https://image.tmdb.org/t/p/w1280/e4GosmnUbvEGVINl3BC5vc7fIhU.jpg</fanart>
</item>
<item>
	<title>[COLOR=white]The Three Burials of Melquiades Estrada[/COLOR]</title>
	<meta>
	<imdb>tt0419294</imdb>
	<content>movie</content>
	<title>The Three Burials of Melquiades Estrada</title>
	<year>2005</year>
	</meta>
	<link>
	<sublink>search</sublink>
	<sublink>searchsd</sublink>
	</link>
	<thumbnail>https://image.tmdb.org/t/p/w1280/58Ovm2pmo5DLumSfcm2jScJtdw.jpg</thumbnail>
	<fanart>https://image.tmdb.org/t/p/w1280/r1UjQQanTg8Fufp5xctgjO3uxLr.jpg</fanart>
</item>
<item>
	<title>[COLOR=white]The Wild Bunch[/COLOR]</title>
	<meta>
	<imdb>tt0065214</imdb>
	<content>movie</content>
	<title>The Wild Bunch</title>
	<year>1969</year>
	</meta>
	<link>
	<sublink>search</sublink>
	<sublink>searchsd</sublink>
	</link>
	<thumbnail>https://image.tmdb.org/t/p/w1280/zZhp7p8qvfVrSLKpOFHcKjpEj8f.jpg</thumbnail>
	<fanart>https://image.tmdb.org/t/p/w1280/5cU4aQsBVCAnDarJHGYmi6RRRGC.jpg</fanart>
</item>
<item>
	<title>[COLOR=white]They Call Me Trinity[/COLOR]</title>
	<meta>
	<imdb>tt0067355</imdb>
	<content>movie</content>
	<title>They Call Me Trinity</title>
	<year>1970</year>
	</meta>
	<link>
	<sublink>search</sublink>
	<sublink>searchsd</sublink>
	</link>
	<thumbnail>https://image.tmdb.org/t/p/w1280/kqNg5jgj2lc1kPOZlADSL3oRzWp.jpg</thumbnail>
	<fanart>https://image.tmdb.org/t/p/w1280/iE2Y2s15xQcNTG3x7gU2gZVvZ9x.jpg</fanart>
</item>
<item>
	<title>[COLOR=white]Tombstone[/COLOR]</title>
	<meta>
	<imdb>tt0108358</imdb>
	<content>movie</content>
	<title>Tombstone</title>
	<year>1993</year>
	</meta>
	<link>
	<sublink>search</sublink>
	<sublink>searchsd</sublink>
	</link>
	<thumbnail>https://image.tmdb.org/t/p/w1280/xYVtxxQjY0ZT80mMu9kyz4A9QR6.jpg</thumbnail>
	<fanart>https://image.tmdb.org/t/p/w1280/mMcHuNXGZON6G9VTBsBIfAbfKBh.jpg</fanart>
</item>
<item>
	<title>[COLOR=white]True Grit[/COLOR]</title>
	<meta>
	<imdb>tt1403865</imdb>
	<content>movie</content>
	<title>True Grit</title>
	<year>2010</year>
	</meta>
	<link>
	<sublink>search</sublink>
	<sublink>searchsd</sublink>
	</link>
	<thumbnail>https://image.tmdb.org/t/p/w1280/qc7vaF5fIeTllAykdP3wldlMyRh.jpg</thumbnail>
	<fanart>https://image.tmdb.org/t/p/w1280/wDPmggrApz7nxy4BAQk3rCLi3R6.jpg</fanart>
</item>
<item>
	<title>[COLOR=white]True Grit[/COLOR]</title>
	<meta>
	<imdb>tt0065126</imdb>
	<content>movie</content>
	<title>True Grit</title>
	<year>1969</year>
	</meta>
	<link>
	<sublink>search</sublink>
	<sublink>searchsd</sublink>
	</link>
	<thumbnail>https://image.tmdb.org/t/p/w1280/rF3rQO7a44AvLYkQJWUUPKkK0l9.jpg</thumbnail>
	<fanart>https://image.tmdb.org/t/p/w1280/2GFwBXjyHCpUylaQSU00MGPmh1t.jpg</fanart>
</item>
<item>
	<title>[COLOR=white]Unforgiven[/COLOR]</title>
	<meta>
	<imdb>tt0105695</imdb>
	<content>movie</content>
	<title>Unforgiven</title>
	<year>1992</year>
	</meta>
	<link>
	<sublink>search</sublink>
	<sublink>searchsd</sublink>
	</link>
	<thumbnail>https://image.tmdb.org/t/p/w1280/km6qw4qUkHQRN5y2U1juM1WkBFh.jpg</thumbnail>
	<fanart>https://image.tmdb.org/t/p/w1280/nKYH8DaWjKE3RhEyaa0Ue01kPCp.jpg</fanart>
</item>
<item>
	<title>[COLOR=white]Wyatt Earp[/COLOR]</title>
	<meta>
	<imdb>tt0111756</imdb>
	<content>movie</content>
	<title>Wyatt Earp</title>
	<year>1994</year>
	</meta>
	<link>
	<sublink>search</sublink>
	<sublink>searchsd</sublink>
	</link>
	<thumbnail>https://image.tmdb.org/t/p/w1280/zSGDgcWHqmQxmX4mLJZgT5UgLjj.jpg</thumbnail>
	<fanart>https://image.tmdb.org/t/p/w1280/8Fd6fYtOFiCOeucA7oWfwXgi4GQ.jpg</fanart>
</item>
<item>
	<title>[COLOR=white]Young Guns II[/COLOR]</title>
	<meta>
	<imdb>tt0100994</imdb>
	<content>movie</content>
	<title>Young Guns II</title>
	<year>1990</year>
	</meta>
	<link>
	<sublink>search</sublink>
	<sublink>searchsd</sublink>
	</link>
	<thumbnail>https://image.tmdb.org/t/p/w1280/wlHmBfL43UvVILBmBsYvtizmueM.jpg</thumbnail>
	<fanart>https://image.tmdb.org/t/p/w1280/odfh1ImyLsvWxqBaTt06vAyigpP.jpg</fanart>
</item>
<item>
	<title>[COLOR=white]Young Guns[/COLOR]</title>
	<meta>
	<imdb>tt0096487</imdb>
	<content>movie</content>
	<title>Young Guns</title>
	<year>1988</year>
	</meta>
	<link>
	<sublink>search</sublink>
	<sublink>searchsd</sublink>
	</link>
	<thumbnail>https://image.tmdb.org/t/p/w1280/wkGbwWHIM23BkmMBm7GQHaCZan8.jpg</thumbnail>
	<fanart>https://image.tmdb.org/t/p/w1280/llVClV0i94ELiR9dO47fJkPwbq6.jpg</fanart>
</item>
