<item>
	<title>[COLOR=white]100 Kilos[/COLOR]</title>
	<meta>
	<imdb>tt0242586</imdb>
	<content>movie</content>
	<title>100 Kilos</title>
	<year>2001</year>
	</meta>
	<link>
	<sublink>search</sublink>
	<sublink>searchsd</sublink>
	</link>
	<thumbnail>https://image.tmdb.org/t/p/w1280/ondLF2aLx6oumtOxsJTE3ZrFGc3.jpg</thumbnail>
	<fanart>http://www.dvd-covers.org/d/85941-3/5171100_KILO.jpg </fanart>
</item>
<item>
	<title>[COLOR=white]A Better Tomorrow II[/COLOR]</title>
	<meta>
	<imdb>tt0094357</imdb>
	<content>movie</content>
	<title>A Better Tomorrow II</title>
	<year>1987</year>
	</meta>
	<link>
	<sublink>search</sublink>
	<sublink>searchsd</sublink>
	</link>
	<thumbnail>https://image.tmdb.org/t/p/w1280/qEW0hQc376S2PyrjSf5BOgH1eye.jpg</thumbnail>
	<fanart>https://image.tmdb.org/t/p/w1280/ijzrHRa7PhrOk3vR0fb8itWgw9T.jpg</fanart>
</item>
<item>
	<title>[COLOR=white]A Better Tomorrow[/COLOR]</title>
	<meta>
	<imdb>tt0092263</imdb>
	<content>movie</content>
	<title>A Better Tomorrow</title>
	<year>1986</year>
	</meta>
	<link>
	<sublink>search</sublink>
	<sublink>searchsd</sublink>
	</link>
	<thumbnail>https://image.tmdb.org/t/p/w1280/vAhUCI5s9qT6dkWHudjfxnKdQYj.jpg</thumbnail>
	<fanart>https://image.tmdb.org/t/p/w1280/sQvNt0aVXs7X3gR0BMjliEnlym8.png</fanart>
</item>
<item>
	<title>[COLOR=white]A Bronx Tale[/COLOR]</title>
	<meta>
	<imdb>tt0106489</imdb>
	<content>movie</content>
	<title>A Bronx Tale</title>
	<year>1993</year>
	</meta>
	<link>
	<sublink>search</sublink>
	<sublink>searchsd</sublink>
	</link>
	<thumbnail>https://image.tmdb.org/t/p/w1280/sDbO6LmLYtyqAoFTPpRcMgPSCEO.jpg</thumbnail>
	<fanart>https://image.tmdb.org/t/p/w1280/aRMZOhLj6IjnmDnRGjblXYMOPxR.jpg</fanart>
</item>
<item>
	<title>[COLOR=white]A History of Violence[/COLOR]</title>
	<meta>
	<imdb>tt0399146</imdb>
	<content>movie</content>
	<title>A History of Violence</title>
	<year>2005</year>
	</meta>
	<link>
	<sublink>search</sublink>
	<sublink>searchsd</sublink>
	</link>
	<thumbnail>https://image.tmdb.org/t/p/w1280/mz1qCHXxTUJm2AqOdW3IIpwYdo3.jpg</thumbnail>
	<fanart>https://image.tmdb.org/t/p/w1280/8rbvmhGmUqEjLmo2mDycTazEaAc.jpg</fanart>
</item>
<item>
	<title>[COLOR=white]A Quiet Life[/COLOR]</title>
	<meta>
	<imdb>tt1521090</imdb>
	<content>movie</content>
	<title>A Quiet Life</title>
	<year>2010</year>
	</meta>
	<link>
	<sublink>search</sublink>
	<sublink>searchsd</sublink>
	</link>
	<thumbnail>https://image.tmdb.org/t/p/w1280/jE2b7aojjGkLdzPZFbseyeBoMRD.jpg</thumbnail>
	<fanart>https://image.tmdb.org/t/p/w1280/4haelXxKxWoWDgI4k3fDgUKlG4K.jpg</fanart>
</item>
<item>
	<title>[COLOR=white]American Gangster[/COLOR]</title>
	<meta>
	<imdb>tt0765429</imdb>
	<content>movie</content>
	<title>American Gangster</title>
	<year>2007</year>
	</meta>
	<link>
	<sublink>search</sublink>
	<sublink>searchsd</sublink>
	</link>
	<thumbnail>https://image.tmdb.org/t/p/w1280/uDSP5H5akJ85xMGSHRtaqHGBRLD.jpg</thumbnail>
	<fanart>https://image.tmdb.org/t/p/w1280/uSWzHRan14Kxe7AgbA43CSN1fXw.jpg</fanart>
</item>
<item>
	<title>[COLOR=white]American History X[/COLOR]</title>
	<meta>
	<imdb>tt0120586</imdb>
	<content>movie</content>
	<title>American History X</title>
	<year>1998</year>
	</meta>
	<link>
	<sublink>search</sublink>
	<sublink>searchsd</sublink>
	</link>
	<thumbnail>https://image.tmdb.org/t/p/w1280/fXepRAYOx1qC3wju7XdDGx60775.jpg</thumbnail>
	<fanart>https://image.tmdb.org/t/p/w1280/i9A0UMFg1hI2kLyCCwnmSbpT2cd.jpg</fanart>
</item>
<item>
	<title>[COLOR=white]American Me[/COLOR]</title>
	<meta>
	<imdb>tt0103671</imdb>
	<content>movie</content>
	<title>American Me</title>
	<year>1992</year>
	</meta>
	<link>
	<sublink>search</sublink>
	<sublink>searchsd</sublink>
	</link>
	<thumbnail>https://image.tmdb.org/t/p/w1280/1ZQQi5AQCo4ThYxHPy6bKIMOrLm.jpg</thumbnail>
	<fanart>https://image.tmdb.org/t/p/w1280/eJYh0ePAVWqFz1CooYPY8Akl6cH.jpg</fanart>
</item>
<item>
	<title>[COLOR=white]Analyze That[/COLOR]</title>
	<meta>
	<imdb>tt0289848</imdb>
	<content>movie</content>
	<title>Analyze That</title>
	<year>2002</year>
	</meta>
	<link>
	<sublink>search</sublink>
	<sublink>searchsd</sublink>
	</link>
	<thumbnail>https://image.tmdb.org/t/p/w1280/qq12vSFojs306GpQh2hf5oILMsc.jpg</thumbnail>
	<fanart>https://image.tmdb.org/t/p/w1280/4HBhDTmAY2MkdvQm7WDyDIgNDNj.jpg</fanart>
</item>
<item>
	<title>[COLOR=white]Analyze This[/COLOR]</title>
	<meta>
	<imdb>tt0122933</imdb>
	<content>movie</content>
	<title>Analyze This</title>
	<year>1999</year>
	</meta>
	<link>
	<sublink>search</sublink>
	<sublink>searchsd</sublink>
	</link>
	<thumbnail>https://image.tmdb.org/t/p/w1280/eqa4TEgkx63WRhqyD8eTwmL7bUi.jpg</thumbnail>
	<fanart>https://image.tmdb.org/t/p/w1280/36BNaU9xaJruObiSo6THW5YqIM2.jpg</fanart>
</item>
<item>
	<title>[COLOR=white]Belly[/COLOR]</title>
	<meta>
	<imdb>tt0158493</imdb>
	<content>movie</content>
	<title>Belly</title>
	<year>1998</year>
	</meta>
	<link>
	<sublink>search</sublink>
	<sublink>searchsd</sublink>
	</link>
	<thumbnail>https://image.tmdb.org/t/p/w1280/od6CFLhqaSmOMeFuqVPC6ZEU4Fi.jpg</thumbnail>
	<fanart>https://image.tmdb.org/t/p/w1280/gCUdoaqA2lOVq7hj0JZbIr5f3Em.jpg</fanart>
</item>
<item>
	<title>[COLOR=white]Black Rain[/COLOR]</title>
	<meta>
	<imdb>tt0096933</imdb>
	<content>movie</content>
	<title>Black Rain</title>
	<year>1989</year>
	</meta>
	<link>
	<sublink>search</sublink>
	<sublink>searchsd</sublink>
	</link>
	<thumbnail>https://image.tmdb.org/t/p/w1280/dmMIMuByEbzE0x73gjc9YcDjjlx.jpg</thumbnail>
	<fanart>https://image.tmdb.org/t/p/w1280/gDpEPJOgYdGoUeDvExBc0Mc2wvA.jpg</fanart>
</item>
<item>
	<title>[COLOR=white]Boss of Bosses[/COLOR]</title>
	<meta>
	<imdb>tt0205782</imdb>
	<content>movie</content>
	<title>Boss of Bosses</title>
	<year>2001</year>
	</meta>
	<link>
	<sublink>search</sublink>
	<sublink>searchsd</sublink>
	</link>
	<thumbnail>https://image.tmdb.org/t/p/w1280/wHUdTLhDCb98bAdopvud7XccCuv.jpg</thumbnail>
	<fanart>https://image.tmdb.org/t/p/w1280/29JfFabspNh2fbBcnOTqE6rkQMM.jpg</fanart>
</item>
<item>
	<title>[COLOR=white]Bound by Honor[/COLOR]</title>
	<meta>
	<imdb>tt0106469</imdb>
	<content>movie</content>
	<title>Bound by Honor</title>
	<year>1993</year>
	</meta>
	<link>
	<sublink>search</sublink>
	<sublink>searchsd</sublink>
	</link>
	<thumbnail>https://image.tmdb.org/t/p/w1280/ljWRROEZCLrBlSa4eWUBHq7zvnm.jpg</thumbnail>
	<fanart>https://image.tmdb.org/t/p/w1280/zQhFkQBMnzFxddwpUTDVdCzSgf9.jpg</fanart>
</item>
<item>
	<title>[COLOR=white]Boyz n the Hood[/COLOR]</title>
	<meta>
	<imdb>tt0101507</imdb>
	<content>movie</content>
	<title>Boyz n the Hood</title>
	<year>1991</year>
	</meta>
	<link>
	<sublink>search</sublink>
	<sublink>searchsd</sublink>
	</link>
	<thumbnail>https://image.tmdb.org/t/p/w1280/9qQdpidN33pTEaxAP5gaTmCPGFq.jpg</thumbnail>
	<fanart>https://image.tmdb.org/t/p/w1280/numVTm441JOv6d4rQMaNz9o3Gm6.jpg</fanart>
</item>
<item>
	<title>[COLOR=white]Brooklyn's Finest[/COLOR]</title>
	<meta>
	<imdb>tt1210042</imdb>
	<content>movie</content>
	<title>Brooklyn's Finest</title>
	<year>2009</year>
	</meta>
	<link>
	<sublink>search</sublink>
	<sublink>searchsd</sublink>
	</link>
	<thumbnail>https://image.tmdb.org/t/p/w1280/jKSBk0LtZgXxG56uvwiAtYf6ttF.jpg</thumbnail>
	<fanart>https://image.tmdb.org/t/p/w1280/iNuvbrHGNtrUwlm48u4KnQhhMKp.jpg</fanart>
</item>
<item>
	<title>[COLOR=white]Carlito's Way[/COLOR]</title>
	<meta>
	<imdb>tt0106519</imdb>
	<content>movie</content>
	<title>Carlito's Way</title>
	<year>1993</year>
	</meta>
	<link>
	<sublink>search</sublink>
	<sublink>searchsd</sublink>
	</link>
	<thumbnail>https://image.tmdb.org/t/p/w1280/tGPqPHuOCbyFxwllrYgKkPDu9xB.jpg</thumbnail>
	<fanart>https://image.tmdb.org/t/p/w1280/96SWzd50N2HavBkg07QLEcievZh.jpg</fanart>
</item>
<item>
	<title>[COLOR=white]Casino[/COLOR]</title>
	<meta>
	<imdb>tt0112641</imdb>
	<content>movie</content>
	<title>Casino</title>
	<year>1995</year>
	</meta>
	<link>
	<sublink>search</sublink>
	<sublink>searchsd</sublink>
	</link>
	<thumbnail>https://image.tmdb.org/t/p/w1280/jC0dqpkRMwh3A1X2PHahTxOaLbp.jpg</thumbnail>
	<fanart>https://image.tmdb.org/t/p/w1280/eP41pD4YfyVOjdpEaTmoNrL9DGx.jpg</fanart>
</item>
<item>
	<title>[COLOR=white]Caught in the Crossfire[/COLOR]</title>
	<meta>
	<imdb>tt1449379</imdb>
	<content>movie</content>
	<title>Caught in the Crossfire</title>
	<year>2010</year>
	</meta>
	<link>
	<sublink>search</sublink>
	<sublink>searchsd</sublink>
	</link>
	<thumbnail>https://image.tmdb.org/t/p/w1280/8tKIkrNCt0nR8bPKGnJnq6cGbKv.jpg</thumbnail>
	<fanart>https://image.tmdb.org/t/p/w1280/jcdy0YsyP3aPFvXL9HRcQfATImI.jpg</fanart>
</item>
<item>
	<title>[COLOR=white]City of God[/COLOR]</title>
	<meta>
	<imdb>tt0317248</imdb>
	<content>movie</content>
	<title>City of God</title>
	<year>2002</year>
	</meta>
	<link>
	<sublink>search</sublink>
	<sublink>searchsd</sublink>
	</link>
	<thumbnail>https://image.tmdb.org/t/p/w1280/gCqnQaq8T4CfioP9uETLx9iMJF4.jpg</thumbnail>
	<fanart>https://image.tmdb.org/t/p/w1280/k4BAPrE5WkNLvpsPsiMfu8W4Zyi.jpg</fanart>
</item>
<item>
	<title>[COLOR=white]Colors[/COLOR]</title>
	<meta>
	<imdb>tt0094894</imdb>
	<content>movie</content>
	<title>Colors</title>
	<year>1988</year>
	</meta>
	<link>
	<sublink>search</sublink>
	<sublink>searchsd</sublink>
	</link>
	<thumbnail>https://image.tmdb.org/t/p/w1280/aK8kTpbsdY10GCimRt1dIaUq0e8.jpg</thumbnail>
	<fanart>https://image.tmdb.org/t/p/w1280/7cpeCNCYoHSFvZa1ziX0k5CakxI.jpg</fanart>
</item>
<item>
	<title>[COLOR=white]Cop Land[/COLOR]</title>
	<meta>
	<imdb>tt0118887</imdb>
	<content>movie</content>
	<title>Cop Land</title>
	<year>1997</year>
	</meta>
	<link>
	<sublink>search</sublink>
	<sublink>searchsd</sublink>
	</link>
	<thumbnail>https://image.tmdb.org/t/p/w1280/th2UDVewgUAfIXFUaWGWWBxCM91.jpg</thumbnail>
	<fanart>https://image.tmdb.org/t/p/w1280/ltq1i8ienPm7OSdOXl3o8ROgmKc.jpg</fanart>
</item>
<item>
	<title>[COLOR=white]Dead Presidents[/COLOR]</title>
	<meta>
	<imdb>tt0112819</imdb>
	<content>movie</content>
	<title>Dead Presidents</title>
	<year>1995</year>
	</meta>
	<link>
	<sublink>search</sublink>
	<sublink>searchsd</sublink>
	</link>
	<thumbnail>https://image.tmdb.org/t/p/w1280/2dLyvXVvJXUR9otoqERkYpao1bB.jpg</thumbnail>
	<fanart>https://image.tmdb.org/t/p/w1280/9BKQyHkIHW4K7JvmtZB3Ty3aPv2.jpg</fanart>
</item>
<item>
	<title>[COLOR=white]Donnie Brasco[/COLOR]</title>
	<meta>
	<imdb>tt0119008</imdb>
	<content>movie</content>
	<title>Donnie Brasco</title>
	<year>1997</year>
	</meta>
	<link>
	<sublink>search</sublink>
	<sublink>searchsd</sublink>
	</link>
	<thumbnail>https://image.tmdb.org/t/p/w1280/xtKLvpOfARi1XVm8u2FTdhY5Piq.jpg</thumbnail>
	<fanart>https://image.tmdb.org/t/p/w1280/1aVNngSHPmcYYCXS0NaqpcbUo9M.jpg</fanart>
</item>
<item>
	<title>[COLOR=white]Drug War[/COLOR]</title>
	<meta>
	<imdb>tt2165735</imdb>
	<content>movie</content>
	<title>Drug War</title>
	<year>2012</year>
	</meta>
	<link>
	<sublink>search</sublink>
	<sublink>searchsd</sublink>
	</link>
	<thumbnail>https://image.tmdb.org/t/p/w1280/vp5kWGCoMDP5vlNJvA4gC7FjlbW.jpg</thumbnail>
	<fanart>https://image.tmdb.org/t/p/w1280/sQAKvy8xgeyZX4KoWxH737PKA10.jpg</fanart>
</item>
<item>
	<title>[COLOR=white]Eastern Promises[/COLOR]</title>
	<meta>
	<imdb>tt0765443</imdb>
	<content>movie</content>
	<title>Eastern Promises</title>
	<year>2007</year>
	</meta>
	<link>
	<sublink>search</sublink>
	<sublink>searchsd</sublink>
	</link>
	<thumbnail>https://image.tmdb.org/t/p/w1280/uQduBOXqpC4XG8qK2pMcqz1OnQY.jpg</thumbnail>
	<fanart>https://image.tmdb.org/t/p/w1280/9KX4n538DJOXrvspKK5ZJI56RPt.jpg</fanart>
</item>
<item>
	<title>[COLOR=white]Election 2[/COLOR]</title>
	<meta>
	<imdb>tt0491244</imdb>
	<content>movie</content>
	<title>Election 2</title>
	<year>2006</year>
	</meta>
	<link>
	<sublink>search</sublink>
	<sublink>searchsd</sublink>
	</link>
	<thumbnail>https://image.tmdb.org/t/p/w1280/4TsFOYGM6Ccf0eghKYMzEuwUuEQ.jpg</thumbnail>
	<fanart>https://image.tmdb.org/t/p/w1280/w49oL9s3NfPxSvqZlkPqCAI0aNJ.jpg</fanart>
</item>
<item>
	<title>[COLOR=white]Election[/COLOR]</title>
	<meta>
	<imdb>tt0434008</imdb>
	<content>movie</content>
	<title>Election</title>
	<year>2005</year>
	</meta>
	<link>
	<sublink>search</sublink>
	<sublink>searchsd</sublink>
	</link>
	<thumbnail>https://image.tmdb.org/t/p/w1280/xLfgW5C8lzLvfqU1rHHC4K2EhUb.jpg</thumbnail>
	<fanart>https://image.tmdb.org/t/p/w1280/qTeS2FY085des4eRAIQ1DzaOt0n.jpg</fanart>
</item>
<item>
	<title>[COLOR=white]Elite Squad: The Enemy Within[/COLOR]</title>
	<meta>
	<imdb>tt1555149</imdb>
	<content>movie</content>
	<title>Elite Squad: The Enemy Within</title>
	<year>2010</year>
	</meta>
	<link>
	<sublink>search</sublink>
	<sublink>searchsd</sublink>
	</link>
	<thumbnail>https://image.tmdb.org/t/p/w1280/65Uy9xucPOAZDKa54RlojVyP24k.jpg</thumbnail>
	<fanart>https://image.tmdb.org/t/p/w1280/oMaCjoomZ1ZvFX7sASAbcDrkxU7.jpg</fanart>
</item>
<item>
	<title>[COLOR=white]Elite Squad[/COLOR]</title>
	<meta>
	<imdb>tt0861739</imdb>
	<content>movie</content>
	<title>Elite Squad</title>
	<year>2007</year>
	</meta>
	<link>
	<sublink>search</sublink>
	<sublink>searchsd</sublink>
	</link>
	<thumbnail>https://image.tmdb.org/t/p/w1280/soOOLcNFRHCKf1WD6T8psUY5Xgi.jpg</thumbnail>
	<fanart>https://image.tmdb.org/t/p/w1280/7hhmSkzktUm5GxuVUWXlJrVx81L.jpg</fanart>
</item>
<item>
	<title>[COLOR=white]Find Me Guilty[/COLOR]</title>
	<meta>
	<imdb>tt0419749</imdb>
	<content>movie</content>
	<title>Find Me Guilty</title>
	<year>2006</year>
	</meta>
	<link>
	<sublink>search</sublink>
	<sublink>searchsd</sublink>
	</link>
	<thumbnail>https://image.tmdb.org/t/p/w1280/bgErUZPDPdvx90Fk7awqOerg3sF.jpg</thumbnail>
	<fanart>https://image.tmdb.org/t/p/w1280/8wvtEMOhZf31B2MFTwlvDsvJcVu.jpg</fanart>
</item>
<item>
	<title>[COLOR=white]Fresh[/COLOR]</title>
	<meta>
	<imdb>tt0109842</imdb>
	<content>movie</content>
	<title>Fresh</title>
	<year>1994</year>
	</meta>
	<link>
	<sublink>search</sublink>
	<sublink>searchsd</sublink>
	</link>
	<thumbnail>https://image.tmdb.org/t/p/w1280/uXRIIUzjDZZdWR2cUzPJ9eAqaHv.jpg</thumbnail>
	<fanart>https://image.tmdb.org/t/p/w1280/2ROrwXMOqRr8fAUgH7ARPARjBcS.jpg</fanart>
</item>
<item>
	<title>[COLOR=white]Gang Related[/COLOR]</title>
	<meta>
	<imdb>tt0118900</imdb>
	<content>movie</content>
	<title>Gang Related</title>
	<year>1997</year>
	</meta>
	<link>
	<sublink>search</sublink>
	<sublink>searchsd</sublink>
	</link>
	<thumbnail>https://image.tmdb.org/t/p/w1280/fxlSIqCkZSttymnSvL6RHHmr0Fh.jpg</thumbnail>
	<fanart>https://image.tmdb.org/t/p/w1280/yWjWTIL1yL2Wx6xdqyXss0VYnvK.jpg</fanart>
</item>
<item>
	<title>[COLOR=white]Gang Tapes[/COLOR]</title>
	<meta>
	<imdb>tt0276977</imdb>
	<content>movie</content>
	<title>Gang Tapes</title>
	<year>2001</year>
	</meta>
	<link>
	<sublink>search</sublink>
	<sublink>searchsd</sublink>
	</link>
	<thumbnail>https://image.tmdb.org/t/p/w1280/kR8mZUKhuCOQ9UAEEsnWvtmAtiB.jpg</thumbnail>
	<fanart>https://image.tmdb.org/t/p/w1280/f4odhyoSc8UgXBdCuGaSl5sY5Ur.jpg</fanart>
</item>
<item>
	<title>[COLOR=white]Gangs of New York[/COLOR]</title>
	<meta>
	<imdb>tt0217505</imdb>
	<content>movie</content>
	<title>Gangs of New York</title>
	<year>2002</year>
	</meta>
	<link>
	<sublink>search</sublink>
	<sublink>searchsd</sublink>
	</link>
	<thumbnail>https://image.tmdb.org/t/p/w1280/ytKo2tLvKUd9Kbs0poXSQh6ft7d.jpg</thumbnail>
	<fanart>https://image.tmdb.org/t/p/w1280/a2Aj5ksEo2HOUH3FbGyZCtaJM4C.jpg</fanart>
</item>
<item>
	<title>[COLOR=white]Gangster Squad[/COLOR]</title>
	<meta>
	<imdb>tt1321870</imdb>
	<content>movie</content>
	<title>Gangster Squad</title>
	<year>2013</year>
	</meta>
	<link>
	<sublink>search</sublink>
	<sublink>searchsd</sublink>
	</link>
	<thumbnail>https://image.tmdb.org/t/p/w1280/qutxlK5ggpFZ2Cq0a4sOUsUNvKB.jpg</thumbnail>
	<fanart>https://image.tmdb.org/t/p/w1280/vxsmU9IgSSd59C3ARg0KIhJzYwy.jpg</fanart>
</item>
<item>
	<title>[COLOR=white]Get Shorty[/COLOR]</title>
	<meta>
	<imdb>tt0113161</imdb>
	<content>movie</content>
	<title>Get Shorty</title>
	<year>1995</year>
	</meta>
	<link>
	<sublink>search</sublink>
	<sublink>searchsd</sublink>
	</link>
	<thumbnail>https://image.tmdb.org/t/p/w1280/vWtDUUgQAsVyvRW4mE75LBgVm2e.jpg</thumbnail>
	<fanart>https://image.tmdb.org/t/p/w1280/g1BfxcnplYEveGqS1ttfhdRBgbR.jpg</fanart>
</item>
<item>
	<title>[COLOR=white]Ghost Dog: The Way of the Samurai[/COLOR]</title>
	<meta>
	<imdb>tt0165798</imdb>
	<content>movie</content>
	<title>Ghost Dog: The Way of the Samurai</title>
	<year>1999</year>
	</meta>
	<link>
	<sublink>search</sublink>
	<sublink>searchsd</sublink>
	</link>
	<thumbnail>https://image.tmdb.org/t/p/w1280/vkmrlVxvcQ6NPWlXBS9mqQ7goVv.jpg</thumbnail>
	<fanart>https://image.tmdb.org/t/p/w1280/hCmImSZ0OyIGxnCrL3LMA3dEZpm.jpg</fanart>
</item>
<item>
	<title>[COLOR=white]Gomorrah[/COLOR]</title>
	<meta>
	<imdb>tt0929425</imdb>
	<content>movie</content>
	<title>Gomorrah</title>
	<year>2008</year>
	</meta>
	<link>
	<sublink>search</sublink>
	<sublink>searchsd</sublink>
	</link>
	<thumbnail>https://image.tmdb.org/t/p/w1280/6aVJi30jxywKXbrpcBD11AuVoKv.jpg</thumbnail>
	<fanart>https://image.tmdb.org/t/p/w1280/7p7FIvssqsYUAdmhbgHSExzNk9D.jpg</fanart>
</item>
<item>
	<title>[COLOR=white]GoodFellas[/COLOR]</title>
	<meta>
	<imdb>tt0099685</imdb>
	<content>movie</content>
	<title>GoodFellas</title>
	<year>1990</year>
	</meta>
	<link>
	<sublink>search</sublink>
	<sublink>searchsd</sublink>
	</link>
	<thumbnail>https://image.tmdb.org/t/p/w1280/hAPeXBdGDGmXRPj4OZZ0poH65Iu.jpg</thumbnail>
	<fanart>https://image.tmdb.org/t/p/w1280/sw7mordbZxgITU877yTpZCud90M.jpg</fanart>
</item>
<item>
	<title>[COLOR=white]Gotti[/COLOR]</title>
	<meta>
	<imdb>tt0116441</imdb>
	<content>movie</content>
	<title>Gotti</title>
	<year>1996</year>
	</meta>
	<link>
	<sublink>search</sublink>
	<sublink>searchsd</sublink>
	</link>
	<thumbnail>https://image.tmdb.org/t/p/w1280/9bKvfTOGoJ6z4jwGf8S0rLVbbLs.jpg</thumbnail>
	<fanart>https://image.tmdb.org/t/p/w1280/qRzaLglbGA51ZNZglzixmwGLAxa.jpg</fanart>
</item>
<item>
	<title>[COLOR=white]Hard Boiled[/COLOR]</title>
	<meta>
	<imdb>tt0104684</imdb>
	<content>movie</content>
	<title>Hard Boiled</title>
	<year>1992</year>
	</meta>
	<link>
	<sublink>search</sublink>
	<sublink>searchsd</sublink>
	</link>
	<thumbnail>https://image.tmdb.org/t/p/w1280/8CfUC5QPTNe5NHlXWvYzpKIl3xs.jpg</thumbnail>
	<fanart>https://image.tmdb.org/t/p/w1280/kWBOQ9G5INFsfPvrDfXUYj06kF0.jpg</fanart>
</item>
<item>
	<title>[COLOR=white]Heat[/COLOR]</title>
	<meta>
	<imdb>tt0113277</imdb>
	<content>movie</content>
	<title>Heat</title>
	<year>1995</year>
	</meta>
	<link>
	<sublink>search</sublink>
	<sublink>searchsd</sublink>
	</link>
	<thumbnail>https://image.tmdb.org/t/p/w1280/zMyfPUelumio3tiDKPffaUpsQTD.jpg</thumbnail>
	<fanart>https://image.tmdb.org/t/p/w1280/jMzVSwQp1lLVq9fnQQ4yOjr1YZ2.jpg</fanart>
</item>
<item>
	<title>[COLOR=white]Hustle & Flow[/COLOR]</title>
	<meta>
	<imdb>tt0410097</imdb>
	<content>movie</content>
	<title>Hustle & Flow</title>
	<year>2005</year>
	</meta>
	<link>
	<sublink>search</sublink>
	<sublink>searchsd</sublink>
	</link>
	<thumbnail>https://image.tmdb.org/t/p/w1280/2LCm2B02i7dNDWqoOBDmiZTEuyl.jpg</thumbnail>
	<fanart>https://image.tmdb.org/t/p/w1280/7B05PWjXIW7uiO3x5ZpmuTQJsIO.jpg</fanart>
</item>
<item>
	<title>[COLOR=white]Infernal Affairs[/COLOR]</title>
	<meta>
	<imdb>tt0338564</imdb>
	<content>movie</content>
	<title>Infernal Affairs</title>
	<year>2002</year>
	</meta>
	<link>
	<sublink>search</sublink>
	<sublink>searchsd</sublink>
	</link>
	<thumbnail>https://image.tmdb.org/t/p/w1280/g4LGFGLGjVXkWGYCePbTidw5LKV.jpg</thumbnail>
	<fanart>https://image.tmdb.org/t/p/w1280/u7OoqcZzOIL6VXD9JZ5EOSTLt6p.jpg</fanart>
</item>
<item>
	<title>[COLOR=white]Jamaican Mafia[/COLOR]</title>
	<meta>
	<imdb>tt3629834</imdb>
	<content>movie</content>
	<title>Jamaican Mafia</title>
	<year>2015</year>
	</meta>
	<link>
	<sublink>search</sublink>
	<sublink>searchsd</sublink>
	</link>
	<thumbnail>https://image.tmdb.org/t/p/w1280/beWd3arK0JT3FeIyZ43f7FCDYT9.jpg</thumbnail>
	<fanart>https://image.tmdb.org/t/p/w1280/qA61JMSYJhrzWtBSUEkkcHQ89Ie.jpg</fanart>
</item>
<item>
	<title>[COLOR=white]Kill the Irishman[/COLOR]</title>
	<meta>
	<imdb>tt1416801</imdb>
	<content>movie</content>
	<title>Kill the Irishman</title>
	<year>2011</year>
	</meta>
	<link>
	<sublink>search</sublink>
	<sublink>searchsd</sublink>
	</link>
	<thumbnail>https://image.tmdb.org/t/p/w1280/stwIjts5428V8v45mYmUmD9XhHd.jpg</thumbnail>
	<fanart>https://image.tmdb.org/t/p/w1280/j6UF7h8mIUBb6MLQSMCWneHis7r.jpg</fanart>
</item>
<item>
	<title>[COLOR=white]King of New York[/COLOR]</title>
	<meta>
	<imdb>tt0099939</imdb>
	<content>movie</content>
	<title>King of New York</title>
	<year>1990</year>
	</meta>
	<link>
	<sublink>search</sublink>
	<sublink>searchsd</sublink>
	</link>
	<thumbnail>https://image.tmdb.org/t/p/w1280/yxz2WCtYM3xmiztnpVDgG82yJ2h.jpg</thumbnail>
	<fanart>https://image.tmdb.org/t/p/w1280/flkebwiOTS1kplumxsjhJtE4FKr.jpg</fanart>
</item>
<item>
	<title>[COLOR=white]L.A. Confidential[/COLOR]</title>
	<meta>
	<imdb>tt0119488</imdb>
	<content>movie</content>
	<title>L.A. Confidential</title>
	<year>1997</year>
	</meta>
	<link>
	<sublink>search</sublink>
	<sublink>searchsd</sublink>
	</link>
	<thumbnail>https://image.tmdb.org/t/p/w1280/thSF1eMcPgBTGVRV9eu7KbeCIPE.jpg</thumbnail>
	<fanart>https://image.tmdb.org/t/p/w1280/hNIzJtfkidpgER4jDQbmuK8Ebgn.jpg</fanart>
</item>
<item>
	<title>[COLOR=white]La Haine[/COLOR]</title>
	<meta>
	<imdb>tt0113247</imdb>
	<content>movie</content>
	<title>La Haine</title>
	<year>1995</year>
	</meta>
	<link>
	<sublink>search</sublink>
	<sublink>searchsd</sublink>
	</link>
	<thumbnail>https://image.tmdb.org/t/p/w1280/jTzBED0leGPwWDqNewye11qzJgd.jpg</thumbnail>
	<fanart>https://image.tmdb.org/t/p/w1280/t52ImvH020yOvoEhH6sRzC6XoCj.jpg</fanart>
</item>
<item>
	<title>[COLOR=white]Last Man Standing[/COLOR]</title>
	<meta>
	<imdb>tt0116830</imdb>
	<content>movie</content>
	<title>Last Man Standing</title>
	<year>1996</year>
	</meta>
	<link>
	<sublink>search</sublink>
	<sublink>searchsd</sublink>
	</link>
	<thumbnail>https://image.tmdb.org/t/p/w1280/fkURS96D2ceuocZIBuyiIBGHilF.jpg</thumbnail>
	<fanart>https://image.tmdb.org/t/p/w1280/lD1ukTu3oEHMC4lFMt7Xfj0QaQ1.jpg</fanart>
</item>
<item>
	<title>[COLOR=white]Lawless[/COLOR]</title>
	<meta>
	<imdb>tt1212450</imdb>
	<content>movie</content>
	<title>Lawless</title>
	<year>2012</year>
	</meta>
	<link>
	<sublink>search</sublink>
	<sublink>searchsd</sublink>
	</link>
	<thumbnail>https://image.tmdb.org/t/p/w1280/uViCpDSOo0Pexx1KWX7NXQaS9BH.jpg</thumbnail>
	<fanart>https://image.tmdb.org/t/p/w1280/qNXTnWdDura71AHfSu1Cf3VXupA.jpg</fanart>
</item>
<item>
	<title>[COLOR=white]Layer Cake[/COLOR]</title>
	<meta>
	<imdb>tt0375912</imdb>
	<content>movie</content>
	<title>Layer Cake</title>
	<year>2004</year>
	</meta>
	<link>
	<sublink>search</sublink>
	<sublink>searchsd</sublink>
	</link>
	<thumbnail>https://image.tmdb.org/t/p/w1280/y6BzUkrx789OhVMDXZiBBVHu6OQ.jpg</thumbnail>
	<fanart>https://image.tmdb.org/t/p/w1280/neSLpxwG5TWNzCPDUIZ9kbl2bOL.jpg</fanart>
</item>
<item>
	<title>[COLOR=white]Legend[/COLOR]</title>
	<meta>
	<imdb>tt3569230</imdb>
	<content>movie</content>
	<title>Legend</title>
	<year>2015</year>
	</meta>
	<link>
	<sublink>search</sublink>
	<sublink>searchsd</sublink>
	</link>
	<thumbnail>https://image.tmdb.org/t/p/w1280/nXXI1MCJ0ugMetJ5Qn7ofDXANxf.jpg</thumbnail>
	<fanart>https://image.tmdb.org/t/p/w1280/lgQ8axR46D8GwYT7n77YiCoGs1j.jpg</fanart>
</item>
<item>
	<title>[COLOR=white]Lucky Number Slevin[/COLOR]</title>
	<meta>
	<imdb>tt0425210</imdb>
	<content>movie</content>
	<title>Lucky Number Slevin</title>
	<year>2006</year>
	</meta>
	<link>
	<sublink>search</sublink>
	<sublink>searchsd</sublink>
	</link>
	<thumbnail>https://image.tmdb.org/t/p/w1280/jtKq0EtothAzWlnRBBWGCA8uFuu.jpg</thumbnail>
	<fanart>https://image.tmdb.org/t/p/w1280/8nvayG5l0urcjvvpszoECDqLWzD.jpg</fanart>
</item>
<item>
	<title>[COLOR=white]Man on Fire[/COLOR]</title>
	<meta>
	<imdb>tt0328107</imdb>
	<content>movie</content>
	<title>Man on Fire</title>
	<year>2004</year>
	</meta>
	<link>
	<sublink>search</sublink>
	<sublink>searchsd</sublink>
	</link>
	<thumbnail>https://image.tmdb.org/t/p/w1280/qAbRLPe8T7ehKzr1Tgo78T7ASrS.jpg</thumbnail>
	<fanart>https://image.tmdb.org/t/p/w1280/2cBmeSLCyLqkn6YIERKdRUToqsa.jpg</fanart>
</item>
<item>
	<title>[COLOR=white]Mean Streets[/COLOR]</title>
	<meta>
	<imdb>tt0070379</imdb>
	<content>movie</content>
	<title>Mean Streets</title>
	<year>1973</year>
	</meta>
	<link>
	<sublink>search</sublink>
	<sublink>searchsd</sublink>
	</link>
	<thumbnail>https://image.tmdb.org/t/p/w1280/3awGnJPs7XmGyCB2eFdxVm6GlGd.jpg</thumbnail>
	<fanart>https://image.tmdb.org/t/p/w1280/11HyjcaDbuHQceElP9gpAshdNez.jpg</fanart>
</item>
<item>
	<title>[COLOR=white]Menace II Society[/COLOR]</title>
	<meta>
	<imdb>tt0107554</imdb>
	<content>movie</content>
	<title>Menace II Society</title>
	<year>1993</year>
	</meta>
	<link>
	<sublink>search</sublink>
	<sublink>searchsd</sublink>
	</link>
	<thumbnail>https://image.tmdb.org/t/p/w1280/s1uQMgbK2tfaYltK6uDXU1xoYWA.jpg</thumbnail>
	<fanart>https://image.tmdb.org/t/p/w1280/fQPZ4trYK3wxPMSv9JmpKqgzsma.jpg</fanart>
</item>
<item>
	<title>[COLOR=white]Miller's Crossing[/COLOR]</title>
	<meta>
	<imdb>tt0100150</imdb>
	<content>movie</content>
	<title>Miller's Crossing</title>
	<year>1990</year>
	</meta>
	<link>
	<sublink>search</sublink>
	<sublink>searchsd</sublink>
	</link>
	<thumbnail>https://image.tmdb.org/t/p/w1280/gmUAhNHY4bxQzgHjXci5JAW7u62.jpg</thumbnail>
	<fanart>https://image.tmdb.org/t/p/w1280/dYClzpvR7dCnlcQOE06OkgzfnyG.jpg</fanart>
</item>
<item>
	<title>[COLOR=white]New Jack City[/COLOR]</title>
	<meta>
	<imdb>tt0102526</imdb>
	<content>movie</content>
	<title>New Jack City</title>
	<year>1991</year>
	</meta>
	<link>
	<sublink>search</sublink>
	<sublink>searchsd</sublink>
	</link>
	<thumbnail>https://image.tmdb.org/t/p/w1280/txv0O2JFb2FimlR3Afhzc1z2Gas.jpg</thumbnail>
	<fanart>https://image.tmdb.org/t/p/w1280/dwXtZnPJwYI8tOju4k8VnBu3EVS.jpg</fanart>
</item>
<item>
	<title>[COLOR=white]Notorious[/COLOR]</title>
	<meta>
	<imdb>tt0472198</imdb>
	<content>movie</content>
	<title>Notorious</title>
	<year>2009</year>
	</meta>
	<link>
	<sublink>search</sublink>
	<sublink>searchsd</sublink>
	</link>
	<thumbnail>https://image.tmdb.org/t/p/w1280/lfKALQovRf46vVC12Rnl0mSRPyu.jpg</thumbnail>
	<fanart>https://image.tmdb.org/t/p/w1280/xBug003nu97sBYaHzXox2PVR6Mw.jpg</fanart>
</item>
<item>
	<title>[COLOR=white]Once Upon a Time in America[/COLOR]</title>
	<meta>
	<imdb>tt0087843</imdb>
	<content>movie</content>
	<title>Once Upon a Time in America</title>
	<year>1984</year>
	</meta>
	<link>
	<sublink>search</sublink>
	<sublink>searchsd</sublink>
	</link>
	<thumbnail>https://image.tmdb.org/t/p/w1280/fqP3Q7DWMFqW7mh11hWXbNwN9rz.jpg</thumbnail>
	<fanart>https://image.tmdb.org/t/p/w1280/vnT6HzjLSDrAweHn9xWykb8Ii6T.jpg</fanart>
</item>
<item>
	<title>[COLOR=white]Paid in Full[/COLOR]</title>
	<meta>
	<imdb>tt0259484</imdb>
	<content>movie</content>
	<title>Paid in Full</title>
	<year>2002</year>
	</meta>
	<link>
	<sublink>search</sublink>
	<sublink>searchsd</sublink>
	</link>
	<thumbnail>https://image.tmdb.org/t/p/w1280/k8hSrpnoQe8OFd10BljdYF0m1Wi.jpg</thumbnail>
	<fanart>https://image.tmdb.org/t/p/w1280/wCbhLdn0iuC6ulGHBo7idulOfef.jpg</fanart>
</item>
<item>
	<title>[COLOR=white]Public Enemies[/COLOR]</title>
	<meta>
	<imdb>tt1152836</imdb>
	<content>movie</content>
	<title>Public Enemies</title>
	<year>2009</year>
	</meta>
	<link>
	<sublink>search</sublink>
	<sublink>searchsd</sublink>
	</link>
	<thumbnail>https://image.tmdb.org/t/p/w1280/qisfF7ENdmGI8fpQJoCxIIU1QhH.jpg</thumbnail>
	<fanart>https://image.tmdb.org/t/p/w1280/xwdGyVw5ELdfGMwpmN6D5Bk4THH.jpg</fanart>
</item>
<item>
	<title>[COLOR=white]Road to Perdition[/COLOR]</title>
	<meta>
	<imdb>tt0257044</imdb>
	<content>movie</content>
	<title>Road to Perdition</title>
	<year>2002</year>
	</meta>
	<link>
	<sublink>search</sublink>
	<sublink>searchsd</sublink>
	</link>
	<thumbnail>https://image.tmdb.org/t/p/w1280/jn0GH8klINSQtRNifY8W2Kv4ajl.jpg</thumbnail>
	<fanart>https://image.tmdb.org/t/p/w1280/z1ePpG598FI2az9fZrvHmKbV5Tz.jpg</fanart>
</item>
<item>
	<title>[COLOR=white]Romper Stomper[/COLOR]</title>
	<meta>
	<imdb>tt0105275</imdb>
	<content>movie</content>
	<title>Romper Stomper</title>
	<year>1992</year>
	</meta>
	<link>
	<sublink>search</sublink>
	<sublink>searchsd</sublink>
	</link>
	<thumbnail>https://image.tmdb.org/t/p/w1280/yvvMC6AVPgObMmjfe5disvRE14y.jpg</thumbnail>
	<fanart>https://image.tmdb.org/t/p/w1280/yIAwrHHGZRlddCnPs6niueDKRq7.jpg</fanart>
</item>
<item>
	<title>[COLOR=white]SPL: Kill Zone[/COLOR]</title>
	<meta>
	<imdb>tt0478024</imdb>
	<content>movie</content>
	<title>SPL: Kill Zone</title>
	<year>2005</year>
	</meta>
	<link>
	<sublink>search</sublink>
	<sublink>searchsd</sublink>
	</link>
	<thumbnail>https://image.tmdb.org/t/p/w1280/ijSFK7vW99pE1sL5BzMQbX6MSAL.jpg</thumbnail>
	<fanart>https://image.tmdb.org/t/p/w1280/hj4jREQ05K02a1fnQJrkYSZ4A1M.jpg</fanart>
</item>
<item>
	<title>[COLOR=white]Scarface[/COLOR]</title>
	<meta>
	<imdb>tt0086250</imdb>
	<content>movie</content>
	<title>Scarface</title>
	<year>1983</year>
	</meta>
	<link>
	<sublink>search</sublink>
	<sublink>searchsd</sublink>
	</link>
	<thumbnail>https://image.tmdb.org/t/p/w1280/zr2p353wrd6j3wjLgDT4TcaestB.jpg</thumbnail>
	<fanart>https://image.tmdb.org/t/p/w1280/51fjuzYoJKvGW43j32nBpWW6Tm1.jpg</fanart>
</item>
<item>
	<title>[COLOR=white]Serpico[/COLOR]</title>
	<meta>
	<imdb>tt0070666</imdb>
	<content>movie</content>
	<title>Serpico</title>
	<year>1973</year>
	</meta>
	<link>
	<sublink>search</sublink>
	<sublink>searchsd</sublink>
	</link>
	<thumbnail>https://image.tmdb.org/t/p/w1280/dq3PTFp0lLlEa2TnJepEknU2Sys.jpg</thumbnail>
	<fanart>https://image.tmdb.org/t/p/w1280/6pHv9P9yNXvOAp6G9UU8W8wzeLR.jpg</fanart>
</item>
<item>
	<title>[COLOR=white]Shot Caller[/COLOR]</title>
	<meta>
	<imdb>tt4633690</imdb>
	<content>movie</content>
	<title>Shot Caller</title>
	<year>2017</year>
	</meta>
	<link>
	<sublink>search</sublink>
	<sublink>searchsd</sublink>
	</link>
	<thumbnail>https://image.tmdb.org/t/p/w1280/qLmLz2wtyYvmW8Ult3l2ngOnW8v.jpg</thumbnail>
	<fanart>https://image.tmdb.org/t/p/w1280/hehboYLXB3m90x9ybiBsupwuifL.jpg</fanart>
</item>
<item>
	<title>[COLOR=white]South Central[/COLOR]</title>
	<meta>
	<imdb>tt0105450</imdb>
	<content>movie</content>
	<title>South Central</title>
	<year>1992</year>
	</meta>
	<link>
	<sublink>search</sublink>
	<sublink>searchsd</sublink>
	</link>
	<thumbnail>https://image.tmdb.org/t/p/w1280/3oA4UMi1c6hxQrHwtv3ZXgnfHFN.jpg</thumbnail>
	<fanart>https://image.tmdb.org/t/p/w1280/mOJLd63IizzSudTt7QnttcBMwWT.jpg</fanart>
</item>
<item>
	<title>[COLOR=white]State of Grace[/COLOR]</title>
	<meta>
	<imdb>tt0100685</imdb>
	<content>movie</content>
	<title>State of Grace</title>
	<year>1990</year>
	</meta>
	<link>
	<sublink>search</sublink>
	<sublink>searchsd</sublink>
	</link>
	<thumbnail>https://image.tmdb.org/t/p/w1280/5vwP5vUBqizNI5O7UU6mAgkTkGa.jpg</thumbnail>
	<fanart>https://image.tmdb.org/t/p/w1280/6MuU4kX50nioR4ad1jSyFXfFv5h.jpg</fanart>
</item>
<item>
	<title>[COLOR=white]The Client[/COLOR]</title>
	<meta>
	<imdb>tt0109446</imdb>
	<content>movie</content>
	<title>The Client</title>
	<year>1994</year>
	</meta>
	<link>
	<sublink>search</sublink>
	<sublink>searchsd</sublink>
	</link>
	<thumbnail>https://image.tmdb.org/t/p/w1280/hRviyh7ky1IJ0yusr8ZJ73DNT0Q.jpg</thumbnail>
	<fanart>https://image.tmdb.org/t/p/w1280/cmJeM2aXBHWIsftfb7dz3ksjyDV.jpg</fanart>
</item>
<item>
	<title>[COLOR=white]The Death Collector[/COLOR]</title>
	<meta>
	<imdb>tt0072855</imdb>
	<content>movie</content>
	<title>The Death Collector</title>
	<year>1976</year>
	</meta>
	<link>
	<sublink>search</sublink>
	<sublink>searchsd</sublink>
	</link>
	<thumbnail>https://image.tmdb.org/t/p/w1280/1Foz64MHW5qhmAxcBdsXoaZK6Tz.jpg</thumbnail>
	<fanart>http://4.bp.blogspot.com/-TmD1slvMkWw/VhVNz6otC1I/AAAAAAAAJPs/Iqu666JY3kI/s640/Deathcoll_kindlephoto-6791594.jpg</fanart>
</item>
<item>
	<title>[COLOR=white]The Departed[/COLOR]</title>
	<meta>
	<imdb>tt0407887</imdb>
	<content>movie</content>
	<title>The Departed</title>
	<year>2006</year>
	</meta>
	<link>
	<sublink>search</sublink>
	<sublink>searchsd</sublink>
	</link>
	<thumbnail>https://image.tmdb.org/t/p/w1280/tGLO9zw5ZtCeyyEWgbYGgsFxC6i.jpg</thumbnail>
	<fanart>https://image.tmdb.org/t/p/w1280/8Od5zV7Q7zNOX0y9tyNgpTmoiGA.jpg</fanart>
</item>
<item>
	<title>[COLOR=white]The French Connection[/COLOR]</title>
	<meta>
	<imdb>tt0067116</imdb>
	<content>movie</content>
	<title>The French Connection</title>
	<year>1971</year>
	</meta>
	<link>
	<sublink>search</sublink>
	<sublink>searchsd</sublink>
	</link>
	<thumbnail>https://image.tmdb.org/t/p/w1280/xwDi4wF0I1L5bSW08Y8GocDGjJP.jpg</thumbnail>
	<fanart>https://image.tmdb.org/t/p/w1280/hPlzjKzbO8KuCerm1lOxDtUjlHD.jpg</fanart>
</item>
<item>
	<title>[COLOR=white]The Funeral[/COLOR]</title>
	<meta>
	<imdb>tt0116378</imdb>
	<content>movie</content>
	<title>The Funeral</title>
	<year>1996</year>
	</meta>
	<link>
	<sublink>search</sublink>
	<sublink>searchsd</sublink>
	</link>
	<thumbnail>https://image.tmdb.org/t/p/w1280/lL7LUWGCcUxCcT1OPN05cipHbbR.jpg</thumbnail>
	<fanart>https://image.tmdb.org/t/p/w1280/hwqh0sgShsXwwsTEFPgquwJOd5s.jpg</fanart>
</item>
<item>
	<title>[COLOR=white]The Godfather: Part III[/COLOR]</title>
	<meta>
	<imdb>tt0099674</imdb>
	<content>movie</content>
	<title>The Godfather: Part III</title>
	<year>1990</year>
	</meta>
	<link>
	<sublink>search</sublink>
	<sublink>searchsd</sublink>
	</link>
	<thumbnail>https://image.tmdb.org/t/p/w1280/1hdm3Axw9LjITbApvAXBbqO58zE.jpg</thumbnail>
	<fanart>https://image.tmdb.org/t/p/w1280/mhdJ2rOK3JGnceqxNK9WufYmFr7.jpg</fanart>
</item>
<item>
	<title>[COLOR=white]The Godfather: Part II[/COLOR]</title>
	<meta>
	<imdb>tt0071562</imdb>
	<content>movie</content>
	<title>The Godfather: Part II</title>
	<year>1974</year>
	</meta>
	<link>
	<sublink>search</sublink>
	<sublink>searchsd</sublink>
	</link>
	<thumbnail>https://image.tmdb.org/t/p/w1280/bVq65huQ8vHDd1a4Z37QtuyEvpA.jpg</thumbnail>
	<fanart>https://image.tmdb.org/t/p/w1280/gLbBRyS7MBrmVUNce91Hmx9vzqI.jpg</fanart>
</item>
<item>
	<title>[COLOR=white]The Godfather[/COLOR]</title>
	<meta>
	<imdb>tt0068646</imdb>
	<content>movie</content>
	<title>The Godfather</title>
	<year>1972</year>
	</meta>
	<link>
	<sublink>search</sublink>
	<sublink>searchsd</sublink>
	</link>
	<thumbnail>https://image.tmdb.org/t/p/w1280/rPdtLWNsZmAtoZl9PK7S2wE3qiS.jpg</thumbnail>
	<fanart>https://image.tmdb.org/t/p/w1280/6xKCYgH16UuwEGAyroLU6p8HLIn.jpg</fanart>
</item>
<item>
	<title>[COLOR=white]The Last Tycoon[/COLOR]</title>
	<meta>
	<imdb>tt2458314</imdb>
	<content>movie</content>
	<title>The Last Tycoon</title>
	<year>2012</year>
	</meta>
	<link>
	<sublink>search</sublink>
	<sublink>searchsd</sublink>
	</link>
	<thumbnail>https://image.tmdb.org/t/p/w1280/xwnbkgdZCDeBaZP8iJCq74GPSSU.jpg</thumbnail>
	<fanart>https://image.tmdb.org/t/p/w1280/pII5zsCEQSpqXkXoU3GO28JEay0.jpg</fanart>
</item>
<item>
	<title>[COLOR=white]The Untouchables[/COLOR]</title>
	<meta>
	<imdb>tt0094226</imdb>
	<content>movie</content>
	<title>The Untouchables</title>
	<year>1987</year>
	</meta>
	<link>
	<sublink>search</sublink>
	<sublink>searchsd</sublink>
	</link>
	<thumbnail>https://image.tmdb.org/t/p/w1280/qx4CDBhJDX5LQoVZ8UXPxQy5pt7.jpg</thumbnail>
	<fanart>https://image.tmdb.org/t/p/w1280/4cJv0cghFaJfepzGdOyqeNaJWYb.jpg</fanart>
</item>
<item>
	<title>[COLOR=white]The Usual Suspects[/COLOR]</title>
	<meta>
	<imdb>tt0114814</imdb>
	<content>movie</content>
	<title>The Usual Suspects</title>
	<year>1995</year>
	</meta>
	<link>
	<sublink>search</sublink>
	<sublink>searchsd</sublink>
	</link>
	<thumbnail>https://image.tmdb.org/t/p/w1280/jgJoRWltoS17nD5MAQ1yK2Ztefw.jpg</thumbnail>
	<fanart>https://image.tmdb.org/t/p/w1280/c7e3nH3wtSBDrHRB63onrGptl6D.jpg</fanart>
</item>
<item>
	<title>[COLOR=white]The Warriors[/COLOR]</title>
	<meta>
	<imdb>tt0080120</imdb>
	<content>movie</content>
	<title>The Warriors</title>
	<year>1979</year>
	</meta>
	<link>
	<sublink>search</sublink>
	<sublink>searchsd</sublink>
	</link>
	<thumbnail>https://image.tmdb.org/t/p/w1280/fhvIyvQ2VTDTt8iFqANjCT6tm6M.jpg</thumbnail>
	<fanart>https://image.tmdb.org/t/p/w1280/nK4qiKkZ6FqWyWG4Dzug2eMqYcx.jpg</fanart>
</item>
<item>
	<title>[COLOR=white]The Whole Nine Yards[/COLOR]</title>
	<meta>
	<imdb>tt0190138</imdb>
	<content>movie</content>
	<title>The Whole Nine Yards</title>
	<year>2000</year>
	</meta>
	<link>
	<sublink>search</sublink>
	<sublink>searchsd</sublink>
	</link>
	<thumbnail>https://image.tmdb.org/t/p/w1280/rnXnZrKipVb8v4mS2Oo6Ga2O0fg.jpg</thumbnail>
	<fanart>https://image.tmdb.org/t/p/w1280/1Qdk7B4hFLdQO8OTWDhcVAqcdTk.jpg</fanart>
</item>
<item>
	<title>[COLOR=white]Things to Do in Denver When You're Dead[/COLOR]</title>
	<meta>
	<imdb>tt0114660</imdb>
	<content>movie</content>
	<title>Things to Do in Denver When You're Dead</title>
	<year>1995</year>
	</meta>
	<link>
	<sublink>search</sublink>
	<sublink>searchsd</sublink>
	</link>
	<thumbnail>https://image.tmdb.org/t/p/w1280/ysKIolKO0376Nl5DV1fDAAPudEq.jpg</thumbnail>
	<fanart>https://image.tmdb.org/t/p/w1280/5iCxKe3zEPnrc1Y0R0m0YnFdaBO.jpg</fanart>
</item>
<item>
	<title>[COLOR=white]Training Day[/COLOR]</title>
	<meta>
	<imdb>tt0139654</imdb>
	<content>movie</content>
	<title>Training Day</title>
	<year>2001</year>
	</meta>
	<link>
	<sublink>search</sublink>
	<sublink>searchsd</sublink>
	</link>
	<thumbnail>https://image.tmdb.org/t/p/w1280/sDT2biSB7wzBJdXq9o3ldr7VfvY.jpg</thumbnail>
	<fanart>https://image.tmdb.org/t/p/w1280/A1S9fBzc4Wepc6onnCd9eVR2FLp.jpg</fanart>
</item>
<item>
	<title>[COLOR=white]Trespass[/COLOR]</title>
	<meta>
	<imdb>tt0105636</imdb>
	<content>movie</content>
	<title>Trespass</title>
	<year>1992</year>
	</meta>
	<link>
	<sublink>search</sublink>
	<sublink>searchsd</sublink>
	</link>
	<thumbnail>https://image.tmdb.org/t/p/w1280/zTvIflGrVhLM6UKRqSJ4VkydLwv.jpg</thumbnail>
	<fanart>https://image.tmdb.org/t/p/w1280/9Y9l1JM07HW2ixoZJIGK1VwvsPS.jpg</fanart>
</item>
<item>
	<title>[COLOR=white]Witness to the Mob[/COLOR]</title>
	<meta>
	<imdb>tt0153882</imdb>
	<content>movie</content>
	<title>Witness to the Mob</title>
	<year>1998</year>
	</meta>
	<link>
	<sublink>search</sublink>
	<sublink>searchsd</sublink>
	</link>
	<thumbnail>https://image.tmdb.org/t/p/w1280/nIOqqTAe6O6JjGc3gLAPCc75WYg.jpg</thumbnail>
	<fanart>https://image.tmdb.org/t/p/w1280/tS9dxzJpbUqivQ6ungJyXiQ3c70.jpg</fanart>
</item>
