<item>
	<title>[COLOR=white]AEon Flux[/COLOR]</title>
	<meta>
	<imdb>tt0402022</imdb>
	<content>movie</content>
	<title>AEon Flux</title>
	<year>2005</year>
	</meta>
	<link>
	<sublink>search</sublink>
	<sublink>searchsd</sublink>
	</link>
	<thumbnail>https://image.tmdb.org/t/p/w1280/3rKw2QInyaACZ6wnqSg4nAXgKal.jpg</thumbnail>
	<fanart>https://image.tmdb.org/t/p/w1280/3c7e0IywQOmPKyVRPwNe2uys0MZ.jpg</fanart>
</item>
<item>
	<title>[COLOR=white]Assault Girls[/COLOR]</title>
	<meta>
	<imdb>tt1478800</imdb>
	<content>movie</content>
	<title>Assault Girls</title>
	<year>2009</year>
	</meta>
	<link>
	<sublink>search</sublink>
	<sublink>searchsd</sublink>
	</link>
	<thumbnail>https://image.tmdb.org/t/p/w1280/muKrgX2oNqLEkTo7r3Qm4a2LeOW.jpg</thumbnail>
	<fanart>https://image.tmdb.org/t/p/w1280/ak3g5DSqmuXpFBQwitXbLU8ZM7Y.jpg</fanart>
</item>
<item>
	<title>[COLOR=white]Ballistic: Ecks vs. Sever[/COLOR]</title>
	<meta>
	<imdb>tt0308208</imdb>
	<content>movie</content>
	<title>Ballistic: Ecks vs. Sever</title>
	<year>2002</year>
	</meta>
	<link>
	<sublink>search</sublink>
	<sublink>searchsd</sublink>
	</link>
	<thumbnail>https://image.tmdb.org/t/p/w1280/eeWX3tCcQFnC3ZZQuFhWV1Ctypj.jpg</thumbnail>
	<fanart>https://image.tmdb.org/t/p/w1280/4HfNOD6gPLfFLESfhsPPEdjTlrD.jpg</fanart>
</item>
<item>
	<title>[COLOR=white]Barb Wire[/COLOR]</title>
	<meta>
	<imdb>tt0115624</imdb>
	<content>movie</content>
	<title>Barb Wire</title>
	<year>1996</year>
	</meta>
	<link>
	<sublink>search</sublink>
	<sublink>searchsd</sublink>
	</link>
	<thumbnail>https://image.tmdb.org/t/p/w1280/7i4kiXdS79K39BTSYJskartxfe7.jpg</thumbnail>
	<fanart>https://image.tmdb.org/t/p/w1280/vLgIw0OVQhPidYuXev5MJ7cksvh.jpg</fanart>
</item>
<item>
	<title>[COLOR=white]Battle Royale[/COLOR]</title>
	<meta>
	<imdb>tt0266308</imdb>
	<content>movie</content>
	<title>Battle Royale</title>
	<year>2000</year>
	</meta>
	<link>
	<sublink>search</sublink>
	<sublink>searchsd</sublink>
	</link>
	<thumbnail>https://image.tmdb.org/t/p/w1280/4J5hW5wwT20hYSEPfxvfxNLjHcg.jpg</thumbnail>
	<fanart>https://image.tmdb.org/t/p/w1280/2RUohbrXVlWG7O1amjNdGNADECI.jpg</fanart>
</item>
<item>
	<title>[COLOR=white]Beyond Hypothermia[/COLOR]</title>
	<meta>
	<imdb>tt0115665</imdb>
	<content>movie</content>
	<title>Beyond Hypothermia</title>
	<year>1996</year>
	</meta>
	<link>
	<sublink>search</sublink>
	<sublink>searchsd</sublink>
	</link>
	<thumbnail>https://image.tmdb.org/t/p/w1280/zgBc5e6Na5gHbdyjsr1EO8Qq8ua.jpg</thumbnail>
	<fanart>https://image.tmdb.org/t/p/w1280/nsuRpYig1UVomPpyVSqYvhWBiO.jpg</fanart>
</item>
<item>
	<title>[COLOR=white]Bitch Slap[/COLOR]</title>
	<meta>
	<imdb>tt1212974</imdb>
	<content>movie</content>
	<title>Bitch Slap</title>
	<year>2009</year>
	</meta>
	<link>
	<sublink>search</sublink>
	<sublink>searchsd</sublink>
	</link>
	<thumbnail>https://image.tmdb.org/t/p/w1280/s6bvosVfeLUBMgFz0GCxqZAUz3i.jpg</thumbnail>
	<fanart>https://image.tmdb.org/t/p/w1280/4o7K0bzItDRd3Vx8Wp7oFqY7q2p.jpg</fanart>
</item>
<item>
	<title>[COLOR=white]Black Angel 2[/COLOR]</title>
	<meta>
	<imdb>tt0190513</imdb>
	<content>movie</content>
	<title>Black Angel 2</title>
	<year>1999</year>
	</meta>
	<link>
	<sublink>search</sublink>
	<sublink>searchsd</sublink>
	</link>
	<thumbnail>https://image.tmdb.org/t/p/w1280/mIpbBm5BJ48eqny9fnD8UJiGCfU.jpg</thumbnail>
	<fanart>https://image.tmdb.org/t/p/w1280/2QQyIkqkjv7zHqW8PXhAuyaVBPM.jpg</fanart>
</item>
<item>
	<title>[COLOR=white]Black Angel[/COLOR]</title>
	<meta>
	<imdb>tt0149899</imdb>
	<content>movie</content>
	<title>Black Angel</title>
	<year>1998</year>
	</meta>
	<link>
	<sublink>search</sublink>
	<sublink>searchsd</sublink>
	</link>
	<thumbnail>https://image.tmdb.org/t/p/w1280/8Fatryop5WjfXqBGmRsupWMrezE.jpg</thumbnail>
	<fanart>https://image.tmdb.org/t/p/w1280/pvtpNpSGVW7NoMVfdEDdpr6S4LD.jpg</fanart>
</item>
<item>
	<title>[COLOR=white]Bond Girls Are Forever[/COLOR]</title>
	<meta>
	<imdb>tt0353252</imdb>
	<content>movie</content>
	<title>Bond Girls Are Forever</title>
	<year>2002</year>
	</meta>
	<link>
	<sublink>search</sublink>
	<sublink>searchsd</sublink>
	</link>
	<thumbnail>https://image.tmdb.org/t/p/w1280/wimiI1rJNTBMhjrK68li45GKaBb.jpg</thumbnail>
	<fanart>https://image.tmdb.org/t/p/w1280/yhdphpTrkJKWHMOhwsOjhiN6lA2.jpg</fanart>
</item>
<item>
	<title>[COLOR=white]Coffy[/COLOR]</title>
	<meta>
	<imdb>tt0069897</imdb>
	<content>movie</content>
	<title>Coffy</title>
	<year>1973</year>
	</meta>
	<link>
	<sublink>search</sublink>
	<sublink>searchsd</sublink>
	</link>
	<thumbnail>https://image.tmdb.org/t/p/w1280/6EpzAQslrM14r1Z6d1qwNp2KunN.jpg</thumbnail>
	<fanart>https://image.tmdb.org/t/p/w1280/8f5Emdlj355VtkkOUWQNP79brRp.jpg</fanart>
</item>
<item>
	<title>[COLOR=white]Colombiana[/COLOR]</title>
	<meta>
	<imdb>tt1657507</imdb>
	<content>movie</content>
	<title>Colombiana</title>
	<year>2011</year>
	</meta>
	<link>
	<sublink>search</sublink>
	<sublink>searchsd</sublink>
	</link>
	<thumbnail>https://image.tmdb.org/t/p/w1280/tJIWuZC4ZVUJdVHXJfefUDzS2BX.jpg</thumbnail>
	<fanart>https://image.tmdb.org/t/p/w1280/uo5krr5i4q33TlHhTHI3PmpVjJu.jpg</fanart>
</item>
<item>
	<title>[COLOR=white]Come Drink with Me[/COLOR]</title>
	<meta>
	<imdb>tt0059079</imdb>
	<content>movie</content>
	<title>Come Drink with Me</title>
	<year>1966</year>
	</meta>
	<link>
	<sublink>search</sublink>
	<sublink>searchsd</sublink>
	</link>
	<thumbnail>https://image.tmdb.org/t/p/w1280/zttTrq6GGGnsf3TiddlHX6SQJ9y.jpg</thumbnail>
	<fanart>https://image.tmdb.org/t/p/w1280/9NFCEKZpwYcznB61KMZO6PtgHaV.jpg</fanart>
</item>
<item>
	<title>[COLOR=white]Dirty Pair: Project Eden[/COLOR]</title>
	<meta>
	<imdb>tt0385668</imdb>
	<content>movie</content>
	<title>Dirty Pair: Project Eden</title>
	<year>1986</year>
	</meta>
	<link>
	<sublink>search</sublink>
	<sublink>searchsd</sublink>
	</link>
	<thumbnail>https://image.tmdb.org/t/p/w1280/8l7zeovdhEfw28DlLOgbeWAaHTs.jpg</thumbnail>
	<fanart>https://image.tmdb.org/t/p/w1280/an34JBGpoR4wyEXBHjsqPzJ4FwG.jpg</fanart>
</item>
<item>
	<title>[COLOR=white]Farewell, My Lovely[/COLOR]</title>
	<meta>
	<imdb>tt0072973</imdb>
	<content>movie</content>
	<title>Farewell, My Lovely</title>
	<year>1975</year>
	</meta>
	<link>
	<sublink>search</sublink>
	<sublink>searchsd</sublink>
	</link>
	<thumbnail>https://image.tmdb.org/t/p/w1280/v2ft8ShGc9aguQVlMLX3ALLCoza.jpg</thumbnail>
	<fanart>https://image.tmdb.org/t/p/w1280/dpnRJ8rWdYrjwkEr7C4yKfD4wEo.jpg</fanart>
</item>
<item>
	<title>[COLOR=white]Fit to Kill[/COLOR]</title>
	<meta>
	<imdb>tt0106922</imdb>
	<content>movie</content>
	<title>Fit to Kill</title>
	<year>1993</year>
	</meta>
	<link>
	<sublink>search</sublink>
	<sublink>searchsd</sublink>
	</link>
	<thumbnail>https://image.tmdb.org/t/p/w1280/qzXF4AZXP5JxdhEtF7cvpw9FE63.jpg</thumbnail>
	<fanart>https://image.tmdb.org/t/p/w1280/7CWvh9vw55nmQ7RhmQEuTIzJePJ.jpg</fanart>
</item>
<item>
	<title>[COLOR=white]Foxy Brown[/COLOR]</title>
	<meta>
	<imdb>tt0071517</imdb>
	<content>movie</content>
	<title>Foxy Brown</title>
	<year>1974</year>
	</meta>
	<link>
	<sublink>search</sublink>
	<sublink>searchsd</sublink>
	</link>
	<thumbnail>https://image.tmdb.org/t/p/w1280/dio8cHmltCEqVE56RPHSOzbOv8V.jpg</thumbnail>
	<fanart>https://image.tmdb.org/t/p/w1280/ls2PuUzvmpPrAHVqZCbetjXqmMj.jpg</fanart>
</item>
<item>
	<title>[COLOR=white]Fudoh: The New Generation[/COLOR]</title>
	<meta>
	<imdb>tt0123092</imdb>
	<content>movie</content>
	<title>Fudoh: The New Generation</title>
	<year>1996</year>
	</meta>
	<link>
	<sublink>search</sublink>
	<sublink>searchsd</sublink>
	</link>
	<thumbnail>https://image.tmdb.org/t/p/w1280/6Y7CQwcUKtYk4FhEo42aVLKkVyt.jpg</thumbnail>
	<fanart>https://image.tmdb.org/t/p/w1280/mnCFovb1JxlicdzBaDw6OytDmc0.jpg</fanart>
</item>
<item>
	<title>[COLOR=white]Golden Swallow[/COLOR]</title>
	<meta>
	<imdb>tt0095195</imdb>
	<content>movie</content>
	<title>Golden Swallow</title>
	<year>1987</year>
	</meta>
	<link>
	<sublink>search</sublink>
	<sublink>searchsd</sublink>
	</link>
	<thumbnail>https://image.tmdb.org/t/p/w1280/tZ5PDBL6CDqw57FX3Ym5FpMj9x2.jpg</thumbnail>
	<fanart>https://image.tmdb.org/t/p/w1280/byJak3pQ1FVu9HFiOLgugSE5WkQ.jpg</fanart>
</item>
<item>
	<title>[COLOR=white]Gun Crazy: Episode 1: A Woman from Nowhere[/COLOR]</title>
	<meta>
	<imdb>tt0374688</imdb>
	<content>movie</content>
	<title>Gun Crazy: Episode 1: A Woman from Nowhere</title>
	<year>2002</year>
	</meta>
	<link>
	<sublink>search</sublink>
	<sublink>searchsd</sublink>
	</link>
	<thumbnail>https://image.tmdb.org/t/p/w1280/fSDmHhznMghf5qMBAz67sMbhtUW.jpg</thumbnail>
	<fanart>https://image.tmdb.org/t/p/w1280/n6ZCLs6NQa0IMmMvBmjCs489rGt.jpg</fanart>
</item>
<item>
	<title>[COLOR=white]Gun Crazy: Episode 2: Beyond the Law[/COLOR]</title>
	<meta>
	<imdb>tt0805265</imdb>
	<content>movie</content>
	<title>Gun Crazy: Episode 2: Beyond the Law</title>
	<year>2002</year>
	</meta>
	<link>
	<sublink>search</sublink>
	<sublink>searchsd</sublink>
	</link>
	<thumbnail>https://image.tmdb.org/t/p/w1280/z5G5ZtWCFlb0mDIZeqOcXJEDWAT.jpg</thumbnail>
	<fanart>https://image.tmdb.org/t/p/w1280/ck7uOC8kJFqJSuhNresuicJIL1f.jpg</fanart>
</item>
<item>
	<title>[COLOR=white]Gun Crazy: Episode 3: Traitor's Rhapsody[/COLOR]</title>
	<meta>
	<imdb></imdb>
	<content>movie</content>
	<title>Gun Crazy: Episode 3: Traitor's Rhapsody</title>
	<year>2003</year>
	</meta>
	<link>
	<sublink>search</sublink>
	<sublink>searchsd</sublink>
	</link>
	<thumbnail>https://image.tmdb.org/t/p/w1280/oQHyWWx4PCECvXSzOc6vEXrVa41.jpg</thumbnail>
	<fanart>https://image.tmdb.org/t/p/w1280/fNTmfycp2r6rTmguQ7aRYXsLO3i.jpg</fanart>
</item>
<item>
	<title>[COLOR=white]Gun Crazy: Episode 4: Requiem for a Bodyguard[/COLOR]</title>
	<meta>
	<imdb></imdb>
	<content>movie</content>
	<title>Gun Crazy: Episode 4: Requiem for a Bodyguard</title>
	<year>2003</year>
	</meta>
	<link>
	<sublink>search</sublink>
	<sublink>searchsd</sublink>
	</link>
	<thumbnail>https://image.tmdb.org/t/p/w1280/b7qAVjfn3K9uBGq3q8sgRNYIigX.jpg</thumbnail>
	<fanart>https://image.tmdb.org/t/p/w1280/qNmqVsIMZxAgpq5McuauUpl9NZh.jpg</fanart>
</item>
<item>
	<title>[COLOR=white]Gun Crazy[/COLOR]</title>
	<meta>
	<imdb>tt0042530</imdb>
	<content>movie</content>
	<title>Gun Crazy</title>
	<year>1950</year>
	</meta>
	<link>
	<sublink>search</sublink>
	<sublink>searchsd</sublink>
	</link>
	<thumbnail>https://image.tmdb.org/t/p/w1280/98drVzRIu2Szcexo8QGHPZZLXuR.jpg</thumbnail>
	<fanart>https://image.tmdb.org/t/p/w1280/rxoh9hsjnBiGK4AbCGm4VkqQAS4.jpg</fanart>
</item>
<item>
	<title>[COLOR=white]Hapkido[/COLOR]</title>
	<meta>
	<imdb>tt0068676</imdb>
	<content>movie</content>
	<title>Hapkido</title>
	<year>1972</year>
	</meta>
	<link>
	<sublink>search</sublink>
	<sublink>searchsd</sublink>
	</link>
	<thumbnail>https://image.tmdb.org/t/p/w1280/vOAItfGQDhg476jHR8BZIZnKPK0.jpg</thumbnail>
	<fanart>https://image.tmdb.org/t/p/w1280/x5GeCGvw54GzcNPlurs3hUnEOYr.jpg</fanart>
</item>
<item>
	<title>[COLOR=white]Hard to Die[/COLOR]</title>
	<meta>
	<imdb>tt0103111</imdb>
	<content>movie</content>
	<title>Hard to Die</title>
	<year>1993</year>
	</meta>
	<link>
	<sublink>search</sublink>
	<sublink>searchsd</sublink>
	</link>
	<thumbnail>https://image.tmdb.org/t/p/w1280/h7ysWHqr62MgadIdXByYDaDaf7j.jpg</thumbnail>
	<fanart>https://image.tmdb.org/t/p/w1280/5wHcVeMuUNlgQ2JvN0bVQ4sSDeM.jpg</fanart>
</item>
<item>
	<title>[COLOR=white]Haywire[/COLOR]</title>
	<meta>
	<imdb>tt1506999</imdb>
	<content>movie</content>
	<title>Haywire</title>
	<year>2011</year>
	</meta>
	<link>
	<sublink>search</sublink>
	<sublink>searchsd</sublink>
	</link>
	<thumbnail>https://image.tmdb.org/t/p/w1280/o12IDVPUYOhbe3MnQGmbaUreRn9.jpg</thumbnail>
	<fanart>https://image.tmdb.org/t/p/w1280/g9CDUXFBflsIch95wZxeNajTTX2.jpg</fanart>
</item>
<item>
	<title>[COLOR=white]In Her Line of Fire[/COLOR]</title>
	<meta>
	<imdb>tt0487156</imdb>
	<content>movie</content>
	<title>In Her Line of Fire</title>
	<year>2006</year>
	</meta>
	<link>
	<sublink>search</sublink>
	<sublink>searchsd</sublink>
	</link>
	<thumbnail>https://image.tmdb.org/t/p/w1280/9fAL8xcOWw6tPDVGf3lDFFUPfj1.jpg</thumbnail>
	<fanart>https://image.tmdb.org/t/p/w1280/abLGpaOPQIFLD21Q4w1QCLlXwpe.jpg</fanart>
</item>
<item>
	<title>[COLOR=white]Judas Kiss[/COLOR]</title>
	<meta>
	<imdb>tt0138541</imdb>
	<content>movie</content>
	<title>Judas Kiss</title>
	<year>1998</year>
	</meta>
	<link>
	<sublink>search</sublink>
	<sublink>searchsd</sublink>
	</link>
	<thumbnail>https://image.tmdb.org/t/p/w1280/mROu39h5QOipyAbrbDHILEtB1iy.jpg</thumbnail>
	<fanart>https://image.tmdb.org/t/p/w1280/wgpIVFB1k1CUw1gpf6G9ROzy0BM.jpg</fanart>
</item>
<item>
	<title>[COLOR=white]Kill Bill: Vol. 1[/COLOR]</title>
	<meta>
	<imdb>tt0266697</imdb>
	<content>movie</content>
	<title>Kill Bill: Vol. 1</title>
	<year>2003</year>
	</meta>
	<link>
	<sublink>search</sublink>
	<sublink>searchsd</sublink>
	</link>
	<thumbnail>https://image.tmdb.org/t/p/w1280/v7TaX8kXMXs5yFFGR41guUDNcnB.jpg</thumbnail>
	<fanart>https://image.tmdb.org/t/p/w1280/kkS8PKa8c134vXsj2fQkNqOaCXU.jpg</fanart>
</item>
<item>
	<title>[COLOR=white]Kill Bill: Vol. 2[/COLOR]</title>
	<meta>
	<imdb>tt0378194</imdb>
	<content>movie</content>
	<title>Kill Bill: Vol. 2</title>
	<year>2004</year>
	</meta>
	<link>
	<sublink>search</sublink>
	<sublink>searchsd</sublink>
	</link>
	<thumbnail>https://image.tmdb.org/t/p/w1280/2yhg0mZQMhDyvUQ4rG1IZ4oIA8L.jpg</thumbnail>
	<fanart>https://image.tmdb.org/t/p/w1280/33WfP01Pu8SMuuHYnoJXMRCMtmI.jpg</fanart>
</item>
<item>
	<title>[COLOR=white]Kill List[/COLOR]</title>
	<meta>
	<imdb>tt1788391</imdb>
	<content>movie</content>
	<title>Kill List</title>
	<year>2011</year>
	</meta>
	<link>
	<sublink>search</sublink>
	<sublink>searchsd</sublink>
	</link>
	<thumbnail>https://image.tmdb.org/t/p/w1280/y0mJcIW1qFtFhAFjzPmxI9zLqjj.jpg</thumbnail>
	<fanart>https://image.tmdb.org/t/p/w1280/ugTOWovCYRe99FPGmN1Bk9o2cEy.jpg</fanart>
</item>
<item>
	<title>[COLOR=white]La Femme Nikita[/COLOR]</title>
	<meta>
	<imdb>tt0100263</imdb>
	<content>movie</content>
	<title>La Femme Nikita</title>
	<year>1990</year>
	</meta>
	<link>
	<sublink>search</sublink>
	<sublink>searchsd</sublink>
	</link>
	<thumbnail>https://image.tmdb.org/t/p/w1280/mjSe0ehEPaSRMFYF9qVFGpk9ubM.jpg</thumbnail>
	<fanart>https://image.tmdb.org/t/p/w1280/qaTAX69aDbEinfhklbuI76lPO5c.jpg</fanart>
</item>
<item>
	<title>[COLOR=white]Lara Croft: Tomb Raider - The Cradle of Life[/COLOR]</title>
	<meta>
	<imdb>tt0325703</imdb>
	<content>movie</content>
	<title>Lara Croft: Tomb Raider - The Cradle of Life</title>
	<year>2003</year>
	</meta>
	<link>
	<sublink>search</sublink>
	<sublink>searchsd</sublink>
	</link>
	<thumbnail>https://image.tmdb.org/t/p/w1280/yo6FSOs3uxsT8gp3FVd7c7RCLFs.jpg</thumbnail>
	<fanart>https://image.tmdb.org/t/p/w1280/htpsiWvI6AO1XsAiOa2lbLaiHlT.jpg</fanart>
</item>
<item>
	<title>[COLOR=white]Lara Croft: Tomb Raider[/COLOR]</title>
	<meta>
	<imdb>tt0146316</imdb>
	<content>movie</content>
	<title>Lara Croft: Tomb Raider</title>
	<year>2001</year>
	</meta>
	<link>
	<sublink>search</sublink>
	<sublink>searchsd</sublink>
	</link>
	<thumbnail>https://image.tmdb.org/t/p/w1280/m6aodY7SrvlTRiUFkxClaNAIQT.jpg</thumbnail>
	<fanart>https://image.tmdb.org/t/p/w1280/806IiIwpOKek2XIFnnvbAYRfqpb.jpg</fanart>
</item>
<item>
	<title>[COLOR=white]Machete Kills[/COLOR]</title>
	<meta>
	<imdb>tt2002718</imdb>
	<content>movie</content>
	<title>Machete Kills</title>
	<year>2013</year>
	</meta>
	<link>
	<sublink>search</sublink>
	<sublink>searchsd</sublink>
	</link>
	<thumbnail>https://image.tmdb.org/t/p/w1280/ltblMRM8clWKsjC2qQITuRN40Yr.jpg</thumbnail>
	<fanart>https://image.tmdb.org/t/p/w1280/5bxyCKV3AHlzwmvtqXkcr7Li56s.jpg</fanart>
</item>
<item>
	<title>[COLOR=white]Machete[/COLOR]</title>
	<meta>
	<imdb>none</imdb>
	<content>movie</content>
	<title>Machete</title>
	<year>2010</year>
	</meta>
	<link>
	<sublink>search</sublink>
	<sublink>searchsd</sublink>
	</link>
	<thumbnail>https://image.tmdb.org/t/p/w1280/3RCX4EzTrpO6wNz536EQPhYM2Fk.jpg</thumbnail>
	<fanart>https://image.tmdb.org/t/p/w1280/qVVNK28vyKxFMUwhMcSFKu5R9Ue.jpg</fanart>
</item>
<item>
	<title>[COLOR=white]Magnificent Warriors[/COLOR]</title>
	<meta>
	<imdb>tt0094375</imdb>
	<content>movie</content>
	<title>Magnificent Warriors</title>
	<year>1987</year>
	</meta>
	<link>
	<sublink>search</sublink>
	<sublink>searchsd</sublink>
	</link>
	<thumbnail>https://image.tmdb.org/t/p/w1280/bYYqc2Su110lIb27tMGSlQS06e6.jpg</thumbnail>
	<fanart>https://image.tmdb.org/t/p/w1280</fanart>
</item>
<item>
	<title>[COLOR=white]Map of the Sounds of Tokyo[/COLOR]</title>
	<meta>
	<imdb>tt1185376</imdb>
	<content>movie</content>
	<title>Map of the Sounds of Tokyo</title>
	<year>2009</year>
	</meta>
	<link>
	<sublink>search</sublink>
	<sublink>searchsd</sublink>
	</link>
	<thumbnail>https://image.tmdb.org/t/p/w1280/fXUvJlnQdB8hBiBRumpFj8hj0Wl.jpg</thumbnail>
	<fanart>https://image.tmdb.org/t/p/w1280/A5xGo9qjOYtAuIF0XPaRFfZ72lx.jpg</fanart>
</item>
<item>
	<title>[COLOR=white]Ms .45[/COLOR]</title>
	<meta>
	<imdb>none</imdb>
	<content>movie</content>
	<title>Ms .45</title>
	<year>1981</year>
	</meta>
	<link>
	<sublink>search</sublink>
	<sublink>searchsd</sublink>
	</link>
	<thumbnail>https://image.tmdb.org/t/p/w1280/4RwAovUvVyhcl0QELSj96bwIA3M.jpg</thumbnail>
	<fanart>https://image.tmdb.org/t/p/w1280/tAKtdu7GSDeexyQzWG3YSOBD2t9.jpg</fanart>
</item>
<item>
	<title>[COLOR=white]Naked Killer[/COLOR]</title>
	<meta>
	<imdb>tt0109412</imdb>
	<content>movie</content>
	<title>Naked Killer</title>
	<year>1992</year>
	</meta>
	<link>
	<sublink>search</sublink>
	<sublink>searchsd</sublink>
	</link>
	<thumbnail>https://image.tmdb.org/t/p/w1280/iq2htAB54UkTBJiJvmoyiINdQnx.jpg</thumbnail>
	<fanart>https://image.tmdb.org/t/p/w1280/75d9SIIMk4PHrpyBDymSdgBsdir.jpg</fanart>
</item>
<item>
	<title>[COLOR=white]Naked Soldier[/COLOR]</title>
	<meta>
	<imdb>tt1857797</imdb>
	<content>movie</content>
	<title>Naked Soldier</title>
	<year>2012</year>
	</meta>
	<link>
	<sublink>search</sublink>
	<sublink>searchsd</sublink>
	</link>
	<thumbnail>https://image.tmdb.org/t/p/w1280/3xpPWNX9fZRsNIqcuswMIRvh7xa.jpg</thumbnail>
	<fanart>https://image.tmdb.org/t/p/w1280/ikopkHA2rc9iCFL7kARlNNoxkZp.jpg</fanart>
</item>
<item>
	<title>[COLOR=white]Naked Weapon[/COLOR]</title>
	<meta>
	<imdb>tt0341495</imdb>
	<content>movie</content>
	<title>Naked Weapon</title>
	<year>2002</year>
	</meta>
	<link>
	<sublink>search</sublink>
	<sublink>searchsd</sublink>
	</link>
	<thumbnail>https://image.tmdb.org/t/p/w1280/dg0Kqd2iTV7qwnGe9ZqzwIFQ4B3.jpg</thumbnail>
	<fanart>https://image.tmdb.org/t/p/w1280/1GgMvtxxuzvkvMe4WPaiQeWEVhz.jpg</fanart>
</item>
<item>
	<title>[COLOR=white]Pistol Opera[/COLOR]</title>
	<meta>
	<imdb>tt0285906</imdb>
	<content>movie</content>
	<title>Pistol Opera</title>
	<year>2001</year>
	</meta>
	<link>
	<sublink>search</sublink>
	<sublink>searchsd</sublink>
	</link>
	<thumbnail>https://image.tmdb.org/t/p/w1280/l00JkAhKppkKkFaIzcVM3scUW83.jpg</thumbnail>
	<fanart>https://image.tmdb.org/t/p/w1280/gBMJ2COyDkI9aLVImiQkwE0t85q.jpg</fanart>
</item>
<item>
	<title>[COLOR=white]Planet Terror[/COLOR]</title>
	<meta>
	<imdb>tt1077258</imdb>
	<content>movie</content>
	<title>Planet Terror</title>
	<year>2007</year>
	</meta>
	<link>
	<sublink>search</sublink>
	<sublink>searchsd</sublink>
	</link>
	<thumbnail>https://image.tmdb.org/t/p/w1280/7Yjzttt0VfPphSsUg8vFUO9WaEt.jpg</thumbnail>
	<fanart>https://image.tmdb.org/t/p/w1280/a2zIKDg5QGFc2vzdaPXT7uZKipe.jpg</fanart>
</item>
<item>
	<title>[COLOR=white]Point of No Return[/COLOR]</title>
	<meta>
	<imdb>tt0107843</imdb>
	<content>movie</content>
	<title>Point of No Return</title>
	<year>1993</year>
	</meta>
	<link>
	<sublink>search</sublink>
	<sublink>searchsd</sublink>
	</link>
	<thumbnail>https://image.tmdb.org/t/p/w1280/kOfSTm2cftavsyB49amnhW3is9y.jpg</thumbnail>
	<fanart>https://image.tmdb.org/t/p/w1280/mhtB1jPCQoIXGhBJHwtswvGPFbg.jpg</fanart>
</item>
<item>
	<title>[COLOR=white]Resident Evil: Afterlife[/COLOR]</title>
	<meta>
	<imdb>tt1220634</imdb>
	<content>movie</content>
	<title>Resident Evil: Afterlife</title>
	<year>2010</year>
	</meta>
	<link>
	<sublink>search</sublink>
	<sublink>searchsd</sublink>
	</link>
	<thumbnail>https://image.tmdb.org/t/p/w1280/szUA5nI2209cCQIv8iIP6tOw8Rf.jpg</thumbnail>
	<fanart>https://image.tmdb.org/t/p/w1280/o3P90r3owOlD86e27aC801rk4QI.jpg</fanart>
</item>
<item>
	<title>[COLOR=white]Resident Evil: Apocalypse[/COLOR]</title>
	<meta>
	<imdb>tt0318627</imdb>
	<content>movie</content>
	<title>Resident Evil: Apocalypse</title>
	<year>2004</year>
	</meta>
	<link>
	<sublink>search</sublink>
	<sublink>searchsd</sublink>
	</link>
	<thumbnail>https://image.tmdb.org/t/p/w1280/zJFZUe1TgvUevJwg2gmSPBbvutF.jpg</thumbnail>
	<fanart>https://image.tmdb.org/t/p/w1280/hSXacpUqjPS7EJ4clG0TTZqJjlH.jpg</fanart>
</item>
<item>
	<title>[COLOR=white]Resident Evil: Damnation[/COLOR]</title>
	<meta>
	<imdb>tt1753496</imdb>
	<content>movie</content>
	<title>Resident Evil: Damnation</title>
	<year>2012</year>
	</meta>
	<link>
	<sublink>search</sublink>
	<sublink>searchsd</sublink>
	</link>
	<thumbnail>https://image.tmdb.org/t/p/w1280/hj2xHc35cEscP7oj6DqCK6IbNIC.jpg</thumbnail>
	<fanart>https://image.tmdb.org/t/p/w1280/sqYyYcKfkgm9ZF6F58O0ZspMwnG.jpg</fanart>
</item>
<item>
	<title>[COLOR=white]Resident Evil: Degeneration[/COLOR]</title>
	<meta>
	<imdb>tt1174954</imdb>
	<content>movie</content>
	<title>Resident Evil: Degeneration</title>
	<year>2008</year>
	</meta>
	<link>
	<sublink>search</sublink>
	<sublink>searchsd</sublink>
	</link>
	<thumbnail>https://image.tmdb.org/t/p/w1280/vcduy3H9RelaER3F7jn7OGby1ws.jpg</thumbnail>
	<fanart>https://image.tmdb.org/t/p/w1280/imz5ZodpQFYR9kbEmuNiJ5xvt2Q.jpg</fanart>
</item>
<item>
	<title>[COLOR=white]Resident Evil: Extinction[/COLOR]</title>
	<meta>
	<imdb>tt0432021</imdb>
	<content>movie</content>
	<title>Resident Evil: Extinction</title>
	<year>2007</year>
	</meta>
	<link>
	<sublink>search</sublink>
	<sublink>searchsd</sublink>
	</link>
	<thumbnail>https://image.tmdb.org/t/p/w1280/84s6e0V8hB87eOI5X3zVtkDboto.jpg</thumbnail>
	<fanart>https://image.tmdb.org/t/p/w1280/mjQoekfYIT1t18j9hf2JSZEi60Y.jpg</fanart>
</item>
<item>
	<title>[COLOR=white]Resident Evil: Retribution[/COLOR]</title>
	<meta>
	<imdb>tt1855325</imdb>
	<content>movie</content>
	<title>Resident Evil: Retribution</title>
	<year>2012</year>
	</meta>
	<link>
	<sublink>search</sublink>
	<sublink>searchsd</sublink>
	</link>
	<thumbnail>https://image.tmdb.org/t/p/w1280/qRhi9UDgfstP9aIJTCoO9u13Q7t.jpg</thumbnail>
	<fanart>https://image.tmdb.org/t/p/w1280/6H1ZMkxCOewI3o4017L2La6wReo.jpg</fanart>
</item>
<item>
	<title>[COLOR=white]Resident Evil: The Final Chapter[/COLOR]</title>
	<meta>
	<imdb>tt2592614</imdb>
	<content>movie</content>
	<title>Resident Evil: The Final Chapter</title>
	<year>2016</year>
	</meta>
	<link>
	<sublink>search</sublink>
	<sublink>searchsd</sublink>
	</link>
	<thumbnail>https://image.tmdb.org/t/p/w1280/7XlaaMzQUz5EqTY0m07hn3PbGu7.jpg</thumbnail>
	<fanart>https://image.tmdb.org/t/p/w1280/sQRfWdDxH53Vk7ZJ1UqzcaBHocO.jpg</fanart>
</item>
<item>
	<title>[COLOR=white]Resident Evil[/COLOR]</title>
	<meta>
	<imdb>tt0120804</imdb>
	<content>movie</content>
	<title>Resident Evil</title>
	<year>2002</year>
	</meta>
	<link>
	<sublink>search</sublink>
	<sublink>searchsd</sublink>
	</link>
	<thumbnail>https://image.tmdb.org/t/p/w1280/5jdvEi57WBGuI5n2drG8FLAbYDp.jpg</thumbnail>
	<fanart>https://image.tmdb.org/t/p/w1280/s41Er80jGJf3tNkgYHxUCttjmwv.jpg</fanart>
</item>
<item>
	<title>[COLOR=white]Righting Wrongs[/COLOR]</title>
	<meta>
	<imdb>tt0094374</imdb>
	<content>movie</content>
	<title>Righting Wrongs</title>
	<year>1986</year>
	</meta>
	<link>
	<sublink>search</sublink>
	<sublink>searchsd</sublink>
	</link>
	<thumbnail>https://image.tmdb.org/t/p/w1280/w32t2XesUn9d65UXqGu9eBizkpo.jpg</thumbnail>
	<fanart>https://image.tmdb.org/t/p/w1280/nQ3jRV67jAr2hDEIEMBiLn4Oxle.jpg</fanart>
</item>
<item>
	<title>[COLOR=white]Salt[/COLOR]</title>
	<meta>
	<imdb>tt0944835</imdb>
	<content>movie</content>
	<title>Salt</title>
	<year>2010</year>
	</meta>
	<link>
	<sublink>search</sublink>
	<sublink>searchsd</sublink>
	</link>
	<thumbnail>https://image.tmdb.org/t/p/w1280/956xMjH4sPoqimqoLOP6AI19mjm.jpg</thumbnail>
	<fanart>https://image.tmdb.org/t/p/w1280/2WkmqO1qjWEs3hySK56q3ES7W7b.jpg</fanart>
</item>
<item>
	<title>[COLOR=white]Set It Off[/COLOR]</title>
	<meta>
	<imdb>tt0117603</imdb>
	<content>movie</content>
	<title>Set It Off</title>
	<year>1996</year>
	</meta>
	<link>
	<sublink>search</sublink>
	<sublink>searchsd</sublink>
	</link>
	<thumbnail>https://image.tmdb.org/t/p/w1280/lfMk5h35Fccl5gOsBaeYvMnBUPb.jpg</thumbnail>
	<fanart>https://image.tmdb.org/t/p/w1280/xSRMGAs6zbgrIDlDlmfH8OtaOIf.jpg</fanart>
</item>
<item>
	<title>[COLOR=white]Shanghai Shanghai[/COLOR]</title>
	<meta>
	<imdb>tt0100071</imdb>
	<content>movie</content>
	<title>Shanghai Shanghai</title>
	<year>1990</year>
	</meta>
	<link>
	<sublink>search</sublink>
	<sublink>searchsd</sublink>
	</link>
	<thumbnail>https://image.tmdb.org/t/p/w1280/urqVxTd78nrzG6VbBDfsYoy4mYB.jpg</thumbnail>
	<fanart>https://image.tmdb.org/t/p/w1280/zR8rjjMyqwZyf4IOxNU3vlGy72V.jpg</fanart>
</item>
<item>
	<title>[COLOR=white]She Shoots Straight[/COLOR]</title>
	<meta>
	<imdb>tt0099809</imdb>
	<content>movie</content>
	<title>She Shoots Straight</title>
	<year>1990</year>
	</meta>
	<link>
	<sublink>search</sublink>
	<sublink>searchsd</sublink>
	</link>
	<thumbnail>https://image.tmdb.org/t/p/w1280/uGBNPCH4pD1f8TKgX6EuNyyFK2x.jpg</thumbnail>
	<fanart>https://image.tmdb.org/t/p/w1280/tYUuU3QOroqFBqf41PZpcPbAf5E.jpg</fanart>
</item>
<item>
	<title>[COLOR=white]Shyness Machine Girl[/COLOR]</title>
	<meta>
	<imdb>tt1319567</imdb>
	<content>movie</content>
	<title>Shyness Machine Girl</title>
	<year>2009</year>
	</meta>
	<link>
	<sublink>search</sublink>
	<sublink>searchsd</sublink>
	</link>
	<thumbnail>https://image.tmdb.org/t/p/w1280/sWs1L9fr6cMJvgHrsbWtfhQ4TYV.jpg</thumbnail>
	<fanart>https://image.tmdb.org/t/p/w1280/adeiN335dPktSn92EvHGEN33bIR.jpg</fanart>
</item>
<item>
	<title>[COLOR=white]So Close[/COLOR]</title>
	<meta>
	<imdb>tt0300620</imdb>
	<content>movie</content>
	<title>So Close</title>
	<year>2002</year>
	</meta>
	<link>
	<sublink>search</sublink>
	<sublink>searchsd</sublink>
	</link>
	<thumbnail>https://image.tmdb.org/t/p/w1280/uUajWwQzLRXmpU6R7Q9TM2Kdnup.jpg</thumbnail>
	<fanart>https://image.tmdb.org/t/p/w1280/3dMS1ecMwOnRHC8O5sJ3wELuSsL.jpg</fanart>
</item>
<item>
	<title>[COLOR=white]Stiletto[/COLOR]</title>
	<meta>
	<imdb>tt1027747</imdb>
	<content>movie</content>
	<title>Stiletto</title>
	<year>2008</year>
	</meta>
	<link>
	<sublink>search</sublink>
	<sublink>searchsd</sublink>
	</link>
	<thumbnail>https://image.tmdb.org/t/p/w1280/tjwznbqClq0B6h8URmkHFkBqRdp.jpg</thumbnail>
	<fanart>https://image.tmdb.org/t/p/w1280/1QX6QERf39ius66rzWmoJg3P8go.jpg</fanart>
</item>
<item>
	<title>[COLOR=white]Sucker Punch[/COLOR]</title>
	<meta>
	<imdb>none</imdb>
	<content>movie</content>
	<title>Sucker Punch</title>
	<year>2011</year>
	</meta>
	<link>
	<sublink>search</sublink>
	<sublink>searchsd</sublink>
	</link>
	<thumbnail>https://image.tmdb.org/t/p/w1280/m1I0CywBnbr5uWQ4GVGwPOaLLlv.jpg</thumbnail>
	<fanart>https://image.tmdb.org/t/p/w1280/hVpUs9zBGDuAG6RcTeHkBQshJkk.jpg</fanart>
</item>
<item>
	<title>[COLOR=white]Swindle[/COLOR]</title>
	<meta>
	<imdb>tt0190938</imdb>
	<content>movie</content>
	<title>Swindle</title>
	<year>2002</year>
	</meta>
	<link>
	<sublink>search</sublink>
	<sublink>searchsd</sublink>
	</link>
	<thumbnail>https://image.tmdb.org/t/p/w1280/h5LSYgE5y4firthL82t1s84nny9.jpg</thumbnail>
	<fanart>https://image.tmdb.org/t/p/w1280/odPtRFfbWzZ8thdUstliETg9QUK.jpg</fanart>
</item>
<item>
	<title>[COLOR=white]Tales from the Hollywood Hills - Natica Jackson[/COLOR]</title>
	<meta>
	<imdb>tt0093602</imdb>
	<content>movie</content>
	<title>Tales from the Hollywood Hills - Natica Jackson</title>
	<year>1987</year>
	</meta>
	<link>
	<sublink>search</sublink>
	<sublink>searchsd</sublink>
	</link>
	<thumbnail>https://image.tmdb.org/t/p/w1280/amQI7f9sIIRENUw1LSZpQVrkDu1.jpg</thumbnail>
	<fanart>https://image.tmdb.org/t/p/w1280/hz8oBMW1D6Vy3lDriITNErvSc8E.jpg</fanart>
</item>
<item>
	<title>[COLOR=white]Tank Girl[/COLOR]</title>
	<meta>
	<imdb>tt0114614</imdb>
	<content>movie</content>
	<title>Tank Girl</title>
	<year>1995</year>
	</meta>
	<link>
	<sublink>search</sublink>
	<sublink>searchsd</sublink>
	</link>
	<thumbnail>https://image.tmdb.org/t/p/w1280/qohdY3BcJ98sFneOUAWp0FmH4Z6.jpg</thumbnail>
	<fanart>https://image.tmdb.org/t/p/w1280/7h9o929I810HCI0ahTLYOTSUxVu.jpg</fanart>
</item>
<item>
	<title>[COLOR=white]The 10th Victim[/COLOR]</title>
	<meta>
	<imdb>tt0059095</imdb>
	<content>movie</content>
	<title>The 10th Victim</title>
	<year>1965</year>
	</meta>
	<link>
	<sublink>search</sublink>
	<sublink>searchsd</sublink>
	</link>
	<thumbnail>https://image.tmdb.org/t/p/w1280/ivIYq9nKqK1tWD27RSYZv0HhaMG.jpg</thumbnail>
	<fanart>https://image.tmdb.org/t/p/w1280/rJGPGKxSJQk84MAFIHcMveqDxhJ.jpg</fanart>
</item>
<item>
	<title>[COLOR=white]The Gene Generation[/COLOR]</title>
	<meta>
	<imdb>tt0438052</imdb>
	<content>movie</content>
	<title>The Gene Generation</title>
	<year>2007</year>
	</meta>
	<link>
	<sublink>search</sublink>
	<sublink>searchsd</sublink>
	</link>
	<thumbnail>https://image.tmdb.org/t/p/w1280/7zoOytPe2KkWJZxIXS525cscSod.jpg</thumbnail>
	<fanart>https://image.tmdb.org/t/p/w1280/1LS9nWUMYAJoxTMu0yYXwjVGYTh.jpg</fanart>
</item>
<item>
	<title>[COLOR=white]The Long Kiss Goodnight[/COLOR]</title>
	<meta>
	<imdb>tt0116908</imdb>
	<content>movie</content>
	<title>The Long Kiss Goodnight</title>
	<year>1996</year>
	</meta>
	<link>
	<sublink>search</sublink>
	<sublink>searchsd</sublink>
	</link>
	<thumbnail>https://image.tmdb.org/t/p/w1280/4MENR8x6mYqnZvp2hGjSaPJz64J.jpg</thumbnail>
	<fanart>https://image.tmdb.org/t/p/w1280/clje68pDYWklP50zKg7mgxa73nZ.jpg</fanart>
</item>
<item>
	<title>[COLOR=white]The Machine Girl[/COLOR]</title>
	<meta>
	<imdb>tt1050160</imdb>
	<content>movie</content>
	<title>The Machine Girl</title>
	<year>2008</year>
	</meta>
	<link>
	<sublink>search</sublink>
	<sublink>searchsd</sublink>
	</link>
	<thumbnail>https://image.tmdb.org/t/p/w1280/t2TQiQxsEf0dBzmHoxdKkEjdQPF.jpg</thumbnail>
	<fanart>https://image.tmdb.org/t/p/w1280/flU4inIxUhtmVZNWywbbKrUHVAb.jpg</fanart>
</item>
<item>
	<title>[COLOR=white]Tokyo Gore Police[/COLOR]</title>
	<meta>
	<imdb>tt1183732</imdb>
	<content>movie</content>
	<title>Tokyo Gore Police</title>
	<year>2008</year>
	</meta>
	<link>
	<sublink>search</sublink>
	<sublink>searchsd</sublink>
	</link>
	<thumbnail>https://image.tmdb.org/t/p/w1280/uVNJmSPnzlv6QiywEtPOH8wzoi0.jpg</thumbnail>
	<fanart>https://image.tmdb.org/t/p/w1280/fu4e3wutgCWN4ZZrDNGSFaXKQry.jpg</fanart>
</item>
<item>
	<title>[COLOR=white]Ultraviolet[/COLOR]</title>
	<meta>
	<imdb>tt0370032</imdb>
	<content>movie</content>
	<title>Ultraviolet</title>
	<year>2006</year>
	</meta>
	<link>
	<sublink>search</sublink>
	<sublink>searchsd</sublink>
	</link>
	<thumbnail>https://image.tmdb.org/t/p/w1280/cZeoFB4FjSe2KTG1BPLhckddFVA.jpg</thumbnail>
	<fanart>https://image.tmdb.org/t/p/w1280/jihMKGWilrgy0VWJyopstqFw3Ti.jpg</fanart>
</item>
<item>
	<title>[COLOR=white]Underworld: Awakening[/COLOR]</title>
	<meta>
	<imdb>tt1496025</imdb>
	<content>movie</content>
	<title>Underworld: Awakening</title>
	<year>2012</year>
	</meta>
	<link>
	<sublink>search</sublink>
	<sublink>searchsd</sublink>
	</link>
	<thumbnail>https://image.tmdb.org/t/p/w1280/ayazc5fQ2YAw7vjaE1WGlJWtGX9.jpg</thumbnail>
	<fanart>https://image.tmdb.org/t/p/w1280/8iNsXY3LPsuT0gnUiTBMoNuRZI7.jpg</fanart>
</item>
<item>
	<title>[COLOR=white]Underworld: Evolution[/COLOR]</title>
	<meta>
	<imdb>tt0401855</imdb>
	<content>movie</content>
	<title>Underworld: Evolution</title>
	<year>2006</year>
	</meta>
	<link>
	<sublink>search</sublink>
	<sublink>searchsd</sublink>
	</link>
	<thumbnail>https://image.tmdb.org/t/p/w1280/fogihlu39MuYgL6pKObI4SQWPOY.jpg</thumbnail>
	<fanart>https://image.tmdb.org/t/p/w1280/wSnMlhSWIZ7JQYkHq168hK9R8Lh.jpg</fanart>
</item>
<item>
	<title>[COLOR=white]Underworld[/COLOR]</title>
	<meta>
	<imdb>tt0320691</imdb>
	<content>movie</content>
	<title>Underworld</title>
	<year>2003</year>
	</meta>
	<link>
	<sublink>search</sublink>
	<sublink>searchsd</sublink>
	</link>
	<thumbnail>https://image.tmdb.org/t/p/w1280/rdkxl5iXdpVU188cL1LLG3sy6z4.jpg</thumbnail>
	<fanart>https://image.tmdb.org/t/p/w1280/cPhRPAJWK8BuuJqqf6PztzvOlnZ.jpg</fanart>
</item>
<item>
	<title>[COLOR=white]Wanted[/COLOR]</title>
	<meta>
	<imdb>tt0493464</imdb>
	<content>movie</content>
	<title>Wanted</title>
	<year>2008</year>
	</meta>
	<link>
	<sublink>search</sublink>
	<sublink>searchsd</sublink>
	</link>
	<thumbnail>https://image.tmdb.org/t/p/w1280/mUrkppyahzk6koYFekxeu0tmcPd.jpg</thumbnail>
	<fanart>https://image.tmdb.org/t/p/w1280/ilZi36pgWOv6hsqgQiG2CetomoB.jpg</fanart>
</item>
<item>
	<title>[COLOR=white]XX: Beautiful Beast[/COLOR]</title>
	<meta>
	<imdb>tt0167498</imdb>
	<content>movie</content>
	<title>XX: Beautiful Beast</title>
	<year>1995</year>
	</meta>
	<link>
	<sublink>search</sublink>
	<sublink>searchsd</sublink>
	</link>
	<thumbnail>https://image.tmdb.org/t/p/w1280/iZCuvD7RjhzLGJJ0HbROVRNcpF2.jpg</thumbnail>
	<fanart>https://image.tmdb.org/t/p/w1280</fanart>
</item>
<item>
	<title>[COLOR=white]XX: Beautiful Killing Machine[/COLOR]</title>
	<meta>
	<imdb>tt0229058</imdb>
	<content>movie</content>
	<title>XX: Beautiful Killing Machine</title>
	<year>1996</year>
	</meta>
	<link>
	<sublink>search</sublink>
	<sublink>searchsd</sublink>
	</link>
	<thumbnail>https://image.tmdb.org/t/p/w1280/a8klhA1Y2aHIaQYgrOq5yjCpLzR.jpg</thumbnail>
	<fanart>https://image.tmdb.org/t/p/w1280</fanart>
</item>
<item>
	<title>[COLOR=white]XX: Beautiful Prey[/COLOR]</title>
	<meta>
	<imdb>tt0229059</imdb>
	<content>movie</content>
	<title>XX: Beautiful Prey</title>
	<year>1996</year>
	</meta>
	<link>
	<sublink>search</sublink>
	<sublink>searchsd</sublink>
	</link>
	<thumbnail>https://image.tmdb.org/t/p/w1280/g9jkidS5FchriXykLRQsq8ePWaR.jpg</thumbnail>
	<fanart>https://image.tmdb.org/t/p/w1280</fanart>
</item>
<item>
	<title>[COLOR=white]Yes Madam[/COLOR]</title>
	<meta>
	<imdb>tt0186714</imdb>
	<content>movie</content>
	<title>Yes Madam</title>
	<year>1995</year>
	</meta>
	<link>
	<sublink>search</sublink>
	<sublink>searchsd</sublink>
	</link>
	<thumbnail>https://image.tmdb.org/t/p/w1280/p0rgSMsGnAGTBNFzU8L3tpPrL8F.jpg</thumbnail>
	<fanart>https://image.tmdb.org/t/p/w1280</fanart>
</item>
<item>
	<title>[COLOR=white]Yo-Yo Sexy Girl Cop[/COLOR]</title>
	<meta>
	<imdb>tt1076862</imdb>
	<content>movie</content>
	<title>Yo-Yo Sexy Girl Cop</title>
	<year>2006</year>
	</meta>
	<link>
	<sublink>search</sublink>
	<sublink>searchsd</sublink>
	</link>
	<thumbnail>https://image.tmdb.org/t/p/w1280/5qsMqiUipq5Uvr6SdEjFOn12GAY.jpg</thumbnail>
	<fanart>https://image.tmdb.org/t/p/w1280</fanart>
</item>
<item>
	<title>[COLOR=white]Zero Woman[/COLOR]</title>
	<meta>
	<imdb>tt0167508</imdb>
	<content>movie</content>
	<title>Zero Woman</title>
	<year>1995</year>
	</meta>
	<link>
	<sublink>search</sublink>
	<sublink>searchsd</sublink>
	</link>
	<thumbnail>https://image.tmdb.org/t/p/w1280/l0SxDHm2Fox05e3nHZyYMRfvtPd.jpg</thumbnail>
	<fanart>https://image.tmdb.org/t/p/w1280/xwxQiFLSsssBMhyBemkBnk7p6gz.jpg</fanart>
</item>
