<item>
	<title>[COLOR=white]20,000 Leagues Under the Sea[/COLOR]</title>
	<meta>
	<imdb>tt0046672</imdb>
	<content>movie</content>
	<title>20,000 Leagues Under the Sea</title>
	<year>1954</year>
	</meta>
	<link>
	<sublink>search</sublink>
	<sublink>searchsd</sublink>
	</link>
	<thumbnail>https://image.tmdb.org/t/p/w1280/yhoL2CxBp9IwMhHrCj6FIb2lrYR.jpg</thumbnail>
	<fanart>https://image.tmdb.org/t/p/w1280/y2PFn5oP0jWt5Kk0EwFcWenqawp.jpg</fanart>
</item>
<item>
	<title>[COLOR=white]2001: A Space Odyssey[/COLOR]</title>
	<meta>
	<imdb>tt0062622</imdb>
	<content>movie</content>
	<title>2001: A Space Odyssey</title>
	<year>1968</year>
	</meta>
	<link>
	<sublink>search</sublink>
	<sublink>searchsd</sublink>
	</link>
	<thumbnail>https://image.tmdb.org/t/p/w1280/90T7b2LIrL07ndYQBmSm09yqVEH.jpg</thumbnail>
	<fanart>https://image.tmdb.org/t/p/w1280/pckdZ29bHj11hBsV3SbVVfmCB6C.jpg</fanart>
</item>
<item>
	<title>[COLOR=white]2010[/COLOR]</title>
	<meta>
	<imdb>tt0086837</imdb>
	<content>movie</content>
	<title>2010</title>
	<year>1984</year>
	</meta>
	<link>
	<sublink>search</sublink>
	<sublink>searchsd</sublink>
	</link>
	<thumbnail>https://image.tmdb.org/t/p/w1280/9Rcz2n16HEYRi2EKGliByP6ESYR.jpg</thumbnail>
	<fanart>https://image.tmdb.org/t/p/w1280/sESzXLxl1f8vf94zPr8yngIddro.jpg</fanart>
</item>
<item>
	<title>[COLOR=white]A Clockwork Orange[/COLOR]</title>
	<meta>
	<imdb>tt0066921</imdb>
	<content>movie</content>
	<title>A Clockwork Orange</title>
	<year>1971</year>
	</meta>
	<link>
	<sublink>search</sublink>
	<sublink>searchsd</sublink>
	</link>
	<thumbnail>https://image.tmdb.org/t/p/w1280/4sHeTAp65WrSSuc05nRBKddhBxO.jpg</thumbnail>
	<fanart>https://image.tmdb.org/t/p/w1280/unMc1jEyqCnzba976GviSFKGagt.jpg</fanart>
</item>
<item>
	<title>[COLOR=white]A Monster Calls[/COLOR]</title>
	<meta>
	<imdb>tt3416532</imdb>
	<content>movie</content>
	<title>A Monster Calls</title>
	<year>2016</year>
	</meta>
	<link>
	<sublink>search</sublink>
	<sublink>searchsd</sublink>
	</link>
	<thumbnail>https://image.tmdb.org/t/p/w1280/oqZ0MBWxNrArZpyVqk3QGAA37QL.jpg</thumbnail>
	<fanart>https://image.tmdb.org/t/p/w1280/xVW8REyVqKwxAtUYY07UGlZH43L.jpg</fanart>
</item>
<item>
	<title>[COLOR=white]A Trip to the Moon[/COLOR]</title>
	<meta>
	<imdb>tt0000417</imdb>
	<content>movie</content>
	<title>A Trip to the Moon</title>
	<year>1902</year>
	</meta>
	<link>
	<sublink>search</sublink>
	<sublink>searchsd</sublink>
	</link>
	<thumbnail>https://image.tmdb.org/t/p/w1280/emuYkqLndEqeVNY5LpFvGXfAO3O.jpg</thumbnail>
	<fanart>https://image.tmdb.org/t/p/w1280/jeC1kzwWnZTuXl7xF4E5D70BD8c.jpg</fanart>
</item>
<item>
	<title>[COLOR=white]A.I. Artificial Intelligence[/COLOR]</title>
	<meta>
	<imdb>tt0212720</imdb>
	<content>movie</content>
	<title>A.I. Artificial Intelligence</title>
	<year>2001</year>
	</meta>
	<link>
	<sublink>search</sublink>
	<sublink>searchsd</sublink>
	</link>
	<thumbnail>https://image.tmdb.org/t/p/w1280/wnUAcUrMRGPPZUDroLeZhSjLkuu.jpg</thumbnail>
	<fanart>https://image.tmdb.org/t/p/w1280/idVdfyi51JtG7N5DPW6qeSankyV.jpg</fanart>
</item>
<item>
	<title>[COLOR=white]Alien3[/COLOR]</title>
	<meta>
	<imdb>tt0103644</imdb>
	<content>movie</content>
	<title>Alien3</title>
	<year>1992</year>
	</meta>
	<link>
	<sublink>search</sublink>
	<sublink>searchsd</sublink>
	</link>
	<thumbnail>https://image.tmdb.org/t/p/w1280/p7mUd9GpmCYV5qhkKGmiEerFK3i.jpg</thumbnail>
	<fanart>https://image.tmdb.org/t/p/w1280/nDPuIjpJyGDOnNEby5ZgkRBxymS.jpg</fanart>
</item>
<item>
	<title>[COLOR=white]Alien[/COLOR]</title>
	<meta>
	<imdb>tt0078748</imdb>
	<content>movie</content>
	<title>Alien</title>
	<year>1979</year>
	</meta>
	<link>
	<sublink>search</sublink>
	<sublink>searchsd</sublink>
	</link>
	<thumbnail>https://image.tmdb.org/t/p/w1280/2h00HrZs89SL3tXB4nbkiM7BKHs.jpg</thumbnail>
	<fanart>https://image.tmdb.org/t/p/w1280/dfNrZ82poQ8blHWJreIv6JZQ9JA.jpg</fanart>
</item>
<item>
	<title>[COLOR=white]Aliens[/COLOR]</title>
	<meta>
	<imdb>tt0090605</imdb>
	<content>movie</content>
	<title>Aliens</title>
	<year>1986</year>
	</meta>
	<link>
	<sublink>search</sublink>
	<sublink>searchsd</sublink>
	</link>
	<thumbnail>https://image.tmdb.org/t/p/w1280/nORMXEkYEbzkU5WkMWMgRDJwjSZ.jpg</thumbnail>
	<fanart>https://image.tmdb.org/t/p/w1280/fYoe6SqpNpTjUIIZhLGHfHu1Nt8.jpg</fanart>
</item>
<item>
	<title>[COLOR=white]Another Earth[/COLOR]</title>
	<meta>
	<imdb>tt1549572</imdb>
	<content>movie</content>
	<title>Another Earth</title>
	<year>2011</year>
	</meta>
	<link>
	<sublink>search</sublink>
	<sublink>searchsd</sublink>
	</link>
	<thumbnail>https://image.tmdb.org/t/p/w1280/qvGJK3lFzpifAdyIupMNdWNX0qr.jpg</thumbnail>
	<fanart>https://image.tmdb.org/t/p/w1280/fJfpZnS2pvFCtyaDqoIgKLASvAT.jpg</fanart>
</item>
<item>
	<title>[COLOR=white]Ant-Man[/COLOR]</title>
	<meta>
	<imdb>tt0478970</imdb>
	<content>movie</content>
	<title>Ant-Man</title>
	<year>2015</year>
	</meta>
	<link>
	<sublink>search</sublink>
	<sublink>searchsd</sublink>
	</link>
	<thumbnail>https://image.tmdb.org/t/p/w1280/D6e8RJf2qUstnfkTslTXNTUAlT.jpg</thumbnail>
	<fanart>https://image.tmdb.org/t/p/w1280/kvXLZqY0Ngl1XSw7EaMQO0C1CCj.jpg</fanart>
</item>
<item>
	<title>[COLOR=white]Arrival[/COLOR]</title>
	<meta>
	<imdb>tt2543164</imdb>
	<content>movie</content>
	<title>Arrival</title>
	<year>2016</year>
	</meta>
	<link>
	<sublink>search</sublink>
	<sublink>searchsd</sublink>
	</link>
	<thumbnail>https://image.tmdb.org/t/p/w1280/hLudzvGfpi6JlwUnsNhXwKKg4j.jpg</thumbnail>
	<fanart>https://image.tmdb.org/t/p/w1280/x3akjRHhZnIZx0EiQ3eOg66qoS9.jpg</fanart>
</item>
<item>
	<title>[COLOR=white]Avatar[/COLOR]</title>
	<meta>
	<imdb>tt0499549</imdb>
	<content>movie</content>
	<title>Avatar</title>
	<year>2009</year>
	</meta>
	<link>
	<sublink>search</sublink>
	<sublink>searchsd</sublink>
	</link>
	<thumbnail>https://image.tmdb.org/t/p/w1280/kmcqlZGaSh20zpTbuoF0Cdn07dT.jpg</thumbnail>
	<fanart>https://image.tmdb.org/t/p/w1280/5XPPB44RQGfkBrbJxmtdndKz05n.jpg</fanart>
</item>
<item>
	<title>[COLOR=white]Avengers: Infinity War[/COLOR]</title>
	<meta>
	<imdb>tt4154756</imdb>
	<content>movie</content>
	<title>Avengers: Infinity War</title>
	<year>2018</year>
	</meta>
	<link>
	<sublink>search</sublink>
	<sublink>searchsd</sublink>
	</link>
	<thumbnail>https://image.tmdb.org/t/p/w1280/7WsyChQLEftFiDOVTGkv3hFpyyt.jpg</thumbnail>
	<fanart>https://image.tmdb.org/t/p/w1280/bOGkgRGdhrBYJSLpXaxhXVstddV.jpg</fanart>
</item>
<item>
	<title>[COLOR=white]Back to the Future Part III[/COLOR]</title>
	<meta>
	<imdb>tt0099088</imdb>
	<content>movie</content>
	<title>Back to the Future Part III</title>
	<year>1990</year>
	</meta>
	<link>
	<sublink>search</sublink>
	<sublink>searchsd</sublink>
	</link>
	<thumbnail>https://image.tmdb.org/t/p/w1280/6DmgPTZYaug7QNDjOhUDWyjOQDl.jpg</thumbnail>
	<fanart>https://image.tmdb.org/t/p/w1280/pP2a4MBQbIeZMbErBWMjxTT5Npb.jpg</fanart>
</item>
<item>
	<title>[COLOR=white]Back to the Future Part II[/COLOR]</title>
	<meta>
	<imdb>tt0096874</imdb>
	<content>movie</content>
	<title>Back to the Future Part II</title>
	<year>1989</year>
	</meta>
	<link>
	<sublink>search</sublink>
	<sublink>searchsd</sublink>
	</link>
	<thumbnail>https://image.tmdb.org/t/p/w1280/k5dzvCQkXU2CAhLtlj9BHE7xmyK.jpg</thumbnail>
	<fanart>https://image.tmdb.org/t/p/w1280/snLFUFzWUZCdYkAbhZlaGJxiY3I.jpg</fanart>
</item>
<item>
	<title>[COLOR=white]Back to the Future[/COLOR]</title>
	<meta>
	<imdb>tt0088763</imdb>
	<content>movie</content>
	<title>Back to the Future</title>
	<year>1985</year>
	</meta>
	<link>
	<sublink>search</sublink>
	<sublink>searchsd</sublink>
	</link>
	<thumbnail>https://image.tmdb.org/t/p/w1280/pTpxQB1N0waaSc3OSn0e9oc8kx9.jpg</thumbnail>
	<fanart>https://image.tmdb.org/t/p/w1280/x4N74cycZvKu5k3KDERJay4ajR3.jpg</fanart>
</item>
<item>
	<title>[COLOR=white]Black Panther[/COLOR]</title>
	<meta>
	<imdb>tt1825683</imdb>
	<content>movie</content>
	<title>Black Panther</title>
	<year>2018</year>
	</meta>
	<link>
	<sublink>search</sublink>
	<sublink>searchsd</sublink>
	</link>
	<thumbnail>https://image.tmdb.org/t/p/w1280/uxzzxijgPIY7slzFvMotPv8wjKA.jpg</thumbnail>
	<fanart>https://image.tmdb.org/t/p/w1280/b6ZJZHUdMEFECvGiDpJjlfUWela.jpg</fanart>
</item>
<item>
	<title>[COLOR=white]Blade Runner 2049[/COLOR]</title>
	<meta>
	<imdb>tt1856101</imdb>
	<content>movie</content>
	<title>Blade Runner 2049</title>
	<year>2017</year>
	</meta>
	<link>
	<sublink>search</sublink>
	<sublink>searchsd</sublink>
	</link>
	<thumbnail>https://image.tmdb.org/t/p/w1280/gajva2L0rPYkEWjzgFlBXCAVBE5.jpg</thumbnail>
	<fanart>https://image.tmdb.org/t/p/w1280/mVr0UiqyltcfqxbAUcLl9zWL8ah.jpg</fanart>
</item>
<item>
	<title>[COLOR=white]Blade Runner[/COLOR]</title>
	<meta>
	<imdb>tt0083658</imdb>
	<content>movie</content>
	<title>Blade Runner</title>
	<year>1982</year>
	</meta>
	<link>
	<sublink>search</sublink>
	<sublink>searchsd</sublink>
	</link>
	<thumbnail>https://image.tmdb.org/t/p/w1280/vfzE3pjE5G7G7kcZWrA3fnbZo7V.jpg</thumbnail>
	<fanart>https://image.tmdb.org/t/p/w1280/5hJ0XDCxE3qGfp1H3h7HQP9rLfU.jpg</fanart>
</item>
<item>
	<title>[COLOR=white]Captain America: Civil War[/COLOR]</title>
	<meta>
	<imdb>tt3498820</imdb>
	<content>movie</content>
	<title>Captain America: Civil War</title>
	<year>2016</year>
	</meta>
	<link>
	<sublink>search</sublink>
	<sublink>searchsd</sublink>
	</link>
	<thumbnail>https://image.tmdb.org/t/p/w1280/kSBXou5Ac7vEqKd97wotJumyJvU.jpg</thumbnail>
	<fanart>https://image.tmdb.org/t/p/w1280/m5O3SZvQ6EgD5XXXLPIP1wLppeW.jpg</fanart>
</item>
<item>
	<title>[COLOR=white]Captain America: The First Avenger[/COLOR]</title>
	<meta>
	<imdb>tt0458339</imdb>
	<content>movie</content>
	<title>Captain America: The First Avenger</title>
	<year>2011</year>
	</meta>
	<link>
	<sublink>search</sublink>
	<sublink>searchsd</sublink>
	</link>
	<thumbnail>https://image.tmdb.org/t/p/w1280/vSNxAJTlD0r02V9sPYpOjqDZXUK.jpg</thumbnail>
	<fanart>https://image.tmdb.org/t/p/w1280/pmZtj1FKvQqISS6iQbkiLg5TAsr.jpg</fanart>
</item>
<item>
	<title>[COLOR=white]Captain America: The Winter Soldier[/COLOR]</title>
	<meta>
	<imdb>tt1843866</imdb>
	<content>movie</content>
	<title>Captain America: The Winter Soldier</title>
	<year>2014</year>
	</meta>
	<link>
	<sublink>search</sublink>
	<sublink>searchsd</sublink>
	</link>
	<thumbnail>https://image.tmdb.org/t/p/w1280/5TQ6YDmymBpnF005OyoB7ohZps9.jpg</thumbnail>
	<fanart>https://image.tmdb.org/t/p/w1280/4qfXT9BtxeFuamR4F49m2mpKQI1.jpg</fanart>
</item>
<item>
	<title>[COLOR=white]Children of Men[/COLOR]</title>
	<meta>
	<imdb>tt0206634</imdb>
	<content>movie</content>
	<title>Children of Men</title>
	<year>2006</year>
	</meta>
	<link>
	<sublink>search</sublink>
	<sublink>searchsd</sublink>
	</link>
	<thumbnail>https://image.tmdb.org/t/p/w1280/gZ6i32Da76EUxta06GL2BxpC4Cn.jpg</thumbnail>
	<fanart>https://image.tmdb.org/t/p/w1280/c5jNuPA19oGiEmbh8iFeAi6aHMI.jpg</fanart>
</item>
<item>
	<title>[COLOR=white]Chronicle[/COLOR]</title>
	<meta>
	<imdb>tt1706593</imdb>
	<content>movie</content>
	<title>Chronicle</title>
	<year>2012</year>
	</meta>
	<link>
	<sublink>search</sublink>
	<sublink>searchsd</sublink>
	</link>
	<thumbnail>https://image.tmdb.org/t/p/w1280/kdyrdFIt29FUmLIKvedAc2j4rpo.jpg</thumbnail>
	<fanart>https://image.tmdb.org/t/p/w1280/f54d3tpzdRW02IDIIVRuwiY2N3K.jpg</fanart>
</item>
<item>
	<title>[COLOR=white]Close Encounters of the Third Kind[/COLOR]</title>
	<meta>
	<imdb>tt0075860</imdb>
	<content>movie</content>
	<title>Close Encounters of the Third Kind</title>
	<year>1977</year>
	</meta>
	<link>
	<sublink>search</sublink>
	<sublink>searchsd</sublink>
	</link>
	<thumbnail>https://image.tmdb.org/t/p/w1280/3Av8ZPiMrxFq9XiOjZl0tkoq9Oo.jpg</thumbnail>
	<fanart>https://image.tmdb.org/t/p/w1280/ppixBaZwLr6dJF6mlWZoz2ALupR.jpg</fanart>
</item>
<item>
	<title>[COLOR=white]Cloverfield[/COLOR]</title>
	<meta>
	<imdb>tt1060277</imdb>
	<content>movie</content>
	<title>Cloverfield</title>
	<year>2008</year>
	</meta>
	<link>
	<sublink>search</sublink>
	<sublink>searchsd</sublink>
	</link>
	<thumbnail>https://image.tmdb.org/t/p/w1280/qIegUGJqyMMCRjkKV1s7A9MqdJ8.jpg</thumbnail>
	<fanart>https://image.tmdb.org/t/p/w1280/6kVVfNT0auG6fU5SFQ1zbayNWUC.jpg</fanart>
</item>
<item>
	<title>[COLOR=white]Contact[/COLOR]</title>
	<meta>
	<imdb>tt0118884</imdb>
	<content>movie</content>
	<title>Contact</title>
	<year>1997</year>
	</meta>
	<link>
	<sublink>search</sublink>
	<sublink>searchsd</sublink>
	</link>
	<thumbnail>https://image.tmdb.org/t/p/w1280/yRF1qpaQPZJjiORDsR7eUHzSHbf.jpg</thumbnail>
	<fanart>https://image.tmdb.org/t/p/w1280/dBK75oCKuHVuJ9rSUnusIFbhocH.jpg</fanart>
</item>
<item>
	<title>[COLOR=white]Dark City[/COLOR]</title>
	<meta>
	<imdb>tt0118929</imdb>
	<content>movie</content>
	<title>Dark City</title>
	<year>1998</year>
	</meta>
	<link>
	<sublink>search</sublink>
	<sublink>searchsd</sublink>
	</link>
	<thumbnail>https://image.tmdb.org/t/p/w1280/9H0CwbnUKjI8TLHKz6MYeT4MHBP.jpg</thumbnail>
	<fanart>https://image.tmdb.org/t/p/w1280/rIWui0S2ugwTWlhna6CTS3RYW9q.jpg</fanart>
</item>
<item>
	<title>[COLOR=white]Dark Star[/COLOR]</title>
	<meta>
	<imdb>tt0069945</imdb>
	<content>movie</content>
	<title>Dark Star</title>
	<year>1974</year>
	</meta>
	<link>
	<sublink>search</sublink>
	<sublink>searchsd</sublink>
	</link>
	<thumbnail>https://image.tmdb.org/t/p/w1280/eeoSwN8l0mj1gEzRzmXvoAUXxDh.jpg</thumbnail>
	<fanart>https://image.tmdb.org/t/p/w1280/A5A5JxKXwLNS9MU2B0i4Zfu5tz4.jpg</fanart>
</item>
<item>
	<title>[COLOR=white]Dawn of the Planet of the Apes[/COLOR]</title>
	<meta>
	<imdb>tt2103281</imdb>
	<content>movie</content>
	<title>Dawn of the Planet of the Apes</title>
	<year>2014</year>
	</meta>
	<link>
	<sublink>search</sublink>
	<sublink>searchsd</sublink>
	</link>
	<thumbnail>https://image.tmdb.org/t/p/w1280/2EUAUIu5lHFlkj5FRryohlH6CRO.jpg</thumbnail>
	<fanart>https://image.tmdb.org/t/p/w1280/t7VSsAbIQS6kpO4ikuCNSiugsSy.jpg</fanart>
</item>
<item>
	<title>[COLOR=white]Deadpool 2[/COLOR]</title>
	<meta>
	<imdb>tt5463162</imdb>
	<content>movie</content>
	<title>Deadpool 2</title>
	<year>2018</year>
	</meta>
	<link>
	<sublink>search</sublink>
	<sublink>searchsd</sublink>
	</link>
	<thumbnail>https://image.tmdb.org/t/p/w1280/to0spRl1CMDvyUbOnbb4fTk3VAd.jpg</thumbnail>
	<fanart>https://image.tmdb.org/t/p/w1280/9lttPLlmZ8l7arZm7AXgKHhl7nv.jpg</fanart>
</item>
<item>
	<title>[COLOR=white]Deadpool[/COLOR]</title>
	<meta>
	<imdb>tt1431045</imdb>
	<content>movie</content>
	<title>Deadpool</title>
	<year>2016</year>
	</meta>
	<link>
	<sublink>search</sublink>
	<sublink>searchsd</sublink>
	</link>
	<thumbnail>https://image.tmdb.org/t/p/w1280/inVq3FRqcYIRl2la8iZikYYxFNR.jpg</thumbnail>
	<fanart>https://image.tmdb.org/t/p/w1280/n1y094tVDFATSzkTnFxoGZ1qNsG.jpg</fanart>
</item>
<item>
	<title>[COLOR=white]Deja Vu[/COLOR]</title>
	<meta>
	<imdb>tt0453467</imdb>
	<content>movie</content>
	<title>Deja Vu</title>
	<year>2006</year>
	</meta>
	<link>
	<sublink>search</sublink>
	<sublink>searchsd</sublink>
	</link>
	<thumbnail>https://image.tmdb.org/t/p/w1280/abqvTL8xYQLgAtQGmyN7UxvCRGN.jpg</thumbnail>
	<fanart>https://image.tmdb.org/t/p/w1280/94Mb6dnCtmkqPmjFGucghp7UXda.jpg</fanart>
</item>
<item>
	<title>[COLOR=white]Destination Moon[/COLOR]</title>
	<meta>
	<imdb>tt0042393</imdb>
	<content>movie</content>
	<title>Destination Moon</title>
	<year>1950</year>
	</meta>
	<link>
	<sublink>search</sublink>
	<sublink>searchsd</sublink>
	</link>
	<thumbnail>https://image.tmdb.org/t/p/w1280/uLtELccUcFnpttTOcwgJ4TM5M1m.jpg</thumbnail>
	<fanart>https://image.tmdb.org/t/p/w1280/pAZDrzXgVjJR5KiEGWMrBiW10eE.jpg</fanart>
</item>
<item>
	<title>[COLOR=white]District 9[/COLOR]</title>
	<meta>
	<imdb>tt1136608</imdb>
	<content>movie</content>
	<title>District 9</title>
	<year>2009</year>
	</meta>
	<link>
	<sublink>search</sublink>
	<sublink>searchsd</sublink>
	</link>
	<thumbnail>https://image.tmdb.org/t/p/w1280/axFmCRNQsW6Bto8XuJKo08MPPV5.jpg</thumbnail>
	<fanart>https://image.tmdb.org/t/p/w1280/yosGyMJ2CkavMSGx6PhcZO6kCAV.jpg</fanart>
</item>
<item>
	<title>[COLOR=white]Doctor Strange[/COLOR]</title>
	<meta>
	<imdb>tt1211837</imdb>
	<content>movie</content>
	<title>Doctor Strange</title>
	<year>2016</year>
	</meta>
	<link>
	<sublink>search</sublink>
	<sublink>searchsd</sublink>
	</link>
	<thumbnail>https://image.tmdb.org/t/p/w1280/4PiiNGXj1KENTmCBHeN6Mskj2Fq.jpg</thumbnail>
	<fanart>https://image.tmdb.org/t/p/w1280/tFI8VLMgSTTU38i8TIsklfqS9Nl.jpg</fanart>
</item>
<item>
	<title>[COLOR=white]Donnie Darko[/COLOR]</title>
	<meta>
	<imdb>tt0246578</imdb>
	<content>movie</content>
	<title>Donnie Darko</title>
	<year>2001</year>
	</meta>
	<link>
	<sublink>search</sublink>
	<sublink>searchsd</sublink>
	</link>
	<thumbnail>https://image.tmdb.org/t/p/w1280/nmb4QhCRmdfNP6rgb81yUFgI83l.jpg</thumbnail>
	<fanart>https://image.tmdb.org/t/p/w1280/lh79qx9sEkRZvtTHHmHSUUwYZLN.jpg</fanart>
</item>
<item>
	<title>[COLOR=white]E.T. the Extra-Terrestrial[/COLOR]</title>
	<meta>
	<imdb>tt0083866</imdb>
	<content>movie</content>
	<title>E.T. the Extra-Terrestrial</title>
	<year>1982</year>
	</meta>
	<link>
	<sublink>search</sublink>
	<sublink>searchsd</sublink>
	</link>
	<thumbnail>https://image.tmdb.org/t/p/w1280/8htLKK03TJjKZOXJgihZCu8v0P.jpg</thumbnail>
	<fanart>https://image.tmdb.org/t/p/w1280/mXLVA0YL6tcXi6SJSuAh9ONXFj5.jpg</fanart>
</item>
<item>
	<title>[COLOR=white]Eagle Eye[/COLOR]</title>
	<meta>
	<imdb>tt1059786</imdb>
	<content>movie</content>
	<title>Eagle Eye</title>
	<year>2008</year>
	</meta>
	<link>
	<sublink>search</sublink>
	<sublink>searchsd</sublink>
	</link>
	<thumbnail>https://image.tmdb.org/t/p/w1280/ej1yxLuhME7PJyGsXJjEMcQGI37.jpg</thumbnail>
	<fanart>https://image.tmdb.org/t/p/w1280/ryQdOW2Dz8kpO8IfN6BvHVl2jH7.jpg</fanart>
</item>
<item>
	<title>[COLOR=white]Edge of Tomorrow[/COLOR]</title>
	<meta>
	<imdb>tt1631867</imdb>
	<content>movie</content>
	<title>Edge of Tomorrow</title>
	<year>2014</year>
	</meta>
	<link>
	<sublink>search</sublink>
	<sublink>searchsd</sublink>
	</link>
	<thumbnail>https://image.tmdb.org/t/p/w1280/tpoVEYvm6qcXueZrQYJNRLXL88s.jpg</thumbnail>
	<fanart>https://image.tmdb.org/t/p/w1280/7mgKeg18Qml5nJQa56RBZO7dIu0.jpg</fanart>
</item>
<item>
	<title>[COLOR=white]Elysium[/COLOR]</title>
	<meta>
	<imdb>tt1535108</imdb>
	<content>movie</content>
	<title>Elysium</title>
	<year>2013</year>
	</meta>
	<link>
	<sublink>search</sublink>
	<sublink>searchsd</sublink>
	</link>
	<thumbnail>https://image.tmdb.org/t/p/w1280/tHkjoAxmhp3Eau1h0Ir7maKMwUz.jpg</thumbnail>
	<fanart>https://image.tmdb.org/t/p/w1280/vSbjlX9y8S2hKNURHEO4GsoIOay.jpg</fanart>
</item>
<item>
	<title>[COLOR=white]Enemy Mine[/COLOR]</title>
	<meta>
	<imdb>tt0089092</imdb>
	<content>movie</content>
	<title>Enemy Mine</title>
	<year>1985</year>
	</meta>
	<link>
	<sublink>search</sublink>
	<sublink>searchsd</sublink>
	</link>
	<thumbnail>https://image.tmdb.org/t/p/w1280/hKsZY8jHagbiTtvq8mwHV36a9ki.jpg</thumbnail>
	<fanart>https://image.tmdb.org/t/p/w1280/xStFRUQtjdQWiZEGN80rgkhN0Kh.jpg</fanart>
</item>
<item>
	<title>[COLOR=white]Equilibrium[/COLOR]</title>
	<meta>
	<imdb>tt0238380</imdb>
	<content>movie</content>
	<title>Equilibrium</title>
	<year>2002</year>
	</meta>
	<link>
	<sublink>search</sublink>
	<sublink>searchsd</sublink>
	</link>
	<thumbnail>https://image.tmdb.org/t/p/w1280/nOPW98NU67VN7g0ms5WD5nBVgEv.jpg</thumbnail>
	<fanart>https://image.tmdb.org/t/p/w1280/lJz2X8dEM1eiKxupmPUI7WVwEtK.jpg</fanart>
</item>
<item>
	<title>[COLOR=white]Eternal Sunshine of the Spotless Mind[/COLOR]</title>
	<meta>
	<imdb>tt0338013</imdb>
	<content>movie</content>
	<title>Eternal Sunshine of the Spotless Mind</title>
	<year>2004</year>
	</meta>
	<link>
	<sublink>search</sublink>
	<sublink>searchsd</sublink>
	</link>
	<thumbnail>https://image.tmdb.org/t/p/w1280/7y3eYvTsGjxPYDtSnumCLIMDkrV.jpg</thumbnail>
	<fanart>https://image.tmdb.org/t/p/w1280/kxRyIObPlSVIdpC5ZOa9aPhwDDh.jpg</fanart>
</item>
<item>
	<title>[COLOR=white]Europa Report[/COLOR]</title>
	<meta>
	<imdb>tt2051879</imdb>
	<content>movie</content>
	<title>Europa Report</title>
	<year>2013</year>
	</meta>
	<link>
	<sublink>search</sublink>
	<sublink>searchsd</sublink>
	</link>
	<thumbnail>https://image.tmdb.org/t/p/w1280/73lAZvmcuZjevJfHxcm5uGyqSMj.jpg</thumbnail>
	<fanart>https://image.tmdb.org/t/p/w1280/w7duQ0vVhhKmhq8VpJgVjbr3NeR.jpg</fanart>
</item>
<item>
	<title>[COLOR=white]Event Horizon[/COLOR]</title>
	<meta>
	<imdb>tt0119081</imdb>
	<content>movie</content>
	<title>Event Horizon</title>
	<year>1997</year>
	</meta>
	<link>
	<sublink>search</sublink>
	<sublink>searchsd</sublink>
	</link>
	<thumbnail>https://image.tmdb.org/t/p/w1280/vo02iJLsem3VCJ2TNvSzRiJMpAE.jpg</thumbnail>
	<fanart>https://image.tmdb.org/t/p/w1280/u2hltGUbjJLD9DnmpTNp0Ywly2I.jpg</fanart>
</item>
<item>
	<title>[COLOR=white]Evolution[/COLOR]</title>
	<meta>
	<imdb>tt0251075</imdb>
	<content>movie</content>
	<title>Evolution</title>
	<year>2001</year>
	</meta>
	<link>
	<sublink>search</sublink>
	<sublink>searchsd</sublink>
	</link>
	<thumbnail>https://image.tmdb.org/t/p/w1280/zGwNEPgfCXthetspyTHwvTEbfJG.jpg</thumbnail>
	<fanart>https://image.tmdb.org/t/p/w1280/cuOWu2u5BnJJGKuz8cgeQpQv0pj.jpg</fanart>
</item>
<item>
	<title>[COLOR=white]Ex Machina[/COLOR]</title>
	<meta>
	<imdb>tt0470752</imdb>
	<content>movie</content>
	<title>Ex Machina</title>
	<year>2015</year>
	</meta>
	<link>
	<sublink>search</sublink>
	<sublink>searchsd</sublink>
	</link>
	<thumbnail>https://image.tmdb.org/t/p/w1280/btbRB7BrD887j5NrvjxceRDmaot.jpg</thumbnail>
	<fanart>https://image.tmdb.org/t/p/w1280/9X3cDZb4GYGQeOnZHLwMcCFz2Ro.jpg</fanart>
</item>
<item>
	<title>[COLOR=white]Forbidden Planet[/COLOR]</title>
	<meta>
	<imdb>tt0049223</imdb>
	<content>movie</content>
	<title>Forbidden Planet</title>
	<year>1956</year>
	</meta>
	<link>
	<sublink>search</sublink>
	<sublink>searchsd</sublink>
	</link>
	<thumbnail>https://image.tmdb.org/t/p/w1280/qdH1Fm5vl1DAjXNHPmRZ4yEiUgM.jpg</thumbnail>
	<fanart>https://image.tmdb.org/t/p/w1280/9rrZp2Je3hZjE8Q9m3Ju84eFjDy.jpg</fanart>
</item>
<item>
	<title>[COLOR=white]Galaxy Quest[/COLOR]</title>
	<meta>
	<imdb>tt0177789</imdb>
	<content>movie</content>
	<title>Galaxy Quest</title>
	<year>1999</year>
	</meta>
	<link>
	<sublink>search</sublink>
	<sublink>searchsd</sublink>
	</link>
	<thumbnail>https://image.tmdb.org/t/p/w1280/ahpUPhVlwAWic9N0SfNkxs8e66W.jpg</thumbnail>
	<fanart>https://image.tmdb.org/t/p/w1280/1sAm8L4yOquzak9bstajTIoCEmy.jpg</fanart>
</item>
<item>
	<title>[COLOR=white]Gattaca[/COLOR]</title>
	<meta>
	<imdb>tt0119177</imdb>
	<content>movie</content>
	<title>Gattaca</title>
	<year>1997</year>
	</meta>
	<link>
	<sublink>search</sublink>
	<sublink>searchsd</sublink>
	</link>
	<thumbnail>https://image.tmdb.org/t/p/w1280/gPYtuvhQvP7v5F1Tqt2iQWR3Y7i.jpg</thumbnail>
	<fanart>https://image.tmdb.org/t/p/w1280/yBYmjAKALazmQ1vN6OokOv7s5nh.jpg</fanart>
</item>
<item>
	<title>[COLOR=white]Ghostbusters[/COLOR]</title>
	<meta>
	<imdb>tt0087332</imdb>
	<content>movie</content>
	<title>Ghostbusters</title>
	<year>1984</year>
	</meta>
	<link>
	<sublink>search</sublink>
	<sublink>searchsd</sublink>
	</link>
	<thumbnail>https://image.tmdb.org/t/p/w1280/3FS3oBdorgczgfCkFi2u8ZTFfpS.jpg</thumbnail>
	<fanart>https://image.tmdb.org/t/p/w1280/lIQKmTXxBM0SjdA4lJyV8aFZ6tg.jpg</fanart>
</item>
<item>
	<title>[COLOR=white]Gravity[/COLOR]</title>
	<meta>
	<imdb>tt1454468</imdb>
	<content>movie</content>
	<title>Gravity</title>
	<year>2013</year>
	</meta>
	<link>
	<sublink>search</sublink>
	<sublink>searchsd</sublink>
	</link>
	<thumbnail>https://image.tmdb.org/t/p/w1280/uPxtxhB2Fy9ihVqtBtNGHmknJqV.jpg</thumbnail>
	<fanart>https://image.tmdb.org/t/p/w1280/9aoWzwOwy9NLuSk9LkBwwrBdPYM.jpg</fanart>
</item>
<item>
	<title>[COLOR=white]Groundhog Day[/COLOR]</title>
	<meta>
	<imdb>tt0107048</imdb>
	<content>movie</content>
	<title>Groundhog Day</title>
	<year>1993</year>
	</meta>
	<link>
	<sublink>search</sublink>
	<sublink>searchsd</sublink>
	</link>
	<thumbnail>https://image.tmdb.org/t/p/w1280/vXjVd0Vu0MXRZnga7wEnHIIhO5B.jpg</thumbnail>
	<fanart>https://image.tmdb.org/t/p/w1280/8mX6FV59T2dSeln4Vc3KLM133aZ.jpg</fanart>
</item>
<item>
	<title>[COLOR=white]Guardians of the Galaxy Vol. 2[/COLOR]</title>
	<meta>
	<imdb>tt3896198</imdb>
	<content>movie</content>
	<title>Guardians of the Galaxy Vol. 2</title>
	<year>2017</year>
	</meta>
	<link>
	<sublink>search</sublink>
	<sublink>searchsd</sublink>
	</link>
	<thumbnail>https://image.tmdb.org/t/p/w1280/y4MBh0EjBlMuOzv9axM4qJlmhzz.jpg</thumbnail>
	<fanart>https://image.tmdb.org/t/p/w1280/aJn9XeesqsrSLKcHfHP4u5985hn.jpg</fanart>
</item>
<item>
	<title>[COLOR=white]Guardians of the Galaxy[/COLOR]</title>
	<meta>
	<imdb>tt2015381</imdb>
	<content>movie</content>
	<title>Guardians of the Galaxy</title>
	<year>2014</year>
	</meta>
	<link>
	<sublink>search</sublink>
	<sublink>searchsd</sublink>
	</link>
	<thumbnail>https://image.tmdb.org/t/p/w1280/y31QB9kn3XSudA15tV7UWQ9XLuW.jpg</thumbnail>
	<fanart>https://image.tmdb.org/t/p/w1280/bHarw8xrmQeqf3t8HpuMY7zoK4x.jpg</fanart>
</item>
<item>
	<title>[COLOR=white]Hancock[/COLOR]</title>
	<meta>
	<imdb>tt0448157</imdb>
	<content>movie</content>
	<title>Hancock</title>
	<year>2008</year>
	</meta>
	<link>
	<sublink>search</sublink>
	<sublink>searchsd</sublink>
	</link>
	<thumbnail>https://image.tmdb.org/t/p/w1280/dsCxSr4w3g2ylhlZg3v5CB5Pid7.jpg</thumbnail>
	<fanart>https://image.tmdb.org/t/p/w1280/x9a4Q6Qlgh9Fk1f5z6K4r5OeLd9.jpg</fanart>
</item>
<item>
	<title>[COLOR=white]I Origins[/COLOR]</title>
	<meta>
	<imdb>tt2884206</imdb>
	<content>movie</content>
	<title>I Origins</title>
	<year>2014</year>
	</meta>
	<link>
	<sublink>search</sublink>
	<sublink>searchsd</sublink>
	</link>
	<thumbnail>https://image.tmdb.org/t/p/w1280/wyC666XyqCGlPEkmS7JkvoWYduF.jpg</thumbnail>
	<fanart>https://image.tmdb.org/t/p/w1280/1IfS3Y7D6ITaXU2pHKuxHuFyW3G.jpg</fanart>
</item>
<item>
	<title>[COLOR=white]I, Robot[/COLOR]</title>
	<meta>
	<imdb>tt0343818</imdb>
	<content>movie</content>
	<title>I, Robot</title>
	<year>2004</year>
	</meta>
	<link>
	<sublink>search</sublink>
	<sublink>searchsd</sublink>
	</link>
	<thumbnail>https://image.tmdb.org/t/p/w1280/2mkFzf168xJrV6Leqq0bjqOlJCK.jpg</thumbnail>
	<fanart>https://image.tmdb.org/t/p/w1280/8PUnfgnw615Ii8obYnIdGd4DINU.jpg</fanart>
</item>
<item>
	<title>[COLOR=white]Inception[/COLOR]</title>
	<meta>
	<imdb>tt1375666</imdb>
	<content>movie</content>
	<title>Inception</title>
	<year>2010</year>
	</meta>
	<link>
	<sublink>search</sublink>
	<sublink>searchsd</sublink>
	</link>
	<thumbnail>https://image.tmdb.org/t/p/w1280/qmDpIHrmpJINaRKAfWQfftjCdyi.jpg</thumbnail>
	<fanart>https://image.tmdb.org/t/p/w1280/s2bT29y0ngXxxu2IA8AOzzXTRhd.jpg</fanart>
</item>
<item>
	<title>[COLOR=white]Incredibles 2[/COLOR]</title>
	<meta>
	<imdb>tt3606756</imdb>
	<content>movie</content>
	<title>Incredibles 2</title>
	<year>2018</year>
	</meta>
	<link>
	<sublink>search</sublink>
	<sublink>searchsd</sublink>
	</link>
	<thumbnail>https://image.tmdb.org/t/p/w1280/x1txcDXkcM65gl7w20PwYSxAYah.jpg</thumbnail>
	<fanart>https://image.tmdb.org/t/p/w1280/mabuNsGJgRuCTuGqjFkWe1xdu19.jpg</fanart>
</item>
<item>
	<title>[COLOR=white]Independence Day: Resurgence[/COLOR]</title>
	<meta>
	<imdb>tt1628841</imdb>
	<content>movie</content>
	<title>Independence Day: Resurgence</title>
	<year>2016</year>
	</meta>
	<link>
	<sublink>search</sublink>
	<sublink>searchsd</sublink>
	</link>
	<thumbnail>https://image.tmdb.org/t/p/w1280/5CHJs479xWnm3zMDOl94VkKS7MZ.jpg</thumbnail>
	<fanart>https://image.tmdb.org/t/p/w1280/mou66QcacavDahfyuaqKfaCLdoI.jpg</fanart>
</item>
<item>
	<title>[COLOR=white]Independence Day[/COLOR]</title>
	<meta>
	<imdb>tt0116629</imdb>
	<content>movie</content>
	<title>Independence Day</title>
	<year>1996</year>
	</meta>
	<link>
	<sublink>search</sublink>
	<sublink>searchsd</sublink>
	</link>
	<thumbnail>https://image.tmdb.org/t/p/w1280/bqLlWZJdhrS0knfEJRkquW7L8z2.jpg</thumbnail>
	<fanart>https://image.tmdb.org/t/p/w1280/4E2xKGrU2qcqUE2S3Nl27hwZdqy.jpg</fanart>
</item>
<item>
	<title>[COLOR=white]Interstellar[/COLOR]</title>
	<meta>
	<imdb>tt0816692</imdb>
	<content>movie</content>
	<title>Interstellar</title>
	<year>2014</year>
	</meta>
	<link>
	<sublink>search</sublink>
	<sublink>searchsd</sublink>
	</link>
	<thumbnail>https://image.tmdb.org/t/p/w1280/nBNZadXqJSdt05SHLqgT0HuC5Gm.jpg</thumbnail>
	<fanart>https://image.tmdb.org/t/p/w1280/xu9zaAevzQ5nnrsXN6JcahLnG4i.jpg</fanart>
</item>
<item>
	<title>[COLOR=white]Invasion of the Body Snatchers[/COLOR]</title>
	<meta>
	<imdb>tt0077745</imdb>
	<content>movie</content>
	<title>Invasion of the Body Snatchers</title>
	<year>1978</year>
	</meta>
	<link>
	<sublink>search</sublink>
	<sublink>searchsd</sublink>
	</link>
	<thumbnail>https://image.tmdb.org/t/p/w1280/skS02wdeH2C0nrbCQP3qKwJdZtZ.jpg</thumbnail>
	<fanart>https://image.tmdb.org/t/p/w1280/gnVXP708WiJAH6oMhdSRAik4XTl.jpg</fanart>
</item>
<item>
	<title>[COLOR=white]John Dies at the End[/COLOR]</title>
	<meta>
	<imdb>tt1783732</imdb>
	<content>movie</content>
	<title>John Dies at the End</title>
	<year>2012</year>
	</meta>
	<link>
	<sublink>search</sublink>
	<sublink>searchsd</sublink>
	</link>
	<thumbnail>https://image.tmdb.org/t/p/w1280/gmSAPITSI46LWAJ7GeR9hx3lwYl.jpg</thumbnail>
	<fanart>https://image.tmdb.org/t/p/w1280/7njpOiTRTilJRU8GQjXrfk2aSUp.jpg</fanart>
</item>
<item>
	<title>[COLOR=white]Jurassic Park[/COLOR]</title>
	<meta>
	<imdb>tt0107290</imdb>
	<content>movie</content>
	<title>Jurassic Park</title>
	<year>1993</year>
	</meta>
	<link>
	<sublink>search</sublink>
	<sublink>searchsd</sublink>
	</link>
	<thumbnail>https://image.tmdb.org/t/p/w1280/c414cDeQ9b6qLPLeKmiJuLDUREJ.jpg</thumbnail>
	<fanart>https://image.tmdb.org/t/p/w1280/8LZ0r7r2SdJIApRvGo2k6CXHq8x.jpg</fanart>
</item>
<item>
	<title>[COLOR=white]Jurassic World: Fallen Kingdom[/COLOR]</title>
	<meta>
	<imdb>tt4881806</imdb>
	<content>movie</content>
	<title>Jurassic World: Fallen Kingdom</title>
	<year>2018</year>
	</meta>
	<link>
	<sublink>search</sublink>
	<sublink>searchsd</sublink>
	</link>
	<thumbnail>https://image.tmdb.org/t/p/w1280/c9XxwwhPHdaImA2f1WEfEsbhaFB.jpg</thumbnail>
	<fanart>https://image.tmdb.org/t/p/w1280/3s9O5af2xWKWR5JzP2iJZpZeQQg.jpg</fanart>
</item>
<item>
	<title>[COLOR=white]Jurassic World[/COLOR]</title>
	<meta>
	<imdb>tt0369610</imdb>
	<content>movie</content>
	<title>Jurassic World</title>
	<year>2015</year>
	</meta>
	<link>
	<sublink>search</sublink>
	<sublink>searchsd</sublink>
	</link>
	<thumbnail>https://image.tmdb.org/t/p/w1280/jjBgi2r5cRt36xF6iNUEhzscEcb.jpg</thumbnail>
	<fanart>https://image.tmdb.org/t/p/w1280/t5KONotASgVKq4N19RyhIthWOPG.jpg</fanart>
</item>
<item>
	<title>[COLOR=white]Kung Fury[/COLOR]</title>
	<meta>
	<imdb>tt3472226</imdb>
	<content>movie</content>
	<title>Kung Fury</title>
	<year>2015</year>
	</meta>
	<link>
	<sublink>search</sublink>
	<sublink>searchsd</sublink>
	</link>
	<thumbnail>https://image.tmdb.org/t/p/w1280/oJWzpGCLIj3uYa0ux19T2WwzTOf.jpg</thumbnail>
	<fanart>https://image.tmdb.org/t/p/w1280/W0MNr3XN95U5KLD9xIQD96YKcS.jpg</fanart>
</item>
<item>
	<title>[COLOR=white]Logan[/COLOR]</title>
	<meta>
	<imdb>tt3315342</imdb>
	<content>movie</content>
	<title>Logan</title>
	<year>2017</year>
	</meta>
	<link>
	<sublink>search</sublink>
	<sublink>searchsd</sublink>
	</link>
	<thumbnail>https://image.tmdb.org/t/p/w1280/gGBu0hKw9BGddG8RkRAMX7B6NDB.jpg</thumbnail>
	<fanart>https://image.tmdb.org/t/p/w1280/5pAGnkFYSsFJ99ZxDIYnhQbQFXs.jpg</fanart>
</item>
<item>
	<title>[COLOR=white]Looper[/COLOR]</title>
	<meta>
	<imdb>tt1276104</imdb>
	<content>movie</content>
	<title>Looper</title>
	<year>2012</year>
	</meta>
	<link>
	<sublink>search</sublink>
	<sublink>searchsd</sublink>
	</link>
	<thumbnail>https://image.tmdb.org/t/p/w1280/o4qXZMrZlfuTfwwNGMyTcx6p2uO.jpg</thumbnail>
	<fanart>https://image.tmdb.org/t/p/w1280/vuHG8VlYnvw4gUKtS7GY5kZol69.jpg</fanart>
</item>
<item>
	<title>[COLOR=white]Mad Max: Fury Road[/COLOR]</title>
	<meta>
	<imdb>tt1392190</imdb>
	<content>movie</content>
	<title>Mad Max: Fury Road</title>
	<year>2015</year>
	</meta>
	<link>
	<sublink>search</sublink>
	<sublink>searchsd</sublink>
	</link>
	<thumbnail>https://image.tmdb.org/t/p/w1280/kqjL17yufvn9OVLyXYpvtyrFfak.jpg</thumbnail>
	<fanart>https://image.tmdb.org/t/p/w1280/phszHPFVhPHhMZgo0fWTKBDQsJA.jpg</fanart>
</item>
<item>
	<title>[COLOR=white]Men in Black 3[/COLOR]</title>
	<meta>
	<imdb>tt1409024</imdb>
	<content>movie</content>
	<title>Men in Black 3</title>
	<year>2012</year>
	</meta>
	<link>
	<sublink>search</sublink>
	<sublink>searchsd</sublink>
	</link>
	<thumbnail>https://image.tmdb.org/t/p/w1280/l9hrvXyGq19f6jPRZhSVRibTMwW.jpg</thumbnail>
	<fanart>https://image.tmdb.org/t/p/w1280/mhokitPCejvcZb0r3SHURZDp7OO.jpg</fanart>
</item>
<item>
	<title>[COLOR=white]Men in Black II[/COLOR]</title>
	<meta>
	<imdb>tt0120912</imdb>
	<content>movie</content>
	<title>Men in Black II</title>
	<year>2002</year>
	</meta>
	<link>
	<sublink>search</sublink>
	<sublink>searchsd</sublink>
	</link>
	<thumbnail>https://image.tmdb.org/t/p/w1280/qWjRfBwr4VculczswwojXgoU0mq.jpg</thumbnail>
	<fanart>https://image.tmdb.org/t/p/w1280/cITp4EM8HEKrlhXDEeGNy2IB8D9.jpg</fanart>
</item>
<item>
	<title>[COLOR=white]Men in Black[/COLOR]</title>
	<meta>
	<imdb>tt0119654</imdb>
	<content>movie</content>
	<title>Men in Black</title>
	<year>1997</year>
	</meta>
	<link>
	<sublink>search</sublink>
	<sublink>searchsd</sublink>
	</link>
	<thumbnail>https://image.tmdb.org/t/p/w1280/f24UVKq3UiQWLqGWdqjwkzgB8j8.jpg</thumbnail>
	<fanart>https://image.tmdb.org/t/p/w1280/agCihVGrXk3hmmwMIgsn2ao1eEa.jpg</fanart>
</item>
<item>
	<title>[COLOR=white]Metropolis[/COLOR]</title>
	<meta>
	<imdb>tt0017136</imdb>
	<content>movie</content>
	<title>Metropolis</title>
	<year>1927</year>
	</meta>
	<link>
	<sublink>search</sublink>
	<sublink>searchsd</sublink>
	</link>
	<thumbnail>https://image.tmdb.org/t/p/w1280/qriaeUUwdmlgethK3aSAx68mG05.jpg</thumbnail>
	<fanart>https://image.tmdb.org/t/p/w1280/gmH0N0bdlYGN1EUr8U2cMQYyg78.jpg</fanart>
</item>
<item>
	<title>[COLOR=white]Minority Report[/COLOR]</title>
	<meta>
	<imdb>tt0181689</imdb>
	<content>movie</content>
	<title>Minority Report</title>
	<year>2002</year>
	</meta>
	<link>
	<sublink>search</sublink>
	<sublink>searchsd</sublink>
	</link>
	<thumbnail>https://image.tmdb.org/t/p/w1280/h3lpltSn7Rj1eYTPQO1lYGdw4Bz.jpg</thumbnail>
	<fanart>https://image.tmdb.org/t/p/w1280/bwC6eydgNpGIaLGosyhw0DUBmgb.jpg</fanart>
</item>
<item>
	<title>[COLOR=white]Moon[/COLOR]</title>
	<meta>
	<imdb>tt1182345</imdb>
	<content>movie</content>
	<title>Moon</title>
	<year>2009</year>
	</meta>
	<link>
	<sublink>search</sublink>
	<sublink>searchsd</sublink>
	</link>
	<thumbnail>https://image.tmdb.org/t/p/w1280/2tgl9q3ZaVQUfSsbftqhRxXCElB.jpg</thumbnail>
	<fanart>https://image.tmdb.org/t/p/w1280/yMmRfOGjhaw5Tz3U9UwNDdqK4Yx.jpg</fanart>
</item>
<item>
	<title>[COLOR=white]Mr. Nobody[/COLOR]</title>
	<meta>
	<imdb>tt0485947</imdb>
	<content>movie</content>
	<title>Mr. Nobody</title>
	<year>2009</year>
	</meta>
	<link>
	<sublink>search</sublink>
	<sublink>searchsd</sublink>
	</link>
	<thumbnail>https://image.tmdb.org/t/p/w1280/jxd2XSsnUHHUbo50nzVnVnHRPVJ.jpg</thumbnail>
	<fanart>https://image.tmdb.org/t/p/w1280/r9jAdQDK1tYq2wlFPBJBH9UX5TX.jpg</fanart>
</item>
<item>
	<title>[COLOR=white]Nineteen Eighty-Four[/COLOR]</title>
	<meta>
	<imdb>tt0087803</imdb>
	<content>movie</content>
	<title>Nineteen Eighty-Four</title>
	<year>1984</year>
	</meta>
	<link>
	<sublink>search</sublink>
	<sublink>searchsd</sublink>
	</link>
	<thumbnail>https://image.tmdb.org/t/p/w1280/rmEPL4hFhhYZlg7CqBu8IsicTcG.jpg</thumbnail>
	<fanart>https://image.tmdb.org/t/p/w1280/yg90WvFy6k7EtgdEgp9JZAPMmmO.jpg</fanart>
</item>
<item>
	<title>[COLOR=white]Oblivion[/COLOR]</title>
	<meta>
	<imdb>tt1483013</imdb>
	<content>movie</content>
	<title>Oblivion</title>
	<year>2013</year>
	</meta>
	<link>
	<sublink>search</sublink>
	<sublink>searchsd</sublink>
	</link>
	<thumbnail>https://image.tmdb.org/t/p/w1280/hmOzkHlkGvi8x24fYpFSnXvjklv.jpg</thumbnail>
	<fanart>https://image.tmdb.org/t/p/w1280/8TE77jL2e4zdERpv8hnBAHUmFRx.jpg</fanart>
</item>
<item>
	<title>[COLOR=white]Pandorum[/COLOR]</title>
	<meta>
	<imdb>tt1188729</imdb>
	<content>movie</content>
	<title>Pandorum</title>
	<year>2009</year>
	</meta>
	<link>
	<sublink>search</sublink>
	<sublink>searchsd</sublink>
	</link>
	<thumbnail>https://image.tmdb.org/t/p/w1280/qFd7dNvV1neXBV5OZdU5jOhdDZ6.jpg</thumbnail>
	<fanart>https://image.tmdb.org/t/p/w1280/srxnkz09MEB2ow59FnC7VHQIaAQ.jpg</fanart>
</item>
<item>
	<title>[COLOR=white]Passengers[/COLOR]</title>
	<meta>
	<imdb>tt1355644</imdb>
	<content>movie</content>
	<title>Passengers</title>
	<year>2016</year>
	</meta>
	<link>
	<sublink>search</sublink>
	<sublink>searchsd</sublink>
	</link>
	<thumbnail>https://image.tmdb.org/t/p/w1280/5gJkVIVU7FDp7AfRAbPSvvdbre2.jpg</thumbnail>
	<fanart>https://image.tmdb.org/t/p/w1280/5EW4TR3fWEqpKsWysNcBMtz9Sgp.jpg</fanart>
</item>
<item>
	<title>[COLOR=white]Perfect Sense[/COLOR]</title>
	<meta>
	<imdb>tt1439572</imdb>
	<content>movie</content>
	<title>Perfect Sense</title>
	<year>2011</year>
	</meta>
	<link>
	<sublink>search</sublink>
	<sublink>searchsd</sublink>
	</link>
	<thumbnail>https://image.tmdb.org/t/p/w1280/auGreFF58MJW6r6UzJCvHA8mVBc.jpg</thumbnail>
	<fanart>https://image.tmdb.org/t/p/w1280/dfEkYX40b9jtGNCCgqe60nmzIhB.jpg</fanart>
</item>
<item>
	<title>[COLOR=white]Pi[/COLOR]</title>
	<meta>
	<imdb>tt0138704</imdb>
	<content>movie</content>
	<title>Pi</title>
	<year>1998</year>
	</meta>
	<link>
	<sublink>search</sublink>
	<sublink>searchsd</sublink>
	</link>
	<thumbnail>https://image.tmdb.org/t/p/w1280/d4pDorUHjIVFiVGiJar6sF2r8TQ.jpg</thumbnail>
	<fanart>https://image.tmdb.org/t/p/w1280/v8hOSHK0dwgwR80CZuxvMFc0DCx.jpg</fanart>
</item>
<item>
	<title>[COLOR=white]Predator[/COLOR]</title>
	<meta>
	<imdb>tt0093773</imdb>
	<content>movie</content>
	<title>Predator</title>
	<year>1987</year>
	</meta>
	<link>
	<sublink>search</sublink>
	<sublink>searchsd</sublink>
	</link>
	<thumbnail>https://image.tmdb.org/t/p/w1280/p6fhq04t75yCfE0kSTNZGQvWuQ1.jpg</thumbnail>
	<fanart>https://image.tmdb.org/t/p/w1280/ib247UzpzFwZp5XW2RZtwSHqLf0.jpg</fanart>
</item>
<item>
	<title>[COLOR=white]Primer[/COLOR]</title>
	<meta>
	<imdb>tt0390384</imdb>
	<content>movie</content>
	<title>Primer</title>
	<year>2004</year>
	</meta>
	<link>
	<sublink>search</sublink>
	<sublink>searchsd</sublink>
	</link>
	<thumbnail>https://image.tmdb.org/t/p/w1280/pYiAYDn3ltw9Fq7izODuq7oWYwX.jpg</thumbnail>
	<fanart>https://image.tmdb.org/t/p/w1280/dG7Booc7C2HoVmAZjqAzp2NcTGd.jpg</fanart>
</item>
<item>
	<title>[COLOR=white]Prometheus[/COLOR]</title>
	<meta>
	<imdb>tt1446714</imdb>
	<content>movie</content>
	<title>Prometheus</title>
	<year>2012</year>
	</meta>
	<link>
	<sublink>search</sublink>
	<sublink>searchsd</sublink>
	</link>
	<thumbnail>https://image.tmdb.org/t/p/w1280/ng8ALjSDhUmwLl7vtjUWIZNQSlt.jpg</thumbnail>
	<fanart>https://image.tmdb.org/t/p/w1280/rRhoMIqgdX9wEtRUOLsqXKkH9I0.jpg</fanart>
</item>
<item>
	<title>[COLOR=white]Reach[/COLOR]</title>
	<meta>
	<imdb>tt1403224</imdb>
	<content>movie</content>
	<title>Reach</title>
	<year>2009</year>
	</meta>
	<link>
	<sublink>search</sublink>
	<sublink>searchsd</sublink>
	</link>
	<thumbnail>https://image.tmdb.org/t/p/w1280/cKxjIhPYuFMmEy5lQyIQeJsSwkf.jpg</thumbnail>
	<fanart>https://image.tmdb.org/t/p/w1280/apuRuy8mBwtkfGssaMATnW9pVjQ.jpg</fanart>
</item>
<item>
	<title>[COLOR=white]Return of the Jedi[/COLOR]</title>
	<meta>
	<imdb>tt0086190</imdb>
	<content>movie</content>
	<title>Return of the Jedi</title>
	<year>1983</year>
	</meta>
	<link>
	<sublink>search</sublink>
	<sublink>searchsd</sublink>
	</link>
	<thumbnail>https://image.tmdb.org/t/p/w1280/lrJWyjOVjPhghl4KyAMtOepAxs.jpg</thumbnail>
	<fanart>https://image.tmdb.org/t/p/w1280/koE7aMeR2ATivI18mCbscLsI0Nm.jpg</fanart>
</item>
<item>
	<title>[COLOR=white]Rise of the Planet of the Apes[/COLOR]</title>
	<meta>
	<imdb>tt1318514</imdb>
	<content>movie</content>
	<title>Rise of the Planet of the Apes</title>
	<year>2011</year>
	</meta>
	<link>
	<sublink>search</sublink>
	<sublink>searchsd</sublink>
	</link>
	<thumbnail>https://image.tmdb.org/t/p/w1280/esqXMJv6PiK7GJVRwd2FA3SZUoW.jpg</thumbnail>
	<fanart>https://image.tmdb.org/t/p/w1280/avECxC9c0yAJZ90BMXOU0VY6v66.jpg</fanart>
</item>
<item>
	<title>[COLOR=white]Rogue One: A Star Wars Story[/COLOR]</title>
	<meta>
	<imdb>tt3748528</imdb>
	<content>movie</content>
	<title>Rogue One: A Star Wars Story</title>
	<year>2016</year>
	</meta>
	<link>
	<sublink>search</sublink>
	<sublink>searchsd</sublink>
	</link>
	<thumbnail>https://image.tmdb.org/t/p/w1280/qjiskwlV1qQzRCjpV0cL9pEMF9a.jpg</thumbnail>
	<fanart>https://image.tmdb.org/t/p/w1280/tZjVVIYXACV4IIIhXeIM59ytqwS.jpg</fanart>
</item>
<item>
	<title>[COLOR=white]Serenity[/COLOR]</title>
	<meta>
	<imdb>tt0379786</imdb>
	<content>movie</content>
	<title>Serenity</title>
	<year>2005</year>
	</meta>
	<link>
	<sublink>search</sublink>
	<sublink>searchsd</sublink>
	</link>
	<thumbnail>https://image.tmdb.org/t/p/w1280/1Hq659V31ER9pQQvVBUUJbwR7NT.jpg</thumbnail>
	<fanart>https://image.tmdb.org/t/p/w1280/k2qLUz5fymFOOYfehaQt6ewXSth.jpg</fanart>
</item>
<item>
	<title>[COLOR=white]Silent Running[/COLOR]</title>
	<meta>
	<imdb>tt0067756</imdb>
	<content>movie</content>
	<title>Silent Running</title>
	<year>1972</year>
	</meta>
	<link>
	<sublink>search</sublink>
	<sublink>searchsd</sublink>
	</link>
	<thumbnail>https://image.tmdb.org/t/p/w1280/kyEljmcf7YYmp85BdZffqiuRLfV.jpg</thumbnail>
	<fanart>https://image.tmdb.org/t/p/w1280/yLxNGRQQov8osrNCGPmJzDomJ5f.jpg</fanart>
</item>
<item>
	<title>[COLOR=white]Solo: A Star Wars Story[/COLOR]</title>
	<meta>
	<imdb>tt3778644</imdb>
	<content>movie</content>
	<title>Solo: A Star Wars Story</title>
	<year>2018</year>
	</meta>
	<link>
	<sublink>search</sublink>
	<sublink>searchsd</sublink>
	</link>
	<thumbnail>https://image.tmdb.org/t/p/w1280/4oD6VEccFkorEBTEDXtpLAaz0Rl.jpg</thumbnail>
	<fanart>https://image.tmdb.org/t/p/w1280/7LZ0K4FsALrt7OeNIGOVLNuKQRU.jpg</fanart>
</item>
<item>
	<title>[COLOR=white]Source Code[/COLOR]</title>
	<meta>
	<imdb>tt0945513</imdb>
	<content>movie</content>
	<title>Source Code</title>
	<year>2011</year>
	</meta>
	<link>
	<sublink>search</sublink>
	<sublink>searchsd</sublink>
	</link>
	<thumbnail>https://image.tmdb.org/t/p/w1280/cpl7R5d3qwWvykRRSxdhQ0htstU.jpg</thumbnail>
	<fanart>https://image.tmdb.org/t/p/w1280/x8cIgtcVi9DVrlPuvlsvc43dik9.jpg</fanart>
</item>
<item>
	<title>[COLOR=white]Spider-Man: Homecoming[/COLOR]</title>
	<meta>
	<imdb>tt2250912</imdb>
	<content>movie</content>
	<title>Spider-Man: Homecoming</title>
	<year>2017</year>
	</meta>
	<link>
	<sublink>search</sublink>
	<sublink>searchsd</sublink>
	</link>
	<thumbnail>https://image.tmdb.org/t/p/w1280/5x00yQZ3Mcz7duwMKc9GE8oZjFf.jpg</thumbnail>
	<fanart>https://image.tmdb.org/t/p/w1280/lAsr1ytUq0ATWdCbcjf59pupPFy.jpg</fanart>
</item>
<item>
	<title>[COLOR=white]Star Trek Beyond[/COLOR]</title>
	<meta>
	<imdb>tt2660888</imdb>
	<content>movie</content>
	<title>Star Trek Beyond</title>
	<year>2016</year>
	</meta>
	<link>
	<sublink>search</sublink>
	<sublink>searchsd</sublink>
	</link>
	<thumbnail>https://image.tmdb.org/t/p/w1280/mLrQMqyZgLeP8FrT5LCobKAiqmK.jpg</thumbnail>
	<fanart>https://image.tmdb.org/t/p/w1280/mGraqqKJIHe7AzQF1qOseD9BcZx.jpg</fanart>
</item>
<item>
	<title>[COLOR=white]Star Trek II: The Wrath of Khan[/COLOR]</title>
	<meta>
	<imdb>tt0084726</imdb>
	<content>movie</content>
	<title>Star Trek II: The Wrath of Khan</title>
	<year>1982</year>
	</meta>
	<link>
	<sublink>search</sublink>
	<sublink>searchsd</sublink>
	</link>
	<thumbnail>https://image.tmdb.org/t/p/w1280/7VKpj4Xl3hTzgAS3xpVuOyqNnSv.jpg</thumbnail>
	<fanart>https://image.tmdb.org/t/p/w1280/gih4L6m9u1yB3PGwyJxB5wjzbqR.jpg</fanart>
</item>
<item>
	<title>[COLOR=white]Star Trek III: The Search for Spock[/COLOR]</title>
	<meta>
	<imdb>tt0088170</imdb>
	<content>movie</content>
	<title>Star Trek III: The Search for Spock</title>
	<year>1984</year>
	</meta>
	<link>
	<sublink>search</sublink>
	<sublink>searchsd</sublink>
	</link>
	<thumbnail>https://image.tmdb.org/t/p/w1280/b9ZaPiD6AaZR7CgQP5P4Kg893QL.jpg</thumbnail>
	<fanart>https://image.tmdb.org/t/p/w1280/vLsXNaLn7xIhwZdq3rUqQtoI8hd.jpg</fanart>
</item>
<item>
	<title>[COLOR=white]Star Trek IV: The Voyage Home[/COLOR]</title>
	<meta>
	<imdb>tt0092007</imdb>
	<content>movie</content>
	<title>Star Trek IV: The Voyage Home</title>
	<year>1986</year>
	</meta>
	<link>
	<sublink>search</sublink>
	<sublink>searchsd</sublink>
	</link>
	<thumbnail>https://image.tmdb.org/t/p/w1280/62nATuMKuaLhd5VHKumHOrJnCZa.jpg</thumbnail>
	<fanart>https://image.tmdb.org/t/p/w1280/2SmriSA5l4WE40KnZ8mA0GuqtEJ.jpg</fanart>
</item>
<item>
	<title>[COLOR=white]Star Trek V: The Final Frontier[/COLOR]</title>
	<meta>
	<imdb>tt0098382</imdb>
	<content>movie</content>
	<title>Star Trek V: The Final Frontier</title>
	<year>1989</year>
	</meta>
	<link>
	<sublink>search</sublink>
	<sublink>searchsd</sublink>
	</link>
	<thumbnail>https://image.tmdb.org/t/p/w1280/kugwPq2E5IkzrgoxRycnoqqUS9H.jpg</thumbnail>
	<fanart>https://image.tmdb.org/t/p/w1280/nNH43KDwtiXJIie6oviBIEwE8xd.jpg</fanart>
</item>
<item>
	<title>[COLOR=white]Star Trek VI: The Undiscovered Country[/COLOR]</title>
	<meta>
	<imdb>tt0102975</imdb>
	<content>movie</content>
	<title>Star Trek VI: The Undiscovered Country</title>
	<year>1991</year>
	</meta>
	<link>
	<sublink>search</sublink>
	<sublink>searchsd</sublink>
	</link>
	<thumbnail>https://image.tmdb.org/t/p/w1280/5PvIZAOFDe63M1oByFEFDoQobkc.jpg</thumbnail>
	<fanart>https://image.tmdb.org/t/p/w1280/qzrOCLviAseY5WOmsgkNVIAHQea.jpg</fanart>
</item>
<item>
	<title>[COLOR=white]Star Trek: First Contact[/COLOR]</title>
	<meta>
	<imdb>tt0117731</imdb>
	<content>movie</content>
	<title>Star Trek: First Contact</title>
	<year>1996</year>
	</meta>
	<link>
	<sublink>search</sublink>
	<sublink>searchsd</sublink>
	</link>
	<thumbnail>https://image.tmdb.org/t/p/w1280/qhVB8eUGwkdVvd8Fezk0AgcMPDH.jpg</thumbnail>
	<fanart>https://image.tmdb.org/t/p/w1280/welkOTUozJ968u1KLx33vPpo7aS.jpg</fanart>
</item>
<item>
	<title>[COLOR=white]Star Trek: Generations[/COLOR]</title>
	<meta>
	<imdb>tt0111280</imdb>
	<content>movie</content>
	<title>Star Trek: Generations</title>
	<year>1994</year>
	</meta>
	<link>
	<sublink>search</sublink>
	<sublink>searchsd</sublink>
	</link>
	<thumbnail>https://image.tmdb.org/t/p/w1280/wjrXjlNpDq9U8vYmAwf420yDFtn.jpg</thumbnail>
	<fanart>https://image.tmdb.org/t/p/w1280/mmwQBfWmEqJBOwfsjIBJPchXlSP.jpg</fanart>
</item>
<item>
	<title>[COLOR=white]Star Trek: Insurrection[/COLOR]</title>
	<meta>
	<imdb>tt0120844</imdb>
	<content>movie</content>
	<title>Star Trek: Insurrection</title>
	<year>1998</year>
	</meta>
	<link>
	<sublink>search</sublink>
	<sublink>searchsd</sublink>
	</link>
	<thumbnail>https://image.tmdb.org/t/p/w1280/9pbc44kltJhArUNyrdQcantMEvH.jpg</thumbnail>
	<fanart>https://image.tmdb.org/t/p/w1280/yaattgmMQ9dLg6n8XPXAER8WI2C.jpg</fanart>
</item>
<item>
	<title>[COLOR=white]Star Trek: Nemesis[/COLOR]</title>
	<meta>
	<imdb>tt0253754</imdb>
	<content>movie</content>
	<title>Star Trek: Nemesis</title>
	<year>2002</year>
	</meta>
	<link>
	<sublink>search</sublink>
	<sublink>searchsd</sublink>
	</link>
	<thumbnail>https://image.tmdb.org/t/p/w1280/n4TpLWPi062AofIq4kwmaPNBSvA.jpg</thumbnail>
	<fanart>https://image.tmdb.org/t/p/w1280/1SLR0LqYPU3ahXyPK9RZISjI3B7.jpg</fanart>
</item>
<item>
	<title>[COLOR=white]Star Trek: The Motion Picture[/COLOR]</title>
	<meta>
	<imdb>tt0079945</imdb>
	<content>movie</content>
	<title>Star Trek: The Motion Picture</title>
	<year>1979</year>
	</meta>
	<link>
	<sublink>search</sublink>
	<sublink>searchsd</sublink>
	</link>
	<thumbnail>https://image.tmdb.org/t/p/w1280/ys5Sgpc27mVo3H5zYLPV9LWDq5.jpg</thumbnail>
	<fanart>https://image.tmdb.org/t/p/w1280/w9iSKX1GSlaPPASW7jSFkFkkDnz.jpg</fanart>
</item>
<item>
	<title>[COLOR=white]Star Trek[/COLOR]</title>
	<meta>
	<imdb>tt0796366</imdb>
	<content>movie</content>
	<title>Star Trek</title>
	<year>2009</year>
	</meta>
	<link>
	<sublink>search</sublink>
	<sublink>searchsd</sublink>
	</link>
	<thumbnail>https://image.tmdb.org/t/p/w1280/xPihqTMhCh6b8DHYzE61jrIiNMS.jpg</thumbnail>
	<fanart>https://image.tmdb.org/t/p/w1280/1XOSh6BFZbQ0xN75m4avqgzClyG.jpg</fanart>
</item>
<item>
	<title>[COLOR=white]Star Wars: The Force Awakens[/COLOR]</title>
	<meta>
	<imdb>tt2488496</imdb>
	<content>movie</content>
	<title>Star Wars: The Force Awakens</title>
	<year>2015</year>
	</meta>
	<link>
	<sublink>search</sublink>
	<sublink>searchsd</sublink>
	</link>
	<thumbnail>https://image.tmdb.org/t/p/w1280/weUSwMdQIa3NaXVzwUoIIcAi85d.jpg</thumbnail>
	<fanart>https://image.tmdb.org/t/p/w1280/njv65RTipNSTozFLuF85jL0bcQe.jpg</fanart>
</item>
<item>
	<title>[COLOR=white]Star Wars: The Last Jedi[/COLOR]</title>
	<meta>
	<imdb>tt2527336</imdb>
	<content>movie</content>
	<title>Star Wars: The Last Jedi</title>
	<year>2017</year>
	</meta>
	<link>
	<sublink>search</sublink>
	<sublink>searchsd</sublink>
	</link>
	<thumbnail>https://image.tmdb.org/t/p/w1280/kOVEVeg59E0wsnXmF9nrh6OmWII.jpg</thumbnail>
	<fanart>https://image.tmdb.org/t/p/w1280/oVdLj5JVqNWGY0LEhBfHUuMrvWJ.jpg</fanart>
</item>
<item>
	<title>[COLOR=white]Star Wars[/COLOR]</title>
	<meta>
	<imdb>tt0076759</imdb>
	<content>movie</content>
	<title>Star Wars</title>
	<year>1977</year>
	</meta>
	<link>
	<sublink>search</sublink>
	<sublink>searchsd</sublink>
	</link>
	<thumbnail>https://image.tmdb.org/t/p/w1280/btTdmkgIvOi0FFip1sPuZI2oQG6.jpg</thumbnail>
	<fanart>https://image.tmdb.org/t/p/w1280/4iJfYYoQzZcONB9hNzg0J0wWyPH.jpg</fanart>
</item>
<item>
	<title>[COLOR=white]Stargate[/COLOR]</title>
	<meta>
	<imdb>tt0111282</imdb>
	<content>movie</content>
	<title>Stargate</title>
	<year>1994</year>
	</meta>
	<link>
	<sublink>search</sublink>
	<sublink>searchsd</sublink>
	</link>
	<thumbnail>https://image.tmdb.org/t/p/w1280/39WsfbB5BshvdbPAYRFXdsjC481.jpg</thumbnail>
	<fanart>https://image.tmdb.org/t/p/w1280/vgnrUb8KbV3S8gVUcq6rXng9cnz.jpg</fanart>
</item>
<item>
	<title>[COLOR=white]Starman[/COLOR]</title>
	<meta>
	<imdb>tt0088172</imdb>
	<content>movie</content>
	<title>Starman</title>
	<year>1984</year>
	</meta>
	<link>
	<sublink>search</sublink>
	<sublink>searchsd</sublink>
	</link>
	<thumbnail>https://image.tmdb.org/t/p/w1280/3QQ170R8BVr4NPzvNUMqttFqmGi.jpg</thumbnail>
	<fanart>https://image.tmdb.org/t/p/w1280/a1z21BuKFZ8UIDIiUkyuXHNWYxe.jpg</fanart>
</item>
<item>
	<title>[COLOR=white]Starship Troopers[/COLOR]</title>
	<meta>
	<imdb>tt0120201</imdb>
	<content>movie</content>
	<title>Starship Troopers</title>
	<year>1997</year>
	</meta>
	<link>
	<sublink>search</sublink>
	<sublink>searchsd</sublink>
	</link>
	<thumbnail>https://image.tmdb.org/t/p/w1280/zeCD9WkhABFJmPq3SlTozXJGEtr.jpg</thumbnail>
	<fanart>https://image.tmdb.org/t/p/w1280/cYWI1lnHEvoVKDdlrRt2b5et3Bj.jpg</fanart>
</item>
<item>
	<title>[COLOR=white]Sunshine[/COLOR]</title>
	<meta>
	<imdb>tt0448134</imdb>
	<content>movie</content>
	<title>Sunshine</title>
	<year>2007</year>
	</meta>
	<link>
	<sublink>search</sublink>
	<sublink>searchsd</sublink>
	</link>
	<thumbnail>https://image.tmdb.org/t/p/w1280/upgi8oTlMthM9sweAyBoXqr8doZ.jpg</thumbnail>
	<fanart>https://image.tmdb.org/t/p/w1280/vise7XoPrUGV9hmdK8Gt3BWGkym.jpg</fanart>
</item>
<item>
	<title>[COLOR=white]Surrogates[/COLOR]</title>
	<meta>
	<imdb>tt0986263</imdb>
	<content>movie</content>
	<title>Surrogates</title>
	<year>2009</year>
	</meta>
	<link>
	<sublink>search</sublink>
	<sublink>searchsd</sublink>
	</link>
	<thumbnail>https://image.tmdb.org/t/p/w1280/pHAnrezPCpWzNYYceLivTMcQ4jM.jpg</thumbnail>
	<fanart>https://image.tmdb.org/t/p/w1280/lQ872mmHvHXip5sC1t0cvCSP8IO.jpg</fanart>
</item>
<item>
	<title>[COLOR=white]TRON: Legacy[/COLOR]</title>
	<meta>
	<imdb>tt1104001</imdb>
	<content>movie</content>
	<title>TRON: Legacy</title>
	<year>2010</year>
	</meta>
	<link>
	<sublink>search</sublink>
	<sublink>searchsd</sublink>
	</link>
	<thumbnail>https://image.tmdb.org/t/p/w1280/vllvystwQjmXzy5OvBKnGl1JREF.jpg</thumbnail>
	<fanart>https://image.tmdb.org/t/p/w1280/6hquJfTEM97bqMekCOPO50SLbzr.jpg</fanart>
</item>
<item>
	<title>[COLOR=white]Terminator 2: Judgment Day[/COLOR]</title>
	<meta>
	<imdb>tt0103064</imdb>
	<content>movie</content>
	<title>Terminator 2: Judgment Day</title>
	<year>1991</year>
	</meta>
	<link>
	<sublink>search</sublink>
	<sublink>searchsd</sublink>
	</link>
	<thumbnail>https://image.tmdb.org/t/p/w1280/2y4dmgWYRMYXdD1UyJVcn2HSd1D.jpg</thumbnail>
	<fanart>https://image.tmdb.org/t/p/w1280/d9AqtruwS8nljKjL5aYzM42hQJr.jpg</fanart>
</item>
<item>
	<title>[COLOR=white]Terminator 3: Rise of the Machines[/COLOR]</title>
	<meta>
	<imdb>tt0181852</imdb>
	<content>movie</content>
	<title>Terminator 3: Rise of the Machines</title>
	<year>2003</year>
	</meta>
	<link>
	<sublink>search</sublink>
	<sublink>searchsd</sublink>
	</link>
	<thumbnail>https://image.tmdb.org/t/p/w1280/lz4xYdF1n09lyiCfZWtWT44SZiG.jpg</thumbnail>
	<fanart>https://image.tmdb.org/t/p/w1280/8ZuMyOjFpwq1tNU9MAFN836Wb1b.jpg</fanart>
</item>
<item>
	<title>[COLOR=white]Terminator Genisys[/COLOR]</title>
	<meta>
	<imdb>tt1340138</imdb>
	<content>movie</content>
	<title>Terminator Genisys</title>
	<year>2015</year>
	</meta>
	<link>
	<sublink>search</sublink>
	<sublink>searchsd</sublink>
	</link>
	<thumbnail>https://image.tmdb.org/t/p/w1280/5JU9ytZJyR3zmClGmVm9q4Geqbd.jpg</thumbnail>
	<fanart>https://image.tmdb.org/t/p/w1280/bIlYH4l2AyYvEysmS2AOfjO7Dn8.jpg</fanart>
</item>
<item>
	<title>[COLOR=white]Terminator Salvation[/COLOR]</title>
	<meta>
	<imdb>tt0438488</imdb>
	<content>movie</content>
	<title>Terminator Salvation</title>
	<year>2009</year>
	</meta>
	<link>
	<sublink>search</sublink>
	<sublink>searchsd</sublink>
	</link>
	<thumbnail>https://image.tmdb.org/t/p/w1280/gw6JhlekZgtKUFlDTezq3j5JEPK.jpg</thumbnail>
	<fanart>https://image.tmdb.org/t/p/w1280/tBCOpjphzSLzC6oOjqzTEg6bJ7q.jpg</fanart>
</item>
<item>
	<title>[COLOR=white]The Abyss[/COLOR]</title>
	<meta>
	<imdb>tt0096754</imdb>
	<content>movie</content>
	<title>The Abyss</title>
	<year>1989</year>
	</meta>
	<link>
	<sublink>search</sublink>
	<sublink>searchsd</sublink>
	</link>
	<thumbnail>https://image.tmdb.org/t/p/w1280/kRP5dGXDhKt7bDpXX4YBa4dRwlL.jpg</thumbnail>
	<fanart>https://image.tmdb.org/t/p/w1280/5mE9rLSjtjGdl1q2tSsqMAydE4F.jpg</fanart>
</item>
<item>
	<title>[COLOR=white]The Arrival[/COLOR]</title>
	<meta>
	<imdb>tt0115571</imdb>
	<content>movie</content>
	<title>The Arrival</title>
	<year>1996</year>
	</meta>
	<link>
	<sublink>search</sublink>
	<sublink>searchsd</sublink>
	</link>
	<thumbnail>https://image.tmdb.org/t/p/w1280/7K7NExClVGDQMaHzj7gwx4mcJ40.jpg</thumbnail>
	<fanart>https://image.tmdb.org/t/p/w1280/23pRq9wOcOtzqNNy0cg6RoqxLzy.jpg</fanart>
</item>
<item>
	<title>[COLOR=white]The Box[/COLOR]</title>
	<meta>
	<imdb>tt0362478</imdb>
	<content>movie</content>
	<title>The Box</title>
	<year>2009</year>
	</meta>
	<link>
	<sublink>search</sublink>
	<sublink>searchsd</sublink>
	</link>
	<thumbnail>https://image.tmdb.org/t/p/w1280/1zinhNzY0okQVD1aZBZyrLffugu.jpg</thumbnail>
	<fanart>https://image.tmdb.org/t/p/w1280/mo3Uu6km5pV0iHPRuHjL57RwAvg.jpg</fanart>
</item>
<item>
	<title>[COLOR=white]The Butterfly Effect[/COLOR]</title>
	<meta>
	<imdb>tt0289879</imdb>
	<content>movie</content>
	<title>The Butterfly Effect</title>
	<year>2004</year>
	</meta>
	<link>
	<sublink>search</sublink>
	<sublink>searchsd</sublink>
	</link>
	<thumbnail>https://image.tmdb.org/t/p/w1280/3PAQy3CyNNJPES772OFMx47lFEE.jpg</thumbnail>
	<fanart>https://image.tmdb.org/t/p/w1280/zXTUrm0BIrrZn3nEhybg0hlY275.jpg</fanart>
</item>
<item>
	<title>[COLOR=white]The Dark Tower[/COLOR]</title>
	<meta>
	<imdb>tt1648190</imdb>
	<content>movie</content>
	<title>The Dark Tower</title>
	<year>2017</year>
	</meta>
	<link>
	<sublink>search</sublink>
	<sublink>searchsd</sublink>
	</link>
	<thumbnail>https://image.tmdb.org/t/p/w1280/i9GUSgddIqrroubiLsvvMRYyRy0.jpg</thumbnail>
	<fanart>https://image.tmdb.org/t/p/w1280/pVVobDO8cezhVPvwD6EBUN0g3mt.jpg</fanart>
</item>
<item>
	<title>[COLOR=white]The Empire Strikes Back[/COLOR]</title>
	<meta>
	<imdb>tt0080684</imdb>
	<content>movie</content>
	<title>The Empire Strikes Back</title>
	<year>1980</year>
	</meta>
	<link>
	<sublink>search</sublink>
	<sublink>searchsd</sublink>
	</link>
	<thumbnail>https://image.tmdb.org/t/p/w1280/9SKDSFbaM6LuGqG1aPWN3wYGEyD.jpg</thumbnail>
	<fanart>https://image.tmdb.org/t/p/w1280/amYkOxCwHiVTFKendcIW0rSrRlU.jpg</fanart>
</item>
<item>
	<title>[COLOR=white]The Fifth Element[/COLOR]</title>
	<meta>
	<imdb>tt0119116</imdb>
	<content>movie</content>
	<title>The Fifth Element</title>
	<year>1997</year>
	</meta>
	<link>
	<sublink>search</sublink>
	<sublink>searchsd</sublink>
	</link>
	<thumbnail>https://image.tmdb.org/t/p/w1280/zaFa1NRZEnFgRTv5OVXkNIZO78O.jpg</thumbnail>
	<fanart>https://image.tmdb.org/t/p/w1280/qlGoGQSVMzIjGbpvXzZUOH1FjNu.jpg</fanart>
</item>
<item>
	<title>[COLOR=white]The Fly[/COLOR]</title>
	<meta>
	<imdb>tt0091064</imdb>
	<content>movie</content>
	<title>The Fly</title>
	<year>1986</year>
	</meta>
	<link>
	<sublink>search</sublink>
	<sublink>searchsd</sublink>
	</link>
	<thumbnail>https://image.tmdb.org/t/p/w1280/q49tjSe3O152t9QVwaradePGu7W.jpg</thumbnail>
	<fanart>https://image.tmdb.org/t/p/w1280/fAbDSD1wMTLbM5ANAUBFKeCJkxO.jpg</fanart>
</item>
<item>
	<title>[COLOR=white]The Fountain[/COLOR]</title>
	<meta>
	<imdb>tt0414993</imdb>
	<content>movie</content>
	<title>The Fountain</title>
	<year>2006</year>
	</meta>
	<link>
	<sublink>search</sublink>
	<sublink>searchsd</sublink>
	</link>
	<thumbnail>https://image.tmdb.org/t/p/w1280/lGIJvQ8ZQazOHVAA0E34yIy7gxv.jpg</thumbnail>
	<fanart>https://image.tmdb.org/t/p/w1280/kUGJWvouKUnbV3ruAl7TrSDiMU7.jpg</fanart>
</item>
<item>
	<title>[COLOR=white]The Hitchhiker's Guide to the Galaxy[/COLOR]</title>
	<meta>
	<imdb>tt0371724</imdb>
	<content>movie</content>
	<title>The Hitchhiker's Guide to the Galaxy</title>
	<year>2005</year>
	</meta>
	<link>
	<sublink>search</sublink>
	<sublink>searchsd</sublink>
	</link>
	<thumbnail>https://image.tmdb.org/t/p/w1280/fOb4cJMhnZ11BoHNUii3Vcfo3XU.jpg</thumbnail>
	<fanart>https://image.tmdb.org/t/p/w1280/hhuwQa0tcFAVxcVkVaLWl2UJY26.jpg</fanart>
</item>
<item>
	<title>[COLOR=white]The Incredibles[/COLOR]</title>
	<meta>
	<imdb>tt0317705</imdb>
	<content>movie</content>
	<title>The Incredibles</title>
	<year>2004</year>
	</meta>
	<link>
	<sublink>search</sublink>
	<sublink>searchsd</sublink>
	</link>
	<thumbnail>https://image.tmdb.org/t/p/w1280/2LqaLgk4Z226KkgPJuiOQ58wvrm.jpg</thumbnail>
	<fanart>https://image.tmdb.org/t/p/w1280/wiDGnsn9RtNglgKQy4J1jZQBG5v.jpg</fanart>
</item>
<item>
	<title>[COLOR=white]The Island[/COLOR]</title>
	<meta>
	<imdb>tt0399201</imdb>
	<content>movie</content>
	<title>The Island</title>
	<year>2005</year>
	</meta>
	<link>
	<sublink>search</sublink>
	<sublink>searchsd</sublink>
	</link>
	<thumbnail>https://image.tmdb.org/t/p/w1280/zE9OTe7JvcX1jyFXs0GEL2f3RkZ.jpg</thumbnail>
	<fanart>https://image.tmdb.org/t/p/w1280/7gckgf6lmlKsjtkmS8O0oT3iEev.jpg</fanart>
</item>
<item>
	<title>[COLOR=white]The Last Starfighter[/COLOR]</title>
	<meta>
	<imdb>tt0087597</imdb>
	<content>movie</content>
	<title>The Last Starfighter</title>
	<year>1984</year>
	</meta>
	<link>
	<sublink>search</sublink>
	<sublink>searchsd</sublink>
	</link>
	<thumbnail>https://image.tmdb.org/t/p/w1280/an1H0DPADLDlEsiUy8vE9AWqrhm.jpg</thumbnail>
	<fanart>https://image.tmdb.org/t/p/w1280/41mTvUFC5qtrAI12kQbgxw3Zig.jpg</fanart>
</item>
<item>
	<title>[COLOR=white]The Martian[/COLOR]</title>
	<meta>
	<imdb>tt3659388</imdb>
	<content>movie</content>
	<title>The Martian</title>
	<year>2015</year>
	</meta>
	<link>
	<sublink>search</sublink>
	<sublink>searchsd</sublink>
	</link>
	<thumbnail>https://image.tmdb.org/t/p/w1280/5aGhaIHYuQbqlHWvWYqMCnj40y2.jpg</thumbnail>
	<fanart>https://image.tmdb.org/t/p/w1280/sy3e2e4JwdAtd2oZGA2uUilZe8j.jpg</fanart>
</item>
<item>
	<title>[COLOR=white]The Matrix Reloaded[/COLOR]</title>
	<meta>
	<imdb>tt0234215</imdb>
	<content>movie</content>
	<title>The Matrix Reloaded</title>
	<year>2003</year>
	</meta>
	<link>
	<sublink>search</sublink>
	<sublink>searchsd</sublink>
	</link>
	<thumbnail>https://image.tmdb.org/t/p/w1280/ezIurBz2fdUc68d98Fp9dRf5ihv.jpg</thumbnail>
	<fanart>https://image.tmdb.org/t/p/w1280/Fp3piEuHXxKnPBO5R0Wj4wjZHg.jpg</fanart>
</item>
<item>
	<title>[COLOR=white]The Matrix Revolutions[/COLOR]</title>
	<meta>
	<imdb>tt0242653</imdb>
	<content>movie</content>
	<title>The Matrix Revolutions</title>
	<year>2003</year>
	</meta>
	<link>
	<sublink>search</sublink>
	<sublink>searchsd</sublink>
	</link>
	<thumbnail>https://image.tmdb.org/t/p/w1280/sKogjhfs5q3azmpW7DFKKAeLEG8.jpg</thumbnail>
	<fanart>https://image.tmdb.org/t/p/w1280/pdVHUsb2eEz9ALNTr6wfRJe5xVa.jpg</fanart>
</item>
<item>
	<title>[COLOR=white]The Matrix[/COLOR]</title>
	<meta>
	<imdb>tt0133093</imdb>
	<content>movie</content>
	<title>The Matrix</title>
	<year>1999</year>
	</meta>
	<link>
	<sublink>search</sublink>
	<sublink>searchsd</sublink>
	</link>
	<thumbnail>https://image.tmdb.org/t/p/w1280/hEpWvX6Bp79eLxY1kX5ZZJcme5U.jpg</thumbnail>
	<fanart>https://image.tmdb.org/t/p/w1280/7u3pxc0K1wx32IleAkLv78MKgrw.jpg</fanart>
</item>
<item>
	<title>[COLOR=white]The Terminator[/COLOR]</title>
	<meta>
	<imdb>tt0088247</imdb>
	<content>movie</content>
	<title>The Terminator</title>
	<year>1984</year>
	</meta>
	<link>
	<sublink>search</sublink>
	<sublink>searchsd</sublink>
	</link>
	<thumbnail>https://image.tmdb.org/t/p/w1280/q8ffBuxQlYOHrvPniLgCbmKK4Lv.jpg</thumbnail>
	<fanart>https://image.tmdb.org/t/p/w1280/6yFoLNQgFdVbA8TZMdfgVpszOla.jpg</fanart>
</item>
<item>
	<title>[COLOR=white]The Thing[/COLOR]</title>
	<meta>
	<imdb>tt0905372</imdb>
	<content>movie</content>
	<title>The Thing</title>
	<year>2011</year>
	</meta>
	<link>
	<sublink>search</sublink>
	<sublink>searchsd</sublink>
	</link>
	<thumbnail>https://image.tmdb.org/t/p/w1280/a2Cme25fHcSdIQ2wW6aWmE4owUI.jpg</thumbnail>
	<fanart>https://image.tmdb.org/t/p/w1280/9pguay2WdWNORzgxQuOmxPVf7Z3.jpg</fanart>
</item>
<item>
	<title>[COLOR=white]The Thing[/COLOR]</title>
	<meta>
	<imdb>tt0084787</imdb>
	<content>movie</content>
	<title>The Thing</title>
	<year>1982</year>
	</meta>
	<link>
	<sublink>search</sublink>
	<sublink>searchsd</sublink>
	</link>
	<thumbnail>https://image.tmdb.org/t/p/w1280/s5fH3GqFcHbi2F0NSBSh4KRNTc0.jpg</thumbnail>
	<fanart>https://image.tmdb.org/t/p/w1280/7mdGrxp3ZL2OqNSrQ5LoYySi5MH.jpg</fanart>
</item>
<item>
	<title>[COLOR=white]The Thirteenth Floor[/COLOR]</title>
	<meta>
	<imdb>tt0139809</imdb>
	<content>movie</content>
	<title>The Thirteenth Floor</title>
	<year>1999</year>
	</meta>
	<link>
	<sublink>search</sublink>
	<sublink>searchsd</sublink>
	</link>
	<thumbnail>https://image.tmdb.org/t/p/w1280/7cm1xHOkzcqo2ienFgTl17qa35U.jpg</thumbnail>
	<fanart>https://image.tmdb.org/t/p/w1280/yT0FxS7LogdVEJz3FcdzPetzDTK.jpg</fanart>
</item>
<item>
	<title>[COLOR=white]The Time Machine[/COLOR]</title>
	<meta>
	<imdb>tt0054387</imdb>
	<content>movie</content>
	<title>The Time Machine</title>
	<year>1960</year>
	</meta>
	<link>
	<sublink>search</sublink>
	<sublink>searchsd</sublink>
	</link>
	<thumbnail>https://image.tmdb.org/t/p/w1280/cjmluKjmaqLfZmwMEwjki6tvLnS.jpg</thumbnail>
	<fanart>https://image.tmdb.org/t/p/w1280/EVaEyQvzu13g6FPnzb4IlbbrGM.jpg</fanart>
</item>
<item>
	<title>[COLOR=white]The Time Traveler's Wife[/COLOR]</title>
	<meta>
	<imdb>tt0452694</imdb>
	<content>movie</content>
	<title>The Time Traveler's Wife</title>
	<year>2009</year>
	</meta>
	<link>
	<sublink>search</sublink>
	<sublink>searchsd</sublink>
	</link>
	<thumbnail>https://image.tmdb.org/t/p/w1280/ayGp00uS6XRrNfbR59XWrJh9jpC.jpg</thumbnail>
	<fanart>https://image.tmdb.org/t/p/w1280/2Po4fvS46AAshzDZGDdjkrVxPo8.jpg</fanart>
</item>
<item>
	<title>[COLOR=white]The War of the Worlds[/COLOR]</title>
	<meta>
	<imdb>tt0046534</imdb>
	<content>movie</content>
	<title>The War of the Worlds</title>
	<year>1953</year>
	</meta>
	<link>
	<sublink>search</sublink>
	<sublink>searchsd</sublink>
	</link>
	<thumbnail>https://image.tmdb.org/t/p/w1280/4fDKpwDHcACssXyD4auokAtyrUE.jpg</thumbnail>
	<fanart>https://image.tmdb.org/t/p/w1280/842AcW0eLEIagMTXLdbGVSsDHLh.jpg</fanart>
</item>
<item>
	<title>[COLOR=white]They Live[/COLOR]</title>
	<meta>
	<imdb>tt0096256</imdb>
	<content>movie</content>
	<title>They Live</title>
	<year>1988</year>
	</meta>
	<link>
	<sublink>search</sublink>
	<sublink>searchsd</sublink>
	</link>
	<thumbnail>https://image.tmdb.org/t/p/w1280/8N8BnBGwgsxXXwZ2q9eVFFIKFL1.jpg</thumbnail>
	<fanart>https://image.tmdb.org/t/p/w1280/rPAmeyzGPRrobTDoyvlaAGOSGAe.jpg</fanart>
</item>
<item>
	<title>[COLOR=white]Timecop[/COLOR]</title>
	<meta>
	<imdb>tt0111438</imdb>
	<content>movie</content>
	<title>Timecop</title>
	<year>1994</year>
	</meta>
	<link>
	<sublink>search</sublink>
	<sublink>searchsd</sublink>
	</link>
	<thumbnail>https://image.tmdb.org/t/p/w1280/q2ENMsGRUmoglHKPyOQe2fdy1cb.jpg</thumbnail>
	<fanart>https://image.tmdb.org/t/p/w1280/3iDik1VJkpZbmUNNOKHlWKu3or4.jpg</fanart>
</item>
<item>
	<title>[COLOR=white]Timecrimes[/COLOR]</title>
	<meta>
	<imdb>tt0480669</imdb>
	<content>movie</content>
	<title>Timecrimes</title>
	<year>2007</year>
	</meta>
	<link>
	<sublink>search</sublink>
	<sublink>searchsd</sublink>
	</link>
	<thumbnail>https://image.tmdb.org/t/p/w1280/yaPwrv8c2ZKVHdUicUUnA9LvCCh.jpg</thumbnail>
	<fanart>https://image.tmdb.org/t/p/w1280/4bnk6fY6By5em5tFDiESo6gz5ln.jpg</fanart>
</item>
<item>
	<title>[COLOR=white]Tomorrowland[/COLOR]</title>
	<meta>
	<imdb>tt1964418</imdb>
	<content>movie</content>
	<title>Tomorrowland</title>
	<year>2015</year>
	</meta>
	<link>
	<sublink>search</sublink>
	<sublink>searchsd</sublink>
	</link>
	<thumbnail>https://image.tmdb.org/t/p/w1280/69Cz9VNQZy39fUE2g0Ggth6SBTM.jpg</thumbnail>
	<fanart>https://image.tmdb.org/t/p/w1280/fQbc5XuB4vWA9gnY1CmyxFaOufF.jpg</fanart>
</item>
<item>
	<title>[COLOR=white]Total Recall[/COLOR]</title>
	<meta>
	<imdb>tt0100802</imdb>
	<content>movie</content>
	<title>Total Recall</title>
	<year>1990</year>
	</meta>
	<link>
	<sublink>search</sublink>
	<sublink>searchsd</sublink>
	</link>
	<thumbnail>https://image.tmdb.org/t/p/w1280/ikYpJ0AjGBNnAYFnPJDUVIOcduR.jpg</thumbnail>
	<fanart>https://image.tmdb.org/t/p/w1280/qoYaqN9XXrdjKcviJeWVQNcotfK.jpg</fanart>
</item>
<item>
	<title>[COLOR=white]Tron[/COLOR]</title>
	<meta>
	<imdb>tt0084827</imdb>
	<content>movie</content>
	<title>Tron</title>
	<year>1982</year>
	</meta>
	<link>
	<sublink>search</sublink>
	<sublink>searchsd</sublink>
	</link>
	<thumbnail>https://image.tmdb.org/t/p/w1280/cTF8lpXvAwT1SLH9kVFZZl0AO0D.jpg</thumbnail>
	<fanart>https://image.tmdb.org/t/p/w1280/rRTMdhZ7kxMdJIqykz0t4p0HABA.jpg</fanart>
</item>
<item>
	<title>[COLOR=white]Twelve Monkeys[/COLOR]</title>
	<meta>
	<imdb>tt0114746</imdb>
	<content>movie</content>
	<title>Twelve Monkeys</title>
	<year>1995</year>
	</meta>
	<link>
	<sublink>search</sublink>
	<sublink>searchsd</sublink>
	</link>
	<thumbnail>https://image.tmdb.org/t/p/w1280/6Sj9wDu3YugthXsU0Vry5XFAZGg.jpg</thumbnail>
	<fanart>https://image.tmdb.org/t/p/w1280/6KXbhaxkgExC5EdDqAzRinhmoZ8.jpg</fanart>
</item>
<item>
	<title>[COLOR=white]Upstream Color[/COLOR]</title>
	<meta>
	<imdb>tt2084989</imdb>
	<content>movie</content>
	<title>Upstream Color</title>
	<year>2013</year>
	</meta>
	<link>
	<sublink>search</sublink>
	<sublink>searchsd</sublink>
	</link>
	<thumbnail>https://image.tmdb.org/t/p/w1280/4oVNJ0L2zm6J6yF0UDYsak3ZXx2.jpg</thumbnail>
	<fanart>https://image.tmdb.org/t/p/w1280/kAP1HdlU4rnqC7mYMx2Rg7KZST3.jpg</fanart>
</item>
<item>
	<title>[COLOR=white]V for Vendetta[/COLOR]</title>
	<meta>
	<imdb>tt0434409</imdb>
	<content>movie</content>
	<title>V for Vendetta</title>
	<year>2006</year>
	</meta>
	<link>
	<sublink>search</sublink>
	<sublink>searchsd</sublink>
	</link>
	<thumbnail>https://image.tmdb.org/t/p/w1280/8rI9pNiTmugkEbI249evLygl9TC.jpg</thumbnail>
	<fanart>https://image.tmdb.org/t/p/w1280/gcxpeba5CtUA8Jkwio8sNZyimEC.jpg</fanart>
</item>
<item>
	<title>[COLOR=white]WALL*E[/COLOR]</title>
	<meta>
	<imdb>tt0910970</imdb>
	<content>movie</content>
	<title>WALL*E</title>
	<year>2008</year>
	</meta>
	<link>
	<sublink>search</sublink>
	<sublink>searchsd</sublink>
	</link>
	<thumbnail>https://image.tmdb.org/t/p/w1280/9cJETuLMc6R0bTWRA5i7ctY9bxk.jpg</thumbnail>
	<fanart>https://image.tmdb.org/t/p/w1280/2nFyTvssbtJMLC6eyYwwZ88gALD.jpg</fanart>
</item>
<item>
	<title>[COLOR=white]WarGames[/COLOR]</title>
	<meta>
	<imdb>tt0086567</imdb>
	<content>movie</content>
	<title>WarGames</title>
	<year>1983</year>
	</meta>
	<link>
	<sublink>search</sublink>
	<sublink>searchsd</sublink>
	</link>
	<thumbnail>https://image.tmdb.org/t/p/w1280/rQocmooj7bFKS2vZfzWBB5O12eR.jpg</thumbnail>
	<fanart>https://image.tmdb.org/t/p/w1280/AkwLeC0Q8GIkYJ6ZI0tc0118AY6.jpg</fanart>
</item>
<item>
	<title>[COLOR=white]Wonder Woman[/COLOR]</title>
	<meta>
	<imdb>tt0451279</imdb>
	<content>movie</content>
	<title>Wonder Woman</title>
	<year>2017</year>
	</meta>
	<link>
	<sublink>search</sublink>
	<sublink>searchsd</sublink>
	</link>
	<thumbnail>https://image.tmdb.org/t/p/w1280/imekS7f1OuHyUP2LAiTEM0zBzUz.jpg</thumbnail>
	<fanart>https://image.tmdb.org/t/p/w1280/6iUNJZymJBMXXriQyFZfLAKnjO6.jpg</fanart>
</item>
<item>
	<title>[COLOR=white]X-Men: Apocalypse[/COLOR]</title>
	<meta>
	<imdb>tt3385516</imdb>
	<content>movie</content>
	<title>X-Men: Apocalypse</title>
	<year>2016</year>
	</meta>
	<link>
	<sublink>search</sublink>
	<sublink>searchsd</sublink>
	</link>
	<thumbnail>https://image.tmdb.org/t/p/w1280/zSouWWrySXshPCT4t3UKCQGayyo.jpg</thumbnail>
	<fanart>https://image.tmdb.org/t/p/w1280/oQWWth5AOtbWG9o8SCAviGcADed.jpg</fanart>
</item>
<item>
	<title>[COLOR=white]X-Men: Days of Future Past[/COLOR]</title>
	<meta>
	<imdb>tt1877832</imdb>
	<content>movie</content>
	<title>X-Men: Days of Future Past</title>
	<year>2014</year>
	</meta>
	<link>
	<sublink>search</sublink>
	<sublink>searchsd</sublink>
	</link>
	<thumbnail>https://image.tmdb.org/t/p/w1280/qKkFk9HELmABpcPoc1HHZGIxQ5a.jpg</thumbnail>
	<fanart>https://image.tmdb.org/t/p/w1280/5LBcSLHAtEIIgvNkA2dPmYH5wR7.jpg</fanart>
</item>
