<item>
	<title>[COLOR=white]24 Frames[/COLOR]</title>
	<meta>
	<imdb>tt6777170</imdb>
	<content>movie</content>
	<title>24 Frames</title>
	<year>2017</year>
	</meta>
	<link>
	<sublink>search</sublink>
	<sublink>searchsd</sublink>
	</link>
	<thumbnail>https://image.tmdb.org/t/p/w1280/iTisFjlX84DI7eXDZLRs9ATBKtL.jpg</thumbnail>
	<fanart>https://image.tmdb.org/t/p/w1280/f8xOxhUifgZVtclccpiHRP20Zkw.jpg</fanart>
</item>
<item>
	<title>[COLOR=white]A Ciambra[/COLOR]</title>
	<meta>
	<imdb>tt6802896</imdb>
	<content>movie</content>
	<title>A Ciambra</title>
	<year>2017</year>
	</meta>
	<link>
	<sublink>search</sublink>
	<sublink>searchsd</sublink>
	</link>
	<thumbnail>https://image.tmdb.org/t/p/w1280/bIkDmCWDIWyHAQgKCZpuD5d8kKl.jpg</thumbnail>
	<fanart>https://image.tmdb.org/t/p/w1280/ffkIQx9BAijIiJtzeAZW9XDcpv8.jpg</fanart>
</item>
<item>
	<title>[COLOR=white]A Fantastic Woman[/COLOR]</title>
	<meta>
	<imdb>tt5639354</imdb>
	<content>movie</content>
	<title>A Fantastic Woman</title>
	<year>2017</year>
	</meta>
	<link>
	<sublink>search</sublink>
	<sublink>searchsd</sublink>
	</link>
	<thumbnail>https://image.tmdb.org/t/p/w1280/x2yNruMR8bAJOIQ3wd7HR9qWjW3.jpg</thumbnail>
	<fanart>https://image.tmdb.org/t/p/w1280/eFF6JpZULSf6pk4on2Yw7RZwedj.jpg</fanart>
</item>
<item>
	<title>[COLOR=white]A Quiet Place[/COLOR]</title>
	<meta>
	<imdb>tt6644200</imdb>
	<content>movie</content>
	<title>A Quiet Place</title>
	<year>2018</year>
	</meta>
	<link>
	<sublink>search</sublink>
	<sublink>searchsd</sublink>
	</link>
	<thumbnail>https://image.tmdb.org/t/p/w1280/nAU74GmpUk7t5iklEp3bufwDq4n.jpg</thumbnail>
	<fanart>https://image.tmdb.org/t/p/w1280/roYyPiQDQKmIKUEhO912693tSja.jpg</fanart>
</item>
<item>
	<title>[COLOR=white]Adrift[/COLOR]</title>
	<meta>
	<imdb>tt6306064</imdb>
	<content>movie</content>
	<title>Adrift</title>
	<year>2018</year>
	</meta>
	<link>
	<sublink>search</sublink>
	<sublink>searchsd</sublink>
	</link>
	<thumbnail>https://image.tmdb.org/t/p/w1280/5gLDeADaETvwQlQow5szlyuhLbj.jpg</thumbnail>
	<fanart>https://image.tmdb.org/t/p/w1280/64jAqTJvrzEwncD3ARZdqYLcqbc.jpg</fanart>
</item>
<item>
	<title>[COLOR=white]American Animals[/COLOR]</title>
	<meta>
	<imdb>tt6212478</imdb>
	<content>movie</content>
	<title>American Animals</title>
	<year>2018</year>
	</meta>
	<link>
	<sublink>search</sublink>
	<sublink>searchsd</sublink>
	</link>
	<thumbnail>https://image.tmdb.org/t/p/w1280/aLbdKxgxuOPvs6CTlmzoOQ4Yg3j.jpg</thumbnail>
	<fanart>https://image.tmdb.org/t/p/w1280/3ccBOsbVpgwN9K5whd2UB9ACebG.jpg</fanart>
</item>
<item>
	<title>[COLOR=white]Annihilation[/COLOR]</title>
	<meta>
	<imdb>tt2798920</imdb>
	<content>movie</content>
	<title>Annihilation</title>
	<year>2018</year>
	</meta>
	<link>
	<sublink>search</sublink>
	<sublink>searchsd</sublink>
	</link>
	<thumbnail>https://image.tmdb.org/t/p/w1280/d3qcpfNwbAMCNqWDHzPQsUYiUgS.jpg</thumbnail>
	<fanart>https://image.tmdb.org/t/p/w1280/5zfVNTrkhMu673zma6qhFzG01ig.jpg</fanart>
</item>
<item>
	<title>[COLOR=white]Ant-Man and the Wasp[/COLOR]</title>
	<meta>
	<imdb>tt5095030</imdb>
	<content>movie</content>
	<title>Ant-Man and the Wasp</title>
	<year>2018</year>
	</meta>
	<link>
	<sublink>search</sublink>
	<sublink>searchsd</sublink>
	</link>
	<thumbnail>https://image.tmdb.org/t/p/w1280/rv1AWImgx386ULjcf62VYaW8zSt.jpg</thumbnail>
	<fanart>https://image.tmdb.org/t/p/w1280/6P3c80EOm7BodndGBUAJHHsHKrp.jpg</fanart>
</item>
<item>
	<title>[COLOR=white]Avengers: Infinity War[/COLOR]</title>
	<meta>
	<imdb>tt4154756</imdb>
	<content>movie</content>
	<title>Avengers: Infinity War</title>
	<year>2018</year>
	</meta>
	<link>
	<sublink>search</sublink>
	<sublink>searchsd</sublink>
	</link>
	<thumbnail>https://image.tmdb.org/t/p/w1280/7WsyChQLEftFiDOVTGkv3hFpyyt.jpg</thumbnail>
	<fanart>https://image.tmdb.org/t/p/w1280/bOGkgRGdhrBYJSLpXaxhXVstddV.jpg</fanart>
</item>
<item>
	<title>[COLOR=white]Beast[/COLOR]</title>
	<meta>
	<imdb>tt5628302</imdb>
	<content>movie</content>
	<title>Beast</title>
	<year>2018</year>
	</meta>
	<link>
	<sublink>search</sublink>
	<sublink>searchsd</sublink>
	</link>
	<thumbnail>https://image.tmdb.org/t/p/w1280/kZdncyp1IKhEqwv5zdmUpK5Dc7S.jpg</thumbnail>
	<fanart>https://image.tmdb.org/t/p/w1280/x3q710ejy2o0EEr5fqncEVptBv2.jpg</fanart>
</item>
<item>
	<title>[COLOR=white]Beirut[/COLOR]</title>
	<meta>
	<imdb>tt4669264</imdb>
	<content>movie</content>
	<title>Beirut</title>
	<year>2018</year>
	</meta>
	<link>
	<sublink>search</sublink>
	<sublink>searchsd</sublink>
	</link>
	<thumbnail>https://image.tmdb.org/t/p/w1280/s2qIeFsI9TskZr1LkSwljQDh5nl.jpg</thumbnail>
	<fanart>https://image.tmdb.org/t/p/w1280/2nLOJ8gtattGzYzwlYM8PrcgknH.jpg</fanart>
</item>
<item>
	<title>[COLOR=white]BlacKkKlansman[/COLOR]</title>
	<meta>
	<imdb>tt7349662</imdb>
	<content>movie</content>
	<title>BlacKkKlansman</title>
	<year>2018</year>
	</meta>
	<link>
	<sublink>search</sublink>
	<sublink>searchsd</sublink>
	</link>
	<thumbnail>https://image.tmdb.org/t/p/w1280/55W6mUVv4CXMMQHHhV2zXtLSpXQ.jpg</thumbnail>
	<fanart>https://image.tmdb.org/t/p/w1280/gMVdhfQ7q9DFHhDkehrququjGPd.jpg</fanart>
</item>
<item>
	<title>[COLOR=white]Black Panther[/COLOR]</title>
	<meta>
	<imdb>tt1825683</imdb>
	<content>movie</content>
	<title>Black Panther</title>
	<year>2018</year>
	</meta>
	<link>
	<sublink>search</sublink>
	<sublink>searchsd</sublink>
	</link>
	<thumbnail>https://image.tmdb.org/t/p/w1280/uxzzxijgPIY7slzFvMotPv8wjKA.jpg</thumbnail>
	<fanart>https://image.tmdb.org/t/p/w1280/b6ZJZHUdMEFECvGiDpJjlfUWela.jpg</fanart>
</item>
<item>
	<title>[COLOR=white]Blindspotting[/COLOR]</title>
	<meta>
	<imdb>tt7242142</imdb>
	<content>movie</content>
	<title>Blindspotting</title>
	<year>2018</year>
	</meta>
	<link>
	<sublink>search</sublink>
	<sublink>searchsd</sublink>
	</link>
	<thumbnail>https://image.tmdb.org/t/p/w1280/cMQTd5g2NnYiS32Dcl75TqGSyrn.jpg</thumbnail>
	<fanart>https://image.tmdb.org/t/p/w1280/d3m59GlnJQdb4taaHYTGVT7c3RJ.jpg</fanart>
</item>
<item>
	<title>[COLOR=white]Blockers[/COLOR]</title>
	<meta>
	<imdb>tt2531344</imdb>
	<content>movie</content>
	<title>Blockers</title>
	<year>2018</year>
	</meta>
	<link>
	<sublink>search</sublink>
	<sublink>searchsd</sublink>
	</link>
	<thumbnail>https://image.tmdb.org/t/p/w1280/uvlUQXg0AlpGzKukO11K7QtW3Yu.jpg</thumbnail>
	<fanart>https://image.tmdb.org/t/p/w1280/bUcHY7CrYWieikW8fFkL3Dxnt4H.jpg</fanart>
</item>
<item>
	<title>[COLOR=white]Boom for Real: The Late Teenage Years of Jean-Michel Basquiat[/COLOR]</title>
	<meta>
	<imdb>tt7210348</imdb>
	<content>movie</content>
	<title>Boom for Real: The Late Teenage Years of Jean-Michel Basquiat</title>
	<year>2017</year>
	</meta>
	<link>
	<sublink>search</sublink>
	<sublink>searchsd</sublink>
	</link>
	<thumbnail>https://image.tmdb.org/t/p/w1280/iY7qWyuEAvTgxqzSOEun6Xwar9A.jpg</thumbnail>
	<fanart>https://i.ytimg.com/vi/PUsy5RObL2U/maxresdefault.jpg </fanart>
</item>
<item>
	<title>[COLOR=white]Borg vs McEnroe[/COLOR]</title>
	<meta>
	<imdb>tt5727282</imdb>
	<content>movie</content>
	<title>Borg vs McEnroe</title>
	<year>2017</year>
	</meta>
	<link>
	<sublink>search</sublink>
	<sublink>searchsd</sublink>
	</link>
	<thumbnail>https://image.tmdb.org/t/p/w1280/9hR2emM9MqH5LJPTjG8o7RPpksU.jpg</thumbnail>
	<fanart>https://image.tmdb.org/t/p/w1280/g3acAt4ROTOaSPHxHa1K2VjjitZ.jpg</fanart>
</item>
<item>
	<title>[COLOR=white]Call Me by Your Name[/COLOR]</title>
	<meta>
	<imdb>tt5726616</imdb>
	<content>movie</content>
	<title>Call Me by Your Name</title>
	<year>2017</year>
	</meta>
	<link>
	<sublink>search</sublink>
	<sublink>searchsd</sublink>
	</link>
	<thumbnail>https://image.tmdb.org/t/p/w1280/tcNniniS4rfqrLH0oORikJfnIwY.jpg</thumbnail>
	<fanart>https://image.tmdb.org/t/p/w1280/64OtTrXNyLwbqWBcd9JBsJmZb7w.jpg</fanart>
</item>
<item>
	<title>[COLOR=white]Cargo[/COLOR]</title>
	<meta>
	<imdb>tt3860916</imdb>
	<content>movie</content>
	<title>Cargo</title>
	<year>2017</year>
	</meta>
	<link>
	<sublink>search</sublink>
	<sublink>searchsd</sublink>
	</link>
	<thumbnail>https://image.tmdb.org/t/p/w1280/cdPSUck4tBRvRu6DFk6XciDrssn.jpg</thumbnail>
	<fanart>https://image.tmdb.org/t/p/w1280/tiIpajUBpLMNWMEzpjRBxo0jCbD.jpg</fanart>
</item>
<item>
	<title>[COLOR=white]Chappaquiddick[/COLOR]</title>
	<meta>
	<imdb>tt5270948</imdb>
	<content>movie</content>
	<title>Chappaquiddick</title>
	<year>2018</year>
	</meta>
	<link>
	<sublink>search</sublink>
	<sublink>searchsd</sublink>
	</link>
	<thumbnail>https://image.tmdb.org/t/p/w1280/kkTD7ufZd7AqAnZP5IMnrQXKRpM.jpg</thumbnail>
	<fanart>https://image.tmdb.org/t/p/w1280/kZZueScWeQrhHWipeyVp5tflle3.jpg</fanart>
</item>
<item>
	<title>[COLOR=white]Claire's Camera[/COLOR]</title>
	<meta>
	<imdb>tt5989220</imdb>
	<content>movie</content>
	<title>Claire's Camera</title>
	<year>2017</year>
	</meta>
	<link>
	<sublink>search</sublink>
	<sublink>searchsd</sublink>
	</link>
	<thumbnail>https://image.tmdb.org/t/p/w1280/9Fpjplh52Ck8JGyzQBLiDUOonEn.jpg</thumbnail>
	<fanart>https://image.tmdb.org/t/p/w1280/fHN0wnNUQeyjQPkb9a590fWKFp0.jpg</fanart>
</item>
<item>
	<title>[COLOR=white]Custody[/COLOR]</title>
	<meta>
	<imdb>tt6002232</imdb>
	<content>movie</content>
	<title>Custody</title>
	<year>2018</year>
	</meta>
	<link>
	<sublink>search</sublink>
	<sublink>searchsd</sublink>
	</link>
	<thumbnail>https://image.tmdb.org/t/p/w1280/Aovc3FHXPzjWb3XZSNDfC2CPLKM.jpg</thumbnail>
	<fanart>https://image.tmdb.org/t/p/w1280/fvCVwNHhF3nxnsEiXTl2npHaXIN.jpg</fanart>
</item>
<item>
	<title>[COLOR=white]Damsel[/COLOR]</title>
	<meta>
	<imdb>tt5881528</imdb>
	<content>movie</content>
	<title>Damsel</title>
	<year>2018</year>
	</meta>
	<link>
	<sublink>search</sublink>
	<sublink>searchsd</sublink>
	</link>
	<thumbnail>https://image.tmdb.org/t/p/w1280/dNZxjsJwmKorpPvd0kquJffYROr.jpg</thumbnail>
	<fanart>https://image.tmdb.org/t/p/w1280/zXnvqnvG0Mc5bGgSLlftiQ8Nwen.jpg</fanart>
</item>
<item>
	<title>[COLOR=white]Dark River[/COLOR]</title>
	<meta>
	<imdb>tt5700176</imdb>
	<content>movie</content>
	<title>Dark River</title>
	<year>2018</year>
	</meta>
	<link>
	<sublink>search</sublink>
	<sublink>searchsd</sublink>
	</link>
	<thumbnail>https://image.tmdb.org/t/p/w1280/hgzMPafOXa4wCGMvHGNpJLbr7Xv.jpg</thumbnail>
	<fanart>https://image.tmdb.org/t/p/w1280/pfEdmzLr6OtBPnBPoSW09O3xsER.jpg</fanart>
</item>
<item>
	<title>[COLOR=white]Deadpool 2[/COLOR]</title>
	<meta>
	<imdb>tt5463162</imdb>
	<content>movie</content>
	<title>Deadpool 2</title>
	<year>2018</year>
	</meta>
	<link>
	<sublink>search</sublink>
	<sublink>searchsd</sublink>
	</link>
	<thumbnail>https://image.tmdb.org/t/p/w1280/to0spRl1CMDvyUbOnbb4fTk3VAd.jpg</thumbnail>
	<fanart>https://image.tmdb.org/t/p/w1280/3H0XWuV4bPIrvrEhC1fAvvCocJk.jpg</fanart>
</item>
<item>
	<title>[COLOR=white]Disobedience[/COLOR]</title>
	<meta>
	<imdb>tt6108178</imdb>
	<content>movie</content>
	<title>Disobedience</title>
	<year>2017</year>
	</meta>
	<link>
	<sublink>search</sublink>
	<sublink>searchsd</sublink>
	</link>
	<thumbnail>https://image.tmdb.org/t/p/w1280/IwFugPaYFhJOAkPVFG3I3xR6wA.jpg</thumbnail>
	<fanart>https://image.tmdb.org/t/p/w1280/fnF8567jwMzZOlPgJRSOn2E71Pg.jpg</fanart>
</item>
<item>
	<title>[COLOR=white]Don't Worry, He Won't Get Far on Foot[/COLOR]</title>
	<meta>
	<imdb>tt6288124</imdb>
	<content>movie</content>
	<title>Don't Worry, He Won't Get Far on Foot</title>
	<year>2018</year>
	</meta>
	<link>
	<sublink>search</sublink>
	<sublink>searchsd</sublink>
	</link>
	<thumbnail>https://image.tmdb.org/t/p/w1280/rKsiN37qMt8jad5GikZzSeevyI9.jpg</thumbnail>
	<fanart>https://image.tmdb.org/t/p/w1280/aZYjP0cS1zsDHgyvDo6ymxF5JEY.jpg</fanart>
</item>
<item>
	<title>[COLOR=white]Double Lover[/COLOR]</title>
	<meta>
	<imdb>tt6367558</imdb>
	<content>movie</content>
	<title>Double Lover</title>
	<year>2017</year>
	</meta>
	<link>
	<sublink>search</sublink>
	<sublink>searchsd</sublink>
	</link>
	<thumbnail>https://image.tmdb.org/t/p/w1280/r7va7VtatGdaMbURnKTkwiQlGrX.jpg</thumbnail>
	<fanart>https://image.tmdb.org/t/p/w1280/x81220AW6mjkk8Jyk8DbpDm00pe.jpg</fanart>
</item>
<item>
	<title>[COLOR=white]Early Man[/COLOR]</title>
	<meta>
	<imdb>tt4701724</imdb>
	<content>movie</content>
	<title>Early Man</title>
	<year>2018</year>
	</meta>
	<link>
	<sublink>search</sublink>
	<sublink>searchsd</sublink>
	</link>
	<thumbnail>https://image.tmdb.org/t/p/w1280/ugw07fJIZMVrrIGeN1MO7Xecj5h.jpg</thumbnail>
	<fanart>https://image.tmdb.org/t/p/w1280/9m71RMP45mg599xtKPyjicyHn1a.jpg</fanart>
</item>
<item>
	<title>[COLOR=white]Eighth Grade[/COLOR]</title>
	<meta>
	<imdb>tt7014006</imdb>
	<content>movie</content>
	<title>Eighth Grade</title>
	<year>2018</year>
	</meta>
	<link>
	<sublink>search</sublink>
	<sublink>searchsd</sublink>
	</link>
	<thumbnail>https://image.tmdb.org/t/p/w1280/d99WE8WYeCbqGGzhDcyimRXrMcN.jpg</thumbnail>
	<fanart>https://image.tmdb.org/t/p/w1280/qyb7Cp8G3Oa4fhPZ5cibG2dlhte.jpg</fanart>
</item>
<item>
	<title>[COLOR=white]Filmworker[/COLOR]</title>
	<meta>
	<imdb>tt6851066</imdb>
	<content>movie</content>
	<title>Filmworker</title>
	<year>2018</year>
	</meta>
	<link>
	<sublink>search</sublink>
	<sublink>searchsd</sublink>
	</link>
	<thumbnail>https://image.tmdb.org/t/p/w1280/qmZDdrb0nwrV6UMNQQWQh60t7pq.jpg</thumbnail>
	<fanart>https://image.tmdb.org/t/p/w1280/mMNamhKWDeddUOi4W1JqBMro1ng.jpg</fanart>
</item>
<item>
	<title>[COLOR=white]Final Portrait[/COLOR]</title>
	<meta>
	<imdb>tt4494718</imdb>
	<content>movie</content>
	<title>Final Portrait</title>
	<year>2017</year>
	</meta>
	<link>
	<sublink>search</sublink>
	<sublink>searchsd</sublink>
	</link>
	<thumbnail>https://image.tmdb.org/t/p/w1280/qkzgkapX0cUEdWSJXnqvAZolRzU.jpg</thumbnail>
	<fanart>https://image.tmdb.org/t/p/w1280/jQbSkDlPTNte1csncPJkGIgirxL.jpg</fanart>
</item>
<item>
	<title>[COLOR=white]First Reformed[/COLOR]</title>
	<meta>
	<imdb>tt6053438</imdb>
	<content>movie</content>
	<title>First Reformed</title>
	<year>2018</year>
	</meta>
	<link>
	<sublink>search</sublink>
	<sublink>searchsd</sublink>
	</link>
	<thumbnail>https://image.tmdb.org/t/p/w1280/p2UylV0hPefEuWPFMo1r56vu2nb.jpg</thumbnail>
	<fanart>https://image.tmdb.org/t/p/w1280/oXNtdwoRsG9MIpOjJHeT4xGjwbV.jpg</fanart>
</item>
<item>
	<title>[COLOR=white]Foxtrot[/COLOR]</title>
	<meta>
	<imdb>tt6896536</imdb>
	<content>movie</content>
	<title>Foxtrot</title>
	<year>2017</year>
	</meta>
	<link>
	<sublink>search</sublink>
	<sublink>searchsd</sublink>
	</link>
	<thumbnail>https://image.tmdb.org/t/p/w1280/iAttkH4gVnqFPjzdGLgarDMnnbK.jpg</thumbnail>
	<fanart>https://image.tmdb.org/t/p/w1280/jpxoX4NPNKabdNACo72cGFVgq1D.jpg</fanart>
</item>
<item>
	<title>[COLOR=white]Game Night[/COLOR]</title>
	<meta>
	<imdb>tt2704998</imdb>
	<content>movie</content>
	<title>Game Night</title>
	<year>2018</year>
	</meta>
	<link>
	<sublink>search</sublink>
	<sublink>searchsd</sublink>
	</link>
	<thumbnail>https://image.tmdb.org/t/p/w1280/85R8LMyn9f2Lev2YPBF8Nughrkv.jpg</thumbnail>
	<fanart>https://image.tmdb.org/t/p/w1280/dj5fwtC4iFdP9j4Zeiw3GqNf0qM.jpg</fanart>
</item>
<item>
	<title>[COLOR=white]Gemini[/COLOR]</title>
	<meta>
	<imdb>tt5795086</imdb>
	<content>movie</content>
	<title>Gemini</title>
	<year>2018</year>
	</meta>
	<link>
	<sublink>search</sublink>
	<sublink>searchsd</sublink>
	</link>
	<thumbnail>https://image.tmdb.org/t/p/w1280/tbIRz9bbmy36f4sPOjQr65szcZz.jpg</thumbnail>
	<fanart>https://image.tmdb.org/t/p/w1280/5wdm5vRfsQF1bjSMVbq9LmKEpZs.jpg</fanart>
</item>
<item>
	<title>[COLOR=white]Ghost Stories[/COLOR]</title>
	<meta>
	<imdb>tt5516328</imdb>
	<content>movie</content>
	<title>Ghost Stories</title>
	<year>2018</year>
	</meta>
	<link>
	<sublink>search</sublink>
	<sublink>searchsd</sublink>
	</link>
	<thumbnail>https://image.tmdb.org/t/p/w1280/7a0sai9k5jr7YJRP5S3YIDErMVY.jpg</thumbnail>
	<fanart>https://image.tmdb.org/t/p/w1280/7vyzEMfcEpBChEyK7cP6XW6B7hi.jpg</fanart>
</item>
<item>
	<title>[COLOR=white]Grace Jones: Bloodlight and Bami[/COLOR]</title>
	<meta>
	<imdb>tt6903636</imdb>
	<content>movie</content>
	<title>Grace Jones: Bloodlight and Bami</title>
	<year>2017</year>
	</meta>
	<link>
	<sublink>search</sublink>
	<sublink>searchsd</sublink>
	</link>
	<thumbnail>https://image.tmdb.org/t/p/w1280/2ui0HxKINUwmEfYpuUGP7GeoiQd.jpg</thumbnail>
	<fanart>https://image.tmdb.org/t/p/w1280/h0mdfd70SIm2F13aWitdDYAEg4m.jpg</fanart>
</item>
<item>
	<title>[COLOR=white]Have a Nice Day[/COLOR]</title>
	<meta>
	<imdb>tt6451304</imdb>
	<content>movie</content>
	<title>Have a Nice Day</title>
	<year>2018</year>
	</meta>
	<link>
	<sublink>search</sublink>
	<sublink>searchsd</sublink>
	</link>
	<thumbnail>https://image.tmdb.org/t/p/w1280/hDgqrlBmyFlD2MBu2Zave6S4Z80.jpg</thumbnail>
	<fanart>https://image.tmdb.org/t/p/w1280/ehtMTb2IzDl1coSvfuKDfSA3cjt.jpg</fanart>
</item>
<item>
	<title>[COLOR=white]Hearts Beat Loud[/COLOR]</title>
	<meta>
	<imdb>tt7158430</imdb>
	<content>movie</content>
	<title>Hearts Beat Loud</title>
	<year>2018</year>
	</meta>
	<link>
	<sublink>search</sublink>
	<sublink>searchsd</sublink>
	</link>
	<thumbnail>https://image.tmdb.org/t/p/w1280/h1wKptD8iXJbtAUSz9OlXS3q4Co.jpg</thumbnail>
	<fanart>https://image.tmdb.org/t/p/w1280/6XznuR5s363S8ZqrqEFO0qXl7V5.jpg</fanart>
</item>
<item>
	<title>[COLOR=white]Hereditary[/COLOR]</title>
	<meta>
	<imdb>tt7784604</imdb>
	<content>movie</content>
	<title>Hereditary</title>
	<year>2018</year>
	</meta>
	<link>
	<sublink>search</sublink>
	<sublink>searchsd</sublink>
	</link>
	<thumbnail>https://image.tmdb.org/t/p/w1280/p9fmuz2Oj3HtEJEqbIwkFGUhVXD.jpg</thumbnail>
	<fanart>https://image.tmdb.org/t/p/w1280/yVWiOMpzf7gullGvug83r7gMdha.jpg</fanart>
</item>
<item>
	<title>[COLOR=white]Hostiles[/COLOR]</title>
	<meta>
	<imdb>tt5478478</imdb>
	<content>movie</content>
	<title>Hostiles</title>
	<year>2017</year>
	</meta>
	<link>
	<sublink>search</sublink>
	<sublink>searchsd</sublink>
	</link>
	<thumbnail>https://image.tmdb.org/t/p/w1280/rqoezyB51GfhiloOB5ZErg5HXas.jpg</thumbnail>
	<fanart>https://image.tmdb.org/t/p/w1280/vBSsIyWExRpe3Robi8SAnayrMq1.jpg</fanart>
</item>
<item>
	<title>[COLOR=white]I Kill Giants[/COLOR]</title>
	<meta>
	<imdb>tt4547194</imdb>
	<content>movie</content>
	<title>I Kill Giants</title>
	<year>2018</year>
	</meta>
	<link>
	<sublink>search</sublink>
	<sublink>searchsd</sublink>
	</link>
	<thumbnail>https://image.tmdb.org/t/p/w1280/cvit6HDbXHE6W5kGPd47jd0wthQ.jpg</thumbnail>
	<fanart>https://image.tmdb.org/t/p/w1280/lffgWEBiLf9DbDdb86WsGsEcWTg.jpg</fanart>
</item>
<item>
	<title>[COLOR=white]I, Tonya[/COLOR]</title>
	<meta>
	<imdb>tt5580036</imdb>
	<content>movie</content>
	<title>I, Tonya</title>
	<year>2017</year>
	</meta>
	<link>
	<sublink>search</sublink>
	<sublink>searchsd</sublink>
	</link>
	<thumbnail>https://image.tmdb.org/t/p/w1280/6gNXwSHxaksR1PjVZRqNapmkgj3.jpg</thumbnail>
	<fanart>https://image.tmdb.org/t/p/w1280/gXIuss4Ajlex0E6iJPjkSTR8Qip.jpg</fanart>
</item>
<item>
	<title>[COLOR=white]In Between[/COLOR]</title>
	<meta>
	<imdb>tt5974388</imdb>
	<content>movie</content>
	<title>In Between</title>
	<year>2016</year>
	</meta>
	<link>
	<sublink>search</sublink>
	<sublink>searchsd</sublink>
	</link>
	<thumbnail>https://image.tmdb.org/t/p/w1280/52VRPSc4OqvdovABpH4Su32P3Ly.jpg</thumbnail>
	<fanart>https://image.tmdb.org/t/p/w1280/s6XrArsrw6u1yCKP6665anZnrPU.jpg</fanart>
</item>
<item>
	<title>[COLOR=white]Incredibles 2[/COLOR]</title>
	<meta>
	<imdb>tt3606756</imdb>
	<content>movie</content>
	<title>Incredibles 2</title>
	<year>2018</year>
	</meta>
	<link>
	<sublink>search</sublink>
	<sublink>searchsd</sublink>
	</link>
	<thumbnail>https://image.tmdb.org/t/p/w1280/x1txcDXkcM65gl7w20PwYSxAYah.jpg</thumbnail>
	<fanart>https://image.tmdb.org/t/p/w1280/mabuNsGJgRuCTuGqjFkWe1xdu19.jpg</fanart>
</item>
<item>
	<title>[COLOR=white]Isle of Dogs[/COLOR]</title>
	<meta>
	<imdb>tt5104604</imdb>
	<content>movie</content>
	<title>Isle of Dogs</title>
	<year>2018</year>
	</meta>
	<link>
	<sublink>search</sublink>
	<sublink>searchsd</sublink>
	</link>
	<thumbnail>https://image.tmdb.org/t/p/w1280/rSluCePdXXtNiQeE6Na5yRGamhL.jpg</thumbnail>
	<fanart>https://image.tmdb.org/t/p/w1280/5YtXsLG9ncjjFyGZjoeV31CGf01.jpg</fanart>
</item>
<item>
	<title>[COLOR=white]Journey's End[/COLOR]</title>
	<meta>
	<imdb>tt3780500</imdb>
	<content>movie</content>
	<title>Journey's End</title>
	<year>2018</year>
	</meta>
	<link>
	<sublink>search</sublink>
	<sublink>searchsd</sublink>
	</link>
	<thumbnail>https://image.tmdb.org/t/p/w1280/5gGkt84bCPt7XRo35FcsrOeer78.jpg</thumbnail>
	<fanart>https://image.tmdb.org/t/p/w1280/qsN29Wb7sqw06I9TzEnJE3soxHM.jpg</fanart>
</item>
<item>
	<title>[COLOR=white]Lean on Pete[/COLOR]</title>
	<meta>
	<imdb>tt5340300</imdb>
	<content>movie</content>
	<title>Lean on Pete</title>
	<year>2018</year>
	</meta>
	<link>
	<sublink>search</sublink>
	<sublink>searchsd</sublink>
	</link>
	<thumbnail>https://image.tmdb.org/t/p/w1280/7SuPHSo9Uw8GACkP2oPst512Qhl.jpg</thumbnail>
	<fanart>https://image.tmdb.org/t/p/w1280/wizieR3Qo4qvf3Z4Nk2MschlxjF.jpg</fanart>
</item>
<item>
	<title>[COLOR=white]Leave No Trace[/COLOR]</title>
	<meta>
	<imdb>tt3892172</imdb>
	<content>movie</content>
	<title>Leave No Trace</title>
	<year>2018</year>
	</meta>
	<link>
	<sublink>search</sublink>
	<sublink>searchsd</sublink>
	</link>
	<thumbnail>https://image.tmdb.org/t/p/w1280/awGdHLQdPARAWyiT4hzu1ZFdsHO.jpg</thumbnail>
	<fanart>https://image.tmdb.org/t/p/w1280/c5GHB444LQShWnO29ulpFMLo4Am.jpg</fanart>
</item>
<item>
	<title>[COLOR=white]Let the Sunshine In[/COLOR]</title>
	<meta>
	<imdb>tt6423776</imdb>
	<content>movie</content>
	<title>Let the Sunshine In</title>
	<year>2017</year>
	</meta>
	<link>
	<sublink>search</sublink>
	<sublink>searchsd</sublink>
	</link>
	<thumbnail>https://image.tmdb.org/t/p/w1280/7HSbTWvHfaywSpkETtlZqqcnItT.jpg</thumbnail>
	<fanart>https://image.tmdb.org/t/p/w1280/pJYGDhHrZ9pN6cdqdBlnaZ6oVXA.jpg</fanart>
</item>
<item>
	<title>[COLOR=white]Love, Simon[/COLOR]</title>
	<meta>
	<imdb>tt5164432</imdb>
	<content>movie</content>
	<title>Love, Simon</title>
	<year>2018</year>
	</meta>
	<link>
	<sublink>search</sublink>
	<sublink>searchsd</sublink>
	</link>
	<thumbnail>https://image.tmdb.org/t/p/w1280/5YUYg5q7QfC4IoNwNUtiwdiYKPr.jpg</thumbnail>
	<fanart>https://image.tmdb.org/t/p/w1280/rqMEeajyzSF4PpJtdCB816Iz8Vr.jpg</fanart>
</item>
<item>
	<title>[COLOR=white]Loveless[/COLOR]</title>
	<meta>
	<imdb>tt6304162</imdb>
	<content>movie</content>
	<title>Loveless</title>
	<year>2017</year>
	</meta>
	<link>
	<sublink>search</sublink>
	<sublink>searchsd</sublink>
	</link>
	<thumbnail>https://image.tmdb.org/t/p/w1280/myFTOsVDxu5sAWcw8hr0LlxBLnq.jpg</thumbnail>
	<fanart>https://image.tmdb.org/t/p/w1280/68e1y9t3hY1t702XZKEskJ4ehI6.jpg</fanart>
</item>
<item>
	<title>[COLOR=white]Lover for a Day[/COLOR]</title>
	<meta>
	<imdb>tt5642124</imdb>
	<content>movie</content>
	<title>Lover for a Day</title>
	<year>2017</year>
	</meta>
	<link>
	<sublink>search</sublink>
	<sublink>searchsd</sublink>
	</link>
	<thumbnail>https://image.tmdb.org/t/p/w1280/rv3IfHRi6yquYjAMBbvCLhG0qBk.jpg</thumbnail>
	<fanart>https://image.tmdb.org/t/p/w1280/84vvAjRfUc9OOnomNZibuwa2f4J.jpg</fanart>
</item>
<item>
	<title>[COLOR=white]Mamma Mia! Here We Go Again[/COLOR]</title>
	<meta>
	<imdb>tt6911608</imdb>
	<content>movie</content>
	<title>Mamma Mia! Here We Go Again</title>
	<year>2018</year>
	</meta>
	<link>
	<sublink>search</sublink>
	<sublink>searchsd</sublink>
	</link>
	<thumbnail>https://image.tmdb.org/t/p/w1280/aWicerX4Y7n7tUwRAVHsVcBBpj2.jpg</thumbnail>
	<fanart>https://image.tmdb.org/t/p/w1280/8HKwxHZ23sW8wz4yb28IWnAM1M6.jpg</fanart>
</item>
<item>
	<title>[COLOR=white]Mary and the Witch's Flower[/COLOR]</title>
	<meta>
	<imdb>tt6336356</imdb>
	<content>movie</content>
	<title>Mary and the Witch's Flower</title>
	<year>2017</year>
	</meta>
	<link>
	<sublink>search</sublink>
	<sublink>searchsd</sublink>
	</link>
	<thumbnail>https://image.tmdb.org/t/p/w1280/lq3OJQiJ8hlCr23LAdHbeU3eqBF.jpg</thumbnail>
	<fanart>https://image.tmdb.org/t/p/w1280/izx7Dh8GwEVQIPxsHzr8imzM5HW.jpg</fanart>
</item>
<item>
	<title>[COLOR=white]McQueen[/COLOR]</title>
	<meta>
	<imdb>tt6510332</imdb>
	<content>movie</content>
	<title>McQueen</title>
	<year>2018</year>
	</meta>
	<link>
	<sublink>search</sublink>
	<sublink>searchsd</sublink>
	</link>
	<thumbnail>https://image.tmdb.org/t/p/w1280/bc5kAqhNfLitH7zMlLvLRbxV0xD.jpg</thumbnail>
	<fanart>https://image.tmdb.org/t/p/w1280/beJbsLwOkKImXpImUzk3l3BXvY9.jpg</fanart>
</item>
<item>
	<title>[COLOR=white]Mission: Impossible - Fallout[/COLOR]</title>
	<meta>
	<imdb>tt4912910</imdb>
	<content>movie</content>
	<title>Mission: Impossible - Fallout</title>
	<year>2018</year>
	</meta>
	<link>
	<sublink>search</sublink>
	<sublink>searchsd</sublink>
	</link>
	<thumbnail>https://image.tmdb.org/t/p/w1280/AkJQpZp9WoNdj7pLYSj1L0RcMMN.jpg</thumbnail>
	<fanart>https://image.tmdb.org/t/p/w1280/5qxePyMYDisLe8rJiBYX8HKEyv2.jpg</fanart>
</item>
<item>
	<title>[COLOR=white]Molly's Game[/COLOR]</title>
	<meta>
	<imdb>tt4209788</imdb>
	<content>movie</content>
	<title>Molly's Game</title>
	<year>2017</year>
	</meta>
	<link>
	<sublink>search</sublink>
	<sublink>searchsd</sublink>
	</link>
	<thumbnail>https://image.tmdb.org/t/p/w1280/h9hUP5ZJGsjL2wbERrGlj4dMjZq.jpg</thumbnail>
	<fanart>https://image.tmdb.org/t/p/w1280/yvbXGWjg30sj7rohEZvSe90jSJC.jpg</fanart>
</item>
<item>
	<title>[COLOR=white]Mom and Dad[/COLOR]</title>
	<meta>
	<imdb>tt5462326</imdb>
	<content>movie</content>
	<title>Mom and Dad</title>
	<year>2018</year>
	</meta>
	<link>
	<sublink>search</sublink>
	<sublink>searchsd</sublink>
	</link>
	<thumbnail>https://image.tmdb.org/t/p/w1280/fSaeahvo1GU7v4W6CX2y0j7fxMG.jpg</thumbnail>
	<fanart>https://image.tmdb.org/t/p/w1280/3Fji9IjNQcXm7Dh0u4igJXTgeHZ.jpg</fanart>
</item>
<item>
	<title>[COLOR=white]Mountain[/COLOR]</title>
	<meta>
	<imdb>tt6203570</imdb>
	<content>movie</content>
	<title>Mountain</title>
	<year>2017</year>
	</meta>
	<link>
	<sublink>search</sublink>
	<sublink>searchsd</sublink>
	</link>
	<thumbnail>https://image.tmdb.org/t/p/w1280/iI2DRk7LIgIuCqXcfBWyDPy17bF.jpg</thumbnail>
	<fanart>https://image.tmdb.org/t/p/w1280/vSZ8rV6QzUdA4NrZqStwypYwOjG.jpg</fanart>
</item>
<item>
	<title>[COLOR=white]Ocean's Eight[/COLOR]</title>
	<meta>
	<imdb>tt5164214</imdb>
	<content>movie</content>
	<title>Ocean's Eight</title>
	<year>2018</year>
	</meta>
	<link>
	<sublink>search</sublink>
	<sublink>searchsd</sublink>
	</link>
	<thumbnail>https://image.tmdb.org/t/p/w1280/MvYpKlpFukTivnlBhizGbkAe3v.jpg</thumbnail>
	<fanart>https://image.tmdb.org/t/p/w1280/zBIfBeStaDdDdhBrSx8InhgFUVa.jpg</fanart>
</item>
<item>
	<title>[COLOR=white]Oh Lucy![/COLOR]</title>
	<meta>
	<imdb>tt6343058</imdb>
	<content>movie</content>
	<title>Oh Lucy!</title>
	<year>2018</year>
	</meta>
	<link>
	<sublink>search</sublink>
	<sublink>searchsd</sublink>
	</link>
	<thumbnail>https://image.tmdb.org/t/p/w1280/kZ9zniDlKpgKRMtMqs1RS5DJhmV.jpg</thumbnail>
	<fanart>https://image.tmdb.org/t/p/w1280/2i59DDjqiAAJeVo9lPkKk7AKwtu.jpg</fanart>
</item>
<item>
	<title>[COLOR=white]On Body and Soul[/COLOR]</title>
	<meta>
	<imdb>tt5607714</imdb>
	<content>movie</content>
	<title>On Body and Soul</title>
	<year>2017</year>
	</meta>
	<link>
	<sublink>search</sublink>
	<sublink>searchsd</sublink>
	</link>
	<thumbnail>https://image.tmdb.org/t/p/w1280/uguWEoZelSSckxgiQctlkZ6gpfU.jpg</thumbnail>
	<fanart>https://image.tmdb.org/t/p/w1280/s5BvDOLava3Z8NjAOnT0Xe96iLS.jpg</fanart>
</item>
<item>
	<title>[COLOR=white]Paddington 2[/COLOR]</title>
	<meta>
	<imdb>tt4468740</imdb>
	<content>movie</content>
	<title>Paddington 2</title>
	<year>2017</year>
	</meta>
	<link>
	<sublink>search</sublink>
	<sublink>searchsd</sublink>
	</link>
	<thumbnail>https://image.tmdb.org/t/p/w1280/gnXaUxdKD2t1B74cutWA5rjBLgD.jpg</thumbnail>
	<fanart>https://image.tmdb.org/t/p/w1280/J1X0TeO9LetEJhP60xNbZTvNTi.jpg</fanart>
</item>
<item>
	<title>[COLOR=white]Phantom Thread[/COLOR]</title>
	<meta>
	<imdb>tt5776858</imdb>
	<content>movie</content>
	<title>Phantom Thread</title>
	<year>2017</year>
	</meta>
	<link>
	<sublink>search</sublink>
	<sublink>searchsd</sublink>
	</link>
	<thumbnail>https://image.tmdb.org/t/p/w1280/yZ8j8xKk2xQ1d88hB8YG6LZfRQj.jpg</thumbnail>
	<fanart>https://image.tmdb.org/t/p/w1280/vpRMzPqHC03I7hPPET4Av2OT8dI.jpg</fanart>
</item>
<item>
	<title>[COLOR=white]Pope Francis: A Man of His Word[/COLOR]</title>
	<meta>
	<imdb>tt6915100</imdb>
	<content>movie</content>
	<title>Pope Francis: A Man of His Word</title>
	<year>2018</year>
	</meta>
	<link>
	<sublink>search</sublink>
	<sublink>searchsd</sublink>
	</link>
	<thumbnail>https://image.tmdb.org/t/p/w1280/4pGMnjyebbDY33AkWqaJbvC5eEo.jpg</thumbnail>
	<fanart>https://image.tmdb.org/t/p/w1280/lUVRn6CC3voutG905c8qTIAa7QL.jpg</fanart>
</item>
<item>
	<title>[COLOR=white]Puzzle[/COLOR]</title>
	<meta>
	<imdb>tt6933454</imdb>
	<content>movie</content>
	<title>Puzzle</title>
	<year>2018</year>
	</meta>
	<link>
	<sublink>search</sublink>
	<sublink>searchsd</sublink>
	</link>
	<thumbnail>https://image.tmdb.org/t/p/w1280/y472fM5TIu8S8yev1xvXrCPnZ0r.jpg</thumbnail>
	<fanart>https://image.tmdb.org/t/p/w1280/lSqUIu4UZ0zLXtIsLCfV56y8nbX.jpg</fanart>
</item>
<item>
	<title>[COLOR=white]RBG[/COLOR]</title>
	<meta>
	<imdb>tt7689964</imdb>
	<content>movie</content>
	<title>RBG</title>
	<year>2018</year>
	</meta>
	<link>
	<sublink>search</sublink>
	<sublink>searchsd</sublink>
	</link>
	<thumbnail>https://image.tmdb.org/t/p/w1280/vIenhDe9DuvxODJOIpMjBheYlcS.jpg</thumbnail>
	<fanart>https://image.tmdb.org/t/p/w1280/prShXu2j9SWAbeatf1A9AobqE5O.jpg</fanart>
</item>
<item>
	<title>[COLOR=white]Ready Player One[/COLOR]</title>
	<meta>
	<imdb>tt1677720</imdb>
	<content>movie</content>
	<title>Ready Player One</title>
	<year>2018</year>
	</meta>
	<link>
	<sublink>search</sublink>
	<sublink>searchsd</sublink>
	</link>
	<thumbnail>https://image.tmdb.org/t/p/w1280/pU1ULUq8D3iRxl1fdX2lZIzdHuI.jpg</thumbnail>
	<fanart>https://image.tmdb.org/t/p/w1280/5a7lMDn3nAj2ByO0X1fg6BhUphR.jpg</fanart>
</item>
<item>
	<title>[COLOR=white]Revenge[/COLOR]</title>
	<meta>
	<imdb>tt6738136</imdb>
	<content>movie</content>
	<title>Revenge</title>
	<year>2018</year>
	</meta>
	<link>
	<sublink>search</sublink>
	<sublink>searchsd</sublink>
	</link>
	<thumbnail>https://image.tmdb.org/t/p/w1280/aMv5ILxjzA9S930eLImSjfecETH.jpg</thumbnail>
	<fanart>https://image.tmdb.org/t/p/w1280/gaPdSP64ski71basHeqqqwcIvwL.jpg</fanart>
</item>
<item>
	<title>[COLOR=white]Set It Up[/COLOR]</title>
	<meta>
	<imdb>tt5304992</imdb>
	<content>movie</content>
	<title>Set It Up</title>
	<year>2018</year>
	</meta>
	<link>
	<sublink>search</sublink>
	<sublink>searchsd</sublink>
	</link>
	<thumbnail>https://image.tmdb.org/t/p/w1280/XF5jV0UxKnYNPAimem0hbwPfCR.jpg</thumbnail>
	<fanart>https://image.tmdb.org/t/p/w1280/wYHaQzfzv5vOGaV6uPhatFWG338.jpg</fanart>
</item>
<item>
	<title>[COLOR=white]Sicario: Day of the Soldado[/COLOR]</title>
	<meta>
	<imdb>tt5052474</imdb>
	<content>movie</content>
	<title>Sicario: Day of the Soldado</title>
	<year>2018</year>
	</meta>
	<link>
	<sublink>search</sublink>
	<sublink>searchsd</sublink>
	</link>
	<thumbnail>https://image.tmdb.org/t/p/w1280/OdD7A0LgLXPjqzmfcEl9sTYVPo.jpg</thumbnail>
	<fanart>https://image.tmdb.org/t/p/w1280/urMfgRUk0Kmf5p0KEJopAlqcyXm.jpg</fanart>
</item>
<item>
	<title>[COLOR=white]Solo: A Star Wars Story[/COLOR]</title>
	<meta>
	<imdb>tt3778644</imdb>
	<content>movie</content>
	<title>Solo: A Star Wars Story</title>
	<year>2018</year>
	</meta>
	<link>
	<sublink>search</sublink>
	<sublink>searchsd</sublink>
	</link>
	<thumbnail>https://image.tmdb.org/t/p/w1280/4oD6VEccFkorEBTEDXtpLAaz0Rl.jpg</thumbnail>
	<fanart>https://image.tmdb.org/t/p/w1280/7LZ0K4FsALrt7OeNIGOVLNuKQRU.jpg</fanart>
</item>
<item>
	<title>[COLOR=white]Sorry to Bother You[/COLOR]</title>
	<meta>
	<imdb>tt5688932</imdb>
	<content>movie</content>
	<title>Sorry to Bother You</title>
	<year>2018</year>
	</meta>
	<link>
	<sublink>search</sublink>
	<sublink>searchsd</sublink>
	</link>
	<thumbnail>https://image.tmdb.org/t/p/w1280/peTl1V04E9ppvhgvNmSX0r2ALqO.jpg</thumbnail>
	<fanart>https://image.tmdb.org/t/p/w1280/lHecBdFRnW2hh8Qn3wz0vrPIqw2.jpg</fanart>
</item>
<item>
	<title>[COLOR=white]Summer 1993[/COLOR]</title>
	<meta>
	<imdb>tt5897636</imdb>
	<content>movie</content>
	<title>Summer 1993</title>
	<year>2017</year>
	</meta>
	<link>
	<sublink>search</sublink>
	<sublink>searchsd</sublink>
	</link>
	<thumbnail>https://image.tmdb.org/t/p/w1280/krdSl7IpDb9c31CXrzA5yfP1oYM.jpg</thumbnail>
	<fanart>https://image.tmdb.org/t/p/w1280/29w1pHpc2HgihUfJwJUA5zFNkRT.jpg</fanart>
</item>
<item>
	<title>[COLOR=white]Sweet Country[/COLOR]</title>
	<meta>
	<imdb>tt6958212</imdb>
	<content>movie</content>
	<title>Sweet Country</title>
	<year>2018</year>
	</meta>
	<link>
	<sublink>search</sublink>
	<sublink>searchsd</sublink>
	</link>
	<thumbnail>https://image.tmdb.org/t/p/w1280/szJdZCSiEIYybmPymoP2UTEvOUC.jpg</thumbnail>
	<fanart>https://image.tmdb.org/t/p/w1280/5R5O1IkKz4Otrhax39AwYRPkh1h.jpg</fanart>
</item>
<item>
	<title>[COLOR=white]Teen Titans Go! To the Movies[/COLOR]</title>
	<meta>
	<imdb>tt7424200</imdb>
	<content>movie</content>
	<title>Teen Titans Go! To the Movies</title>
	<year>2018</year>
	</meta>
	<link>
	<sublink>search</sublink>
	<sublink>searchsd</sublink>
	</link>
	<thumbnail>https://image.tmdb.org/t/p/w1280/AiEuNw3Lg0PIPNUQ3PIWWElwGcY.jpg</thumbnail>
	<fanart>https://image.tmdb.org/t/p/w1280/1SjsVcGO2T2cCrhlhXi8gxQl7jx.jpg</fanart>
</item>
<item>
	<title>[COLOR=white]The Death of Stalin[/COLOR]</title>
	<meta>
	<imdb>tt4686844</imdb>
	<content>movie</content>
	<title>The Death of Stalin</title>
	<year>2017</year>
	</meta>
	<link>
	<sublink>search</sublink>
	<sublink>searchsd</sublink>
	</link>
	<thumbnail>https://image.tmdb.org/t/p/w1280/xAKqG5SpsHU7vI6Fh4UYxFrDDZZ.jpg</thumbnail>
	<fanart>https://image.tmdb.org/t/p/w1280/tx5TFMF85qU2Ug4TRIGQZbDpzFA.jpg</fanart>
</item>
<item>
	<title>[COLOR=white]The Endless[/COLOR]</title>
	<meta>
	<imdb>tt3986820</imdb>
	<content>movie</content>
	<title>The Endless</title>
	<year>2017</year>
	</meta>
	<link>
	<sublink>search</sublink>
	<sublink>searchsd</sublink>
	</link>
	<thumbnail>https://image.tmdb.org/t/p/w1280/49sb3kEZplzudQBhJDSt0mNJm4V.jpg</thumbnail>
	<fanart>https://image.tmdb.org/t/p/w1280/zX0pEwk0zDnS85Nxl1hI6h6dfFu.jpg</fanart>
</item>
<item>
	<title>[COLOR=white]The Final Year[/COLOR]</title>
	<meta>
	<imdb>tt7215444</imdb>
	<content>movie</content>
	<title>The Final Year</title>
	<year>2018</year>
	</meta>
	<link>
	<sublink>search</sublink>
	<sublink>searchsd</sublink>
	</link>
	<thumbnail>https://image.tmdb.org/t/p/w1280/4EJIicGC11nxkWdrDhaSAx9dxXe.jpg</thumbnail>
	<fanart>https://image.tmdb.org/t/p/w1280/hBGdtdUetPe3wkqiqvZlOi6v4uO.jpg</fanart>
</item>
<item>
	<title>[COLOR=white]The Insult[/COLOR]</title>
	<meta>
	<imdb>tt7048622</imdb>
	<content>movie</content>
	<title>The Insult</title>
	<year>2017</year>
	</meta>
	<link>
	<sublink>search</sublink>
	<sublink>searchsd</sublink>
	</link>
	<thumbnail>https://image.tmdb.org/t/p/w1280/w9mlrckg3ZU2rsAlKUbLD1CgBTk.jpg</thumbnail>
	<fanart>https://image.tmdb.org/t/p/w1280/dkv2k46cqg2SNxL36bOIrCs8xlC.jpg</fanart>
</item>
<item>
	<title>[COLOR=white]The King[/COLOR]</title>
	<meta>
	<imdb>tt6775942</imdb>
	<content>movie</content>
	<title>The King</title>
	<year>2018</year>
	</meta>
	<link>
	<sublink>search</sublink>
	<sublink>searchsd</sublink>
	</link>
	<thumbnail>https://image.tmdb.org/t/p/w1280/Tgv0kLi8obD2bfiGyErp4BJMeH.jpg</thumbnail>
	<fanart>https://image.tmdb.org/t/p/w1280/8gEy8zrnaubHdSn2f7sdmdiNrkg.jpg</fanart>
</item>
<item>
	<title>[COLOR=white]The Party[/COLOR]</title>
	<meta>
	<imdb>tt5814592</imdb>
	<content>movie</content>
	<title>The Party</title>
	<year>2017</year>
	</meta>
	<link>
	<sublink>search</sublink>
	<sublink>searchsd</sublink>
	</link>
	<thumbnail>https://image.tmdb.org/t/p/w1280/jh8xTXmP3omSMo4pg8lXaI8EiWN.jpg</thumbnail>
	<fanart>https://image.tmdb.org/t/p/w1280/nCNZvdDBT985FUENHNGFGtO6LGS.jpg</fanart>
</item>
<item>
	<title>[COLOR=white]The Post[/COLOR]</title>
	<meta>
	<imdb>tt6294822</imdb>
	<content>movie</content>
	<title>The Post</title>
	<year>2018</year>
	</meta>
	<link>
	<sublink>search</sublink>
	<sublink>searchsd</sublink>
	</link>
	<thumbnail>https://image.tmdb.org/t/p/w1280/h4XG3g6uMMPIBPjAoQhC2QIMdkl.jpg</thumbnail>
	<fanart>https://image.tmdb.org/t/p/w1280/h5jqLrIv1tlszezv2UEWq9KBuoj.jpg</fanart>
</item>
<item>
	<title>[COLOR=white]The Rider[/COLOR]</title>
	<meta>
	<imdb>tt6217608</imdb>
	<content>movie</content>
	<title>The Rider</title>
	<year>2017</year>
	</meta>
	<link>
	<sublink>search</sublink>
	<sublink>searchsd</sublink>
	</link>
	<thumbnail>https://image.tmdb.org/t/p/w1280/l9XMwJA3ptTGtziUGcJBXBDuREz.jpg</thumbnail>
	<fanart>https://image.tmdb.org/t/p/w1280/rhUXXPcVAG4hBNS7aNVCEZrx0Yy.jpg</fanart>
</item>
<item>
	<title>[COLOR=white]The Tale[/COLOR]</title>
	<meta>
	<imdb>tt4015500</imdb>
	<content>movie</content>
	<title>The Tale</title>
	<year>2018</year>
	</meta>
	<link>
	<sublink>search</sublink>
	<sublink>searchsd</sublink>
	</link>
	<thumbnail>https://image.tmdb.org/t/p/w1280/aguq47xq3qhN807rSyz4lJyhAkX.jpg</thumbnail>
	<fanart>https://image.tmdb.org/t/p/w1280/5jG68mfRxeOeA2Kqwh8QRan2v8C.jpg</fanart>
</item>
<item>
	<title>[COLOR=white]The Third Murder[/COLOR]</title>
	<meta>
	<imdb>tt6410564</imdb>
	<content>movie</content>
	<title>The Third Murder</title>
	<year>2017</year>
	</meta>
	<link>
	<sublink>search</sublink>
	<sublink>searchsd</sublink>
	</link>
	<thumbnail>https://image.tmdb.org/t/p/w1280/t0WEz9ELPl7tag1bzOiK3EQiAuT.jpg</thumbnail>
	<fanart>https://image.tmdb.org/t/p/w1280/aEGSwp8SuiJPhheiIVNIXnebnlz.jpg</fanart>
</item>
<item>
	<title>[COLOR=white]Thoroughbreds[/COLOR]</title>
	<meta>
	<imdb>tt5649108</imdb>
	<content>movie</content>
	<title>Thoroughbreds</title>
	<year>2018</year>
	</meta>
	<link>
	<sublink>search</sublink>
	<sublink>searchsd</sublink>
	</link>
	<thumbnail>https://image.tmdb.org/t/p/w1280/pIxZzTfITqBpZxbIGsV01DcoHsT.jpg</thumbnail>
	<fanart>https://image.tmdb.org/t/p/w1280/iKSONLvFh10sWSFBrixGLdgvh3V.jpg</fanart>
</item>
<item>
	<title>[COLOR=white]Three Identical Strangers[/COLOR]</title>
	<meta>
	<imdb>tt7664504</imdb>
	<content>movie</content>
	<title>Three Identical Strangers</title>
	<year>2018</year>
	</meta>
	<link>
	<sublink>search</sublink>
	<sublink>searchsd</sublink>
	</link>
	<thumbnail>https://image.tmdb.org/t/p/w1280/dRhx0r2Xo90XW0winEkwiqCouT.jpg</thumbnail>
	<fanart>https://image.tmdb.org/t/p/w1280/26wSmRJFFYXH39AZmK5Sh8sxgRB.jpg</fanart>
</item>
<item>
	<title>[COLOR=white]Tully[/COLOR]</title>
	<meta>
	<imdb>tt5610554</imdb>
	<content>movie</content>
	<title>Tully</title>
	<year>2018</year>
	</meta>
	<link>
	<sublink>search</sublink>
	<sublink>searchsd</sublink>
	</link>
	<thumbnail>https://image.tmdb.org/t/p/w1280/wDI4YXBXolMYi15Qx2kClvdSERM.jpg</thumbnail>
	<fanart>https://image.tmdb.org/t/p/w1280/h4Z6IUpTyD9ViV7NLmbAEbgM1G0.jpg</fanart>
</item>
<item>
	<title>[COLOR=white]Unsane[/COLOR]</title>
	<meta>
	<imdb>tt7153766</imdb>
	<content>movie</content>
	<title>Unsane</title>
	<year>2018</year>
	</meta>
	<link>
	<sublink>search</sublink>
	<sublink>searchsd</sublink>
	</link>
	<thumbnail>https://image.tmdb.org/t/p/w1280/jvDBfavZASdKsJunu9VCAtXjLS2.jpg</thumbnail>
	<fanart>https://image.tmdb.org/t/p/w1280/xj6qPnD9DIVvlhTsteXumeF2OsV.jpg</fanart>
</item>
<item>
	<title>[COLOR=white]Upgrade[/COLOR]</title>
	<meta>
	<imdb>tt6499752</imdb>
	<content>movie</content>
	<title>Upgrade</title>
	<year>2018</year>
	</meta>
	<link>
	<sublink>search</sublink>
	<sublink>searchsd</sublink>
	</link>
	<thumbnail>https://image.tmdb.org/t/p/w1280/tqistSlQGQVlvDZHweDP3qCplMP.jpg</thumbnail>
	<fanart>https://image.tmdb.org/t/p/w1280/7VSDYfy4JuBbx1eOW2ob8X0Qtny.jpg</fanart>
</item>
<item>
	<title>[COLOR=white]Western[/COLOR]</title>
	<meta>
	<imdb>tt5157326</imdb>
	<content>movie</content>
	<title>Western</title>
	<year>2017</year>
	</meta>
	<link>
	<sublink>search</sublink>
	<sublink>searchsd</sublink>
	</link>
	<thumbnail>https://image.tmdb.org/t/p/w1280/tLWwFrU0JFHIzQzxDpF8CKxfeey.jpg</thumbnail>
	<fanart>https://image.tmdb.org/t/p/w1280/hmI6NDw1NBB3OYQNjPRlOaiOIib.jpg</fanart>
</item>
<item>
	<title>[COLOR=white]Westwood: Punk, Icon, Activist[/COLOR]</title>
	<meta>
	<imdb>tt4378628</imdb>
	<content>movie</content>
	<title>Westwood: Punk, Icon, Activist</title>
	<year>2018</year>
	</meta>
	<link>
	<sublink>search</sublink>
	<sublink>searchsd</sublink>
	</link>
	<thumbnail>https://image.tmdb.org/t/p/w1280/lguug8k8l7J6RJgaauTsmMH23LE.jpg</thumbnail>
	<fanart>https://image.tmdb.org/t/p/w1280/A6yKgWcPsPerUCx51GVmJoSFMyC.jpg</fanart>
</item>
<item>
	<title>[COLOR=white]Where Is Kyra?[/COLOR]</title>
	<meta>
	<imdb>tt5198670</imdb>
	<content>movie</content>
	<title>Where Is Kyra?</title>
	<year>2018</year>
	</meta>
	<link>
	<sublink>search</sublink>
	<sublink>searchsd</sublink>
	</link>
	<thumbnail>https://image.tmdb.org/t/p/w1280/dOvEgIRBxRUCbFuiPC56X0L8vZy.jpg</thumbnail>
	<fanart>https://image.tmdb.org/t/p/w1280/zaylSKblH0H3J05lQpmIDv3wue5.jpg</fanart>
</item>
<item>
	<title>[COLOR=white]Whitney[/COLOR]</title>
	<meta>
	<imdb>tt5740866</imdb>
	<content>movie</content>
	<title>Whitney</title>
	<year>2018</year>
	</meta>
	<link>
	<sublink>search</sublink>
	<sublink>searchsd</sublink>
	</link>
	<thumbnail>https://image.tmdb.org/t/p/w1280/j1c6dTycYBMZs2T1wKA6bknLLa6.jpg</thumbnail>
	<fanart>https://image.tmdb.org/t/p/w1280/7jJwPlih9n9AzWfKZWBxFR32q5V.jpg</fanart>
</item>
<item>
	<title>[COLOR=white]Won't You Be My Neighbor?[/COLOR]</title>
	<meta>
	<imdb>tt7681902</imdb>
	<content>movie</content>
	<title>Won't You Be My Neighbor?</title>
	<year>2018</year>
	</meta>
	<link>
	<sublink>search</sublink>
	<sublink>searchsd</sublink>
	</link>
	<thumbnail>https://image.tmdb.org/t/p/w1280/8qE8NZjiP2M884baH0VoLF828Vp.jpg</thumbnail>
	<fanart>https://image.tmdb.org/t/p/w1280/lQaT3rVXshsNNMhGFL8XJEZK51V.jpg</fanart>
</item>
<item>
	<title>[COLOR=white]You Were Never Really Here[/COLOR]</title>
	<meta>
	<imdb>tt5742374</imdb>
	<content>movie</content>
	<title>You Were Never Really Here</title>
	<year>2017</year>
	</meta>
	<link>
	<sublink>search</sublink>
	<sublink>searchsd</sublink>
	</link>
	<thumbnail>https://image.tmdb.org/t/p/w1280/aoArNmQfL67BzENQeQsgJm21cMe.jpg</thumbnail>
	<fanart>https://image.tmdb.org/t/p/w1280/g2yZ1kiGwLO5AUSmtsEJeFEWghJ.jpg</fanart>
</item>
<item>
	<title>[COLOR=white]Zama[/COLOR]</title>
	<meta>
	<imdb>tt3409848</imdb>
	<content>movie</content>
	<title>Zama</title>
	<year>2017</year>
	</meta>
	<link>
	<sublink>search</sublink>
	<sublink>searchsd</sublink>
	</link>
	<thumbnail>https://image.tmdb.org/t/p/w1280/kpp9R6iYKSIXxfyW0feVYrk0jsg.jpg</thumbnail>
	<fanart>https://image.tmdb.org/t/p/w1280/lXY4fpvQKxRX6NYuaic4M7J8lMe.jpg</fanart>
</item>
