<item>
	<title>[COLOR=white]2012[/COLOR]</title>
	<meta>
	<imdb>tt1190080</imdb>
	<content>movie</content>
	<title>2012</title>
	<year>2009</year>
	</meta>
	<link>
	<sublink>search</sublink>
	<sublink>searchsd</sublink>
	</link>
	<thumbnail>https://image.tmdb.org/t/p/w1280/zf1idF1ys8zuaAzEEzghre5A4m3.jpg</thumbnail>
	<fanart>https://image.tmdb.org/t/p/w1280/ywxrdkfbr8Dg3SBW2gi4kC59qOb.jpg</fanart>
</item>
<item>
	<title>[COLOR=white]Alice in Wonderland[/COLOR]</title>
	<meta>
	<imdb>tt1014759</imdb>
	<content>movie</content>
	<title>Alice in Wonderland</title>
	<year>2010</year>
	</meta>
	<link>
	<sublink>search</sublink>
	<sublink>searchsd</sublink>
	</link>
	<thumbnail>https://image.tmdb.org/t/p/w1280/pvEE5EN5N1yjmHmldfL4aJWm56l.jpg</thumbnail>
	<fanart>https://image.tmdb.org/t/p/w1280/aBCjJWQkEsn3Y3nbx1IOKRLalqa.jpg</fanart>
</item>
<item>
	<title>[COLOR=white]Avatar[/COLOR]</title>
	<meta>
	<imdb>tt0499549</imdb>
	<content>movie</content>
	<title>Avatar</title>
	<year>2009</year>
	</meta>
	<link>
	<sublink>search</sublink>
	<sublink>searchsd</sublink>
	</link>
	<thumbnail>https://image.tmdb.org/t/p/w1280/kmcqlZGaSh20zpTbuoF0Cdn07dT.jpg</thumbnail>
	<fanart>https://image.tmdb.org/t/p/w1280/5XPPB44RQGfkBrbJxmtdndKz05n.jpg</fanart>
</item>
<item>
	<title>[COLOR=white]E.T. the Extra-Terrestrial[/COLOR]</title>
	<meta>
	<imdb>tt0083866</imdb>
	<content>movie</content>
	<title>E.T. the Extra-Terrestrial</title>
	<year>1982</year>
	</meta>
	<link>
	<sublink>search</sublink>
	<sublink>searchsd</sublink>
	</link>
	<thumbnail>https://image.tmdb.org/t/p/w1280/8htLKK03TJjKZOXJgihZCu8v0P.jpg</thumbnail>
	<fanart>https://image.tmdb.org/t/p/w1280/mXLVA0YL6tcXi6SJSuAh9ONXFj5.jpg</fanart>
</item>
<item>
	<title>[COLOR=white]Finding Nemo[/COLOR]</title>
	<meta>
	<imdb>tt0266543</imdb>
	<content>movie</content>
	<title>Finding Nemo</title>
	<year>2003</year>
	</meta>
	<link>
	<sublink>search</sublink>
	<sublink>searchsd</sublink>
	</link>
	<thumbnail>https://image.tmdb.org/t/p/w1280/syPWyeeqzTQIxjIUaIFI7d0TyEY.jpg</thumbnail>
	<fanart>https://image.tmdb.org/t/p/w1280/n2vIGWw4ezslXjlP0VNxkp9wqwU.jpg</fanart>
</item>
<item>
	<title>[COLOR=white]Harry Potter and the Chamber of Secrets[/COLOR]</title>
	<meta>
	<imdb>tt0295297</imdb>
	<content>movie</content>
	<title>Harry Potter and the Chamber of Secrets</title>
	<year>2002</year>
	</meta>
	<link>
	<sublink>search</sublink>
	<sublink>searchsd</sublink>
	</link>
	<thumbnail>https://image.tmdb.org/t/p/w1280/sdEOH0992YZ0QSxgXNIGLq1ToUi.jpg</thumbnail>
	<fanart>https://image.tmdb.org/t/p/w1280/2grHB4caPBmOyDW9x7NAwldtk8Y.jpg</fanart>
</item>
<item>
	<title>[COLOR=white]Harry Potter and the Deathly Hallows: Part 1[/COLOR]</title>
	<meta>
	<imdb>tt0926084</imdb>
	<content>movie</content>
	<title>Harry Potter and the Deathly Hallows: Part 1</title>
	<year>2010</year>
	</meta>
	<link>
	<sublink>search</sublink>
	<sublink>searchsd</sublink>
	</link>
	<thumbnail>https://image.tmdb.org/t/p/w1280/maP4MTfPCeVD2FZbKTLUgriOW4R.jpg</thumbnail>
	<fanart>https://image.tmdb.org/t/p/w1280/8YA36faYlkpfp6aozcGsqq68pZ9.jpg</fanart>
</item>
<item>
	<title>[COLOR=white]Harry Potter and the Deathly Hallows: Part 2[/COLOR]</title>
	<meta>
	<imdb>tt1201607</imdb>
	<content>movie</content>
	<title>Harry Potter and the Deathly Hallows: Part 2</title>
	<year>2011</year>
	</meta>
	<link>
	<sublink>search</sublink>
	<sublink>searchsd</sublink>
	</link>
	<thumbnail>https://image.tmdb.org/t/p/w1280/fTplI1NCSuEDP4ITLcTps739fcC.jpg</thumbnail>
	<fanart>https://image.tmdb.org/t/p/w1280/6n0DAcyjTHS6888mt8U9ZsLy9nR.jpg</fanart>
</item>
<item>
	<title>[COLOR=white]Harry Potter and the Goblet of Fire[/COLOR]</title>
	<meta>
	<imdb>tt0330373</imdb>
	<content>movie</content>
	<title>Harry Potter and the Goblet of Fire</title>
	<year>2005</year>
	</meta>
	<link>
	<sublink>search</sublink>
	<sublink>searchsd</sublink>
	</link>
	<thumbnail>https://image.tmdb.org/t/p/w1280/6sASqcdrEHXxUhA3nFpjrRecPD2.jpg</thumbnail>
	<fanart>https://image.tmdb.org/t/p/w1280/gzKW3emulMxIHzuXxZoyDB1lei9.jpg</fanart>
</item>
<item>
	<title>[COLOR=white]Harry Potter and the Half-Blood Prince[/COLOR]</title>
	<meta>
	<imdb>tt0417741</imdb>
	<content>movie</content>
	<title>Harry Potter and the Half-Blood Prince</title>
	<year>2009</year>
	</meta>
	<link>
	<sublink>search</sublink>
	<sublink>searchsd</sublink>
	</link>
	<thumbnail>https://image.tmdb.org/t/p/w1280/bFXys2nhALwDvpkF3dP3Vvdfn8b.jpg</thumbnail>
	<fanart>https://image.tmdb.org/t/p/w1280/kRyojLYtWPsBKfDhphhhl1FdM5a.jpg</fanart>
</item>
<item>
	<title>[COLOR=white]Harry Potter and the Order of the Phoenix[/COLOR]</title>
	<meta>
	<imdb>tt0373889</imdb>
	<content>movie</content>
	<title>Harry Potter and the Order of the Phoenix</title>
	<year>2007</year>
	</meta>
	<link>
	<sublink>search</sublink>
	<sublink>searchsd</sublink>
	</link>
	<thumbnail>https://image.tmdb.org/t/p/w1280/4YnLxYLHhT4UQ8i9jxAXWy46Xuw.jpg</thumbnail>
	<fanart>https://image.tmdb.org/t/p/w1280/gGt4ePOhD8ilxd3FYhKB06L2CyG.jpg</fanart>
</item>
<item>
	<title>[COLOR=white]Harry Potter and the Philosopher's Stone[/COLOR]</title>
	<meta>
	<imdb>tt0241527</imdb>
	<content>movie</content>
	<title>Harry Potter and the Philosopher's Stone</title>
	<year>2001</year>
	</meta>
	<link>
	<sublink>search</sublink>
	<sublink>searchsd</sublink>
	</link>
	<thumbnail>https://image.tmdb.org/t/p/w1280/dCtFvscYcXQKTNvyyaQr2g2UacJ.jpg</thumbnail>
	<fanart>https://image.tmdb.org/t/p/w1280/aPndWixw0hlH1XAXcSSZxW5LF8m.jpg</fanart>
</item>
<item>
	<title>[COLOR=white]Harry Potter and the Prisoner of Azkaban[/COLOR]</title>
	<meta>
	<imdb>tt0304141</imdb>
	<content>movie</content>
	<title>Harry Potter and the Prisoner of Azkaban</title>
	<year>2004</year>
	</meta>
	<link>
	<sublink>search</sublink>
	<sublink>searchsd</sublink>
	</link>
	<thumbnail>https://image.tmdb.org/t/p/w1280/jUFjMoLh8T2CWzHUSjKCojI5SHu.jpg</thumbnail>
	<fanart>https://image.tmdb.org/t/p/w1280/wUpBH6RIH4uOiWoPjj8MKUemu9F.jpg</fanart>
</item>
<item>
	<title>[COLOR=white]Ice Age: Continental Drift[/COLOR]</title>
	<meta>
	<imdb>tt1667889</imdb>
	<content>movie</content>
	<title>Ice Age: Continental Drift</title>
	<year>2012</year>
	</meta>
	<link>
	<sublink>search</sublink>
	<sublink>searchsd</sublink>
	</link>
	<thumbnail>https://image.tmdb.org/t/p/w1280/u30xsZd3mijrdBKA6CeDsozx48g.jpg</thumbnail>
	<fanart>https://image.tmdb.org/t/p/w1280/hSKe2uCNRMl1hfwXpj29K2PkvgG.jpg</fanart>
</item>
<item>
	<title>[COLOR=white]Ice Age: Dawn of the Dinosaurs[/COLOR]</title>
	<meta>
	<imdb>tt1080016</imdb>
	<content>movie</content>
	<title>Ice Age: Dawn of the Dinosaurs</title>
	<year>2009</year>
	</meta>
	<link>
	<sublink>search</sublink>
	<sublink>searchsd</sublink>
	</link>
	<thumbnail>https://image.tmdb.org/t/p/w1280/crAf8b9gFpcdvY7majL8xWzTbem.jpg</thumbnail>
	<fanart>https://image.tmdb.org/t/p/w1280/18pbr8D6U2puwUJYxAyqkLXJXSi.jpg</fanart>
</item>
<item>
	<title>[COLOR=white]Inception[/COLOR]</title>
	<meta>
	<imdb>tt1375666</imdb>
	<content>movie</content>
	<title>Inception</title>
	<year>2010</year>
	</meta>
	<link>
	<sublink>search</sublink>
	<sublink>searchsd</sublink>
	</link>
	<thumbnail>https://image.tmdb.org/t/p/w1280/qmDpIHrmpJINaRKAfWQfftjCdyi.jpg</thumbnail>
	<fanart>https://image.tmdb.org/t/p/w1280/s2bT29y0ngXxxu2IA8AOzzXTRhd.jpg</fanart>
</item>
<item>
	<title>[COLOR=white]Independence Day[/COLOR]</title>
	<meta>
	<imdb>tt0116629</imdb>
	<content>movie</content>
	<title>Independence Day</title>
	<year>1996</year>
	</meta>
	<link>
	<sublink>search</sublink>
	<sublink>searchsd</sublink>
	</link>
	<thumbnail>https://image.tmdb.org/t/p/w1280/bqLlWZJdhrS0knfEJRkquW7L8z2.jpg</thumbnail>
	<fanart>https://image.tmdb.org/t/p/w1280/4E2xKGrU2qcqUE2S3Nl27hwZdqy.jpg</fanart>
</item>
<item>
	<title>[COLOR=white]Indiana Jones and the Kingdom of the Crystal Skull[/COLOR]</title>
	<meta>
	<imdb>tt0367882</imdb>
	<content>movie</content>
	<title>Indiana Jones and the Kingdom of the Crystal Skull</title>
	<year>2008</year>
	</meta>
	<link>
	<sublink>search</sublink>
	<sublink>searchsd</sublink>
	</link>
	<thumbnail>https://image.tmdb.org/t/p/w1280/qY1x6v5daMDTr904G3y84WVgpfC.jpg</thumbnail>
	<fanart>https://image.tmdb.org/t/p/w1280/m9vS8UfYd9XZedhO7ifpAznxSOj.jpg</fanart>
</item>
<item>
	<title>[COLOR=white]Jurassic Park[/COLOR]</title>
	<meta>
	<imdb>tt0107290</imdb>
	<content>movie</content>
	<title>Jurassic Park</title>
	<year>1993</year>
	</meta>
	<link>
	<sublink>search</sublink>
	<sublink>searchsd</sublink>
	</link>
	<thumbnail>https://image.tmdb.org/t/p/w1280/c414cDeQ9b6qLPLeKmiJuLDUREJ.jpg</thumbnail>
	<fanart>https://image.tmdb.org/t/p/w1280/8LZ0r7r2SdJIApRvGo2k6CXHq8x.jpg</fanart>
</item>
<item>
	<title>[COLOR=white]Pirates of the Caribbean: At World's End[/COLOR]</title>
	<meta>
	<imdb>tt0449088</imdb>
	<content>movie</content>
	<title>Pirates of the Caribbean: At World's End</title>
	<year>2007</year>
	</meta>
	<link>
	<sublink>search</sublink>
	<sublink>searchsd</sublink>
	</link>
	<thumbnail>https://image.tmdb.org/t/p/w1280/bXb00CkHqx7TPchTGG131sWV59y.jpg</thumbnail>
	<fanart>https://image.tmdb.org/t/p/w1280/EDloimImeTz1rFM7YIJ5Dw1mzU.jpg</fanart>
</item>
<item>
	<title>[COLOR=white]Pirates of the Caribbean: Dead Man's Chest[/COLOR]</title>
	<meta>
	<imdb>tt0383574</imdb>
	<content>movie</content>
	<title>Pirates of the Caribbean: Dead Man's Chest</title>
	<year>2006</year>
	</meta>
	<link>
	<sublink>search</sublink>
	<sublink>searchsd</sublink>
	</link>
	<thumbnail>https://image.tmdb.org/t/p/w1280/waFr5RVKaQ9dzOt3nQuIVB1FiPu.jpg</thumbnail>
	<fanart>https://image.tmdb.org/t/p/w1280/yD3gXOtGmXnbJBPLgqluZU2QF5c.jpg</fanart>
</item>
<item>
	<title>[COLOR=white]Pirates of the Caribbean: On Stranger Tides[/COLOR]</title>
	<meta>
	<imdb>tt1298650</imdb>
	<content>movie</content>
	<title>Pirates of the Caribbean: On Stranger Tides</title>
	<year>2011</year>
	</meta>
	<link>
	<sublink>search</sublink>
	<sublink>searchsd</sublink>
	</link>
	<thumbnail>https://image.tmdb.org/t/p/w1280/wNUDAq5OUMOtxMlz64YaCp7gZma.jpg</thumbnail>
	<fanart>https://image.tmdb.org/t/p/w1280/l7zANdjgTvYqwZUx76Vk0EKpCH5.jpg</fanart>
</item>
<item>
	<title>[COLOR=white]Shrek 2[/COLOR]</title>
	<meta>
	<imdb>tt0298148</imdb>
	<content>movie</content>
	<title>Shrek 2</title>
	<year>2004</year>
	</meta>
	<link>
	<sublink>search</sublink>
	<sublink>searchsd</sublink>
	</link>
	<thumbnail>https://image.tmdb.org/t/p/w1280/akWDA0BMVYK4OTM92T5i91DYnsT.jpg</thumbnail>
	<fanart>https://image.tmdb.org/t/p/w1280/nJ0TsLEeht6y30AMryc4ElQ8gzp.jpg</fanart>
</item>
<item>
	<title>[COLOR=white]Shrek Forever After[/COLOR]</title>
	<meta>
	<imdb>tt0892791</imdb>
	<content>movie</content>
	<title>Shrek Forever After</title>
	<year>2010</year>
	</meta>
	<link>
	<sublink>search</sublink>
	<sublink>searchsd</sublink>
	</link>
	<thumbnail>https://image.tmdb.org/t/p/w1280/enqVwbUu6OX5LHq0fuk7sLT35zy.jpg</thumbnail>
	<fanart>https://image.tmdb.org/t/p/w1280/aD8iOuLlEiMfVlHTnAe15fZLo0S.jpg</fanart>
</item>
<item>
	<title>[COLOR=white]Shrek the Third[/COLOR]</title>
	<meta>
	<imdb>tt0413267</imdb>
	<content>movie</content>
	<title>Shrek the Third</title>
	<year>2007</year>
	</meta>
	<link>
	<sublink>search</sublink>
	<sublink>searchsd</sublink>
	</link>
	<thumbnail>https://image.tmdb.org/t/p/w1280/lA17Mlz8hXVZsW5Y3WuUa8KPilQ.jpg</thumbnail>
	<fanart>https://image.tmdb.org/t/p/w1280/7fT1IogBbxM6S7SOIGSe7BXLEMq.jpg</fanart>
</item>
<item>
	<title>[COLOR=white]Spider-Man 2[/COLOR]</title>
	<meta>
	<imdb>tt0316654</imdb>
	<content>movie</content>
	<title>Spider-Man 2</title>
	<year>2004</year>
	</meta>
	<link>
	<sublink>search</sublink>
	<sublink>searchsd</sublink>
	</link>
	<thumbnail>https://image.tmdb.org/t/p/w1280/pixSKHplrTqUzxMS2K5socvtCfs.jpg</thumbnail>
	<fanart>https://image.tmdb.org/t/p/w1280/inHzBSWqQhHaamuBSZ0I0YQ1OQf.jpg</fanart>
</item>
<item>
	<title>[COLOR=white]Spider-Man 3[/COLOR]</title>
	<meta>
	<imdb>tt0413300</imdb>
	<content>movie</content>
	<title>Spider-Man 3</title>
	<year>2007</year>
	</meta>
	<link>
	<sublink>search</sublink>
	<sublink>searchsd</sublink>
	</link>
	<thumbnail>https://image.tmdb.org/t/p/w1280/btocnvK4l8a4BGS887ed3lsTFog.jpg</thumbnail>
	<fanart>https://image.tmdb.org/t/p/w1280/7IBpOrw0ATwL1AOV97mtsceDpYs.jpg</fanart>
</item>
<item>
	<title>[COLOR=white]Spider-Man[/COLOR]</title>
	<meta>
	<imdb>tt0145487</imdb>
	<content>movie</content>
	<title>Spider-Man</title>
	<year>2002</year>
	</meta>
	<link>
	<sublink>search</sublink>
	<sublink>searchsd</sublink>
	</link>
	<thumbnail>https://image.tmdb.org/t/p/w1280/rZd0y1X1Gw4t5B3f01Qzj8DYY66.jpg</thumbnail>
	<fanart>https://image.tmdb.org/t/p/w1280/5yAEbTXiJZQpNx7eCyyOhnY9MYw.jpg</fanart>
</item>
<item>
	<title>[COLOR=white]Star Wars: Episode I - The Phantom Menace[/COLOR]</title>
	<meta>
	<imdb>tt0120915</imdb>
	<content>movie</content>
	<title>Star Wars: Episode I - The Phantom Menace</title>
	<year>1999</year>
	</meta>
	<link>
	<sublink>search</sublink>
	<sublink>searchsd</sublink>
	</link>
	<thumbnail>https://image.tmdb.org/t/p/w1280/n8V09dDc02KsSN6Q4hC2BX6hN8X.jpg</thumbnail>
	<fanart>https://image.tmdb.org/t/p/w1280/v6lRzOActebITc9rizhNAdwQR1O.jpg</fanart>
</item>
<item>
	<title>[COLOR=white]Star Wars: Episode III - Revenge of the Sith[/COLOR]</title>
	<meta>
	<imdb>tt0121766</imdb>
	<content>movie</content>
	<title>Star Wars: Episode III - Revenge of the Sith</title>
	<year>2005</year>
	</meta>
	<link>
	<sublink>search</sublink>
	<sublink>searchsd</sublink>
	</link>
	<thumbnail>https://image.tmdb.org/t/p/w1280/tgr5Pdy7ehZYBqBkN2K7Q02xgOb.jpg</thumbnail>
	<fanart>https://image.tmdb.org/t/p/w1280/wUYTfFbfPiZC6Lcyt1nonr69ZmK.jpg</fanart>
</item>
<item>
	<title>[COLOR=white]Star Wars[/COLOR]</title>
	<meta>
	<imdb>tt0076759</imdb>
	<content>movie</content>
	<title>Star Wars</title>
	<year>1977</year>
	</meta>
	<link>
	<sublink>search</sublink>
	<sublink>searchsd</sublink>
	</link>
	<thumbnail>https://image.tmdb.org/t/p/w1280/btTdmkgIvOi0FFip1sPuZI2oQG6.jpg</thumbnail>
	<fanart>https://image.tmdb.org/t/p/w1280/4iJfYYoQzZcONB9hNzg0J0wWyPH.jpg</fanart>
</item>
<item>
	<title>[COLOR=white]The Amazing Spider-Man[/COLOR]</title>
	<meta>
	<imdb>tt0948470</imdb>
	<content>movie</content>
	<title>The Amazing Spider-Man</title>
	<year>2012</year>
	</meta>
	<link>
	<sublink>search</sublink>
	<sublink>searchsd</sublink>
	</link>
	<thumbnail>https://image.tmdb.org/t/p/w1280/eA2D86Y6VPWuUzZyatiLBwpTilQ.jpg</thumbnail>
	<fanart>https://image.tmdb.org/t/p/w1280/ujAY1ad7yS2TfV0GDNGUZ7DK0mo.jpg</fanart>
</item>
<item>
	<title>[COLOR=white]The Avengers[/COLOR]</title>
	<meta>
	<imdb>tt0848228</imdb>
	<content>movie</content>
	<title>The Avengers</title>
	<year>2012</year>
	</meta>
	<link>
	<sublink>search</sublink>
	<sublink>searchsd</sublink>
	</link>
	<thumbnail>https://image.tmdb.org/t/p/w1280/cezWGskPY5x7GaglTTRN4Fugfb8.jpg</thumbnail>
	<fanart>https://image.tmdb.org/t/p/w1280/hbn46fQaRmlpBuUrEiFqv0GDL6Y.jpg</fanart>
</item>
<item>
	<title>[COLOR=white]The Chronicles of Narnia: The Lion, the Witch and the Wardrobe[/COLOR]</title>
	<meta>
	<imdb>tt0363771</imdb>
	<content>movie</content>
	<title>The Chronicles of Narnia: The Lion, the Witch and the Wardrobe</title>
	<year>2005</year>
	</meta>
	<link>
	<sublink>search</sublink>
	<sublink>searchsd</sublink>
	</link>
	<thumbnail>https://image.tmdb.org/t/p/w1280/l8RKDgjl9co0IgFZblxhtIOi5Uj.jpg</thumbnail>
	<fanart>https://image.tmdb.org/t/p/w1280/4ZwXJcUT3KdE8Kan9TJ7l0Rg5LG.jpg</fanart>
</item>
<item>
	<title>[COLOR=white]The Da Vinci Code[/COLOR]</title>
	<meta>
	<imdb>tt0382625</imdb>
	<content>movie</content>
	<title>The Da Vinci Code</title>
	<year>2006</year>
	</meta>
	<link>
	<sublink>search</sublink>
	<sublink>searchsd</sublink>
	</link>
	<thumbnail>https://image.tmdb.org/t/p/w1280/5IqaT3fza0Y9vKazjGwDGsNuuS8.jpg</thumbnail>
	<fanart>https://image.tmdb.org/t/p/w1280/hcAMO4LF6G2hvsTpNgmY1kFj3jJ.jpg</fanart>
</item>
<item>
	<title>[COLOR=white]The Dark Knight Rises[/COLOR]</title>
	<meta>
	<imdb>tt1345836</imdb>
	<content>movie</content>
	<title>The Dark Knight Rises</title>
	<year>2012</year>
	</meta>
	<link>
	<sublink>search</sublink>
	<sublink>searchsd</sublink>
	</link>
	<thumbnail>https://image.tmdb.org/t/p/w1280/dEYnvnUfXrqvqeRSqvIEtmzhoA8.jpg</thumbnail>
	<fanart>https://image.tmdb.org/t/p/w1280/f6ljQGv7WnJuwBPty017oPWfqjx.jpg</fanart>
</item>
<item>
	<title>[COLOR=white]The Dark Knight[/COLOR]</title>
	<meta>
	<imdb>tt0468569</imdb>
	<content>movie</content>
	<title>The Dark Knight</title>
	<year>2008</year>
	</meta>
	<link>
	<sublink>search</sublink>
	<sublink>searchsd</sublink>
	</link>
	<thumbnail>https://image.tmdb.org/t/p/w1280/1hRoyzDtpgMU7Dz4JF22RANzQO7.jpg</thumbnail>
	<fanart>https://image.tmdb.org/t/p/w1280/hqkIcbrOHL86UncnHIsHVcVmzue.jpg</fanart>
</item>
<item>
	<title>[COLOR=white]The Lion King[/COLOR]</title>
	<meta>
	<imdb>tt0110357</imdb>
	<content>movie</content>
	<title>The Lion King</title>
	<year>1994</year>
	</meta>
	<link>
	<sublink>search</sublink>
	<sublink>searchsd</sublink>
	</link>
	<thumbnail>https://image.tmdb.org/t/p/w1280/bKPtXn9n4M4s8vvZrbw40mYsefB.jpg</thumbnail>
	<fanart>https://image.tmdb.org/t/p/w1280/6lL49SOgBtqiXMs7Y5HWBYH3X9Z.jpg</fanart>
</item>
<item>
	<title>[COLOR=white]The Lord of the Rings: The Fellowship of the Ring[/COLOR]</title>
	<meta>
	<imdb>tt0120737</imdb>
	<content>movie</content>
	<title>The Lord of the Rings: The Fellowship of the Ring</title>
	<year>2001</year>
	</meta>
	<link>
	<sublink>search</sublink>
	<sublink>searchsd</sublink>
	</link>
	<thumbnail>https://image.tmdb.org/t/p/w1280/eDkDYEUIHEp5qavNa5k6XsMHgbf.jpg</thumbnail>
	<fanart>https://image.tmdb.org/t/p/w1280/pIUvQ9Ed35wlWhY2oU6OmwEsmzG.jpg</fanart>
</item>
<item>
	<title>[COLOR=white]The Lord of the Rings: The Return of the King[/COLOR]</title>
	<meta>
	<imdb>tt0167260</imdb>
	<content>movie</content>
	<title>The Lord of the Rings: The Return of the King</title>
	<year>2003</year>
	</meta>
	<link>
	<sublink>search</sublink>
	<sublink>searchsd</sublink>
	</link>
	<thumbnail>https://image.tmdb.org/t/p/w1280/rCzpDGLbOoPwLjy3OAm5NUPOTrC.jpg</thumbnail>
	<fanart>https://image.tmdb.org/t/p/w1280/8BPZO0Bf8TeAy8znF43z8soK3ys.jpg</fanart>
</item>
<item>
	<title>[COLOR=white]The Lord of the Rings: The Two Towers[/COLOR]</title>
	<meta>
	<imdb>tt0167261</imdb>
	<content>movie</content>
	<title>The Lord of the Rings: The Two Towers</title>
	<year>2002</year>
	</meta>
	<link>
	<sublink>search</sublink>
	<sublink>searchsd</sublink>
	</link>
	<thumbnail>https://image.tmdb.org/t/p/w1280/5VTN0pR8gcqV3EPUHHfMGnJYN9L.jpg</thumbnail>
	<fanart>https://image.tmdb.org/t/p/w1280/dG4BmM32XJmKiwopLDQmvXEhuHB.jpg</fanart>
</item>
<item>
	<title>[COLOR=white]The Matrix Reloaded[/COLOR]</title>
	<meta>
	<imdb>tt0234215</imdb>
	<content>movie</content>
	<title>The Matrix Reloaded</title>
	<year>2003</year>
	</meta>
	<link>
	<sublink>search</sublink>
	<sublink>searchsd</sublink>
	</link>
	<thumbnail>https://image.tmdb.org/t/p/w1280/ezIurBz2fdUc68d98Fp9dRf5ihv.jpg</thumbnail>
	<fanart>https://image.tmdb.org/t/p/w1280/Fp3piEuHXxKnPBO5R0Wj4wjZHg.jpg</fanart>
</item>
<item>
	<title>[COLOR=white]The Twilight Saga: Breaking Dawn - Part 1[/COLOR]</title>
	<meta>
	<imdb>tt1324999</imdb>
	<content>movie</content>
	<title>The Twilight Saga: Breaking Dawn - Part 1</title>
	<year>2011</year>
	</meta>
	<link>
	<sublink>search</sublink>
	<sublink>searchsd</sublink>
	</link>
	<thumbnail>https://image.tmdb.org/t/p/w1280/q23U9glt0RJIvM0f7g5BqJbqncx.jpg</thumbnail>
	<fanart>https://image.tmdb.org/t/p/w1280/fwhRNjMmwqeGH35eQonSPmQs2ah.jpg</fanart>
</item>
<item>
	<title>[COLOR=white]The Twilight Saga: New Moon[/COLOR]</title>
	<meta>
	<imdb>tt1259571</imdb>
	<content>movie</content>
	<title>The Twilight Saga: New Moon</title>
	<year>2009</year>
	</meta>
	<link>
	<sublink>search</sublink>
	<sublink>searchsd</sublink>
	</link>
	<thumbnail>https://image.tmdb.org/t/p/w1280/4O6OCHVrXie2Th8asDn5utvlTwC.jpg</thumbnail>
	<fanart>https://image.tmdb.org/t/p/w1280/fOI3kFfMGBnNJJlnwYAXunpqzze.jpg</fanart>
</item>
<item>
	<title>[COLOR=white]Titanic[/COLOR]</title>
	<meta>
	<imdb>tt0120338</imdb>
	<content>movie</content>
	<title>Titanic</title>
	<year>1997</year>
	</meta>
	<link>
	<sublink>search</sublink>
	<sublink>searchsd</sublink>
	</link>
	<thumbnail>https://image.tmdb.org/t/p/w1280/kHXEpyfl6zqn8a6YuozZUujufXf.jpg</thumbnail>
	<fanart>https://image.tmdb.org/t/p/w1280/vFUI5obFtx4IdhP6k8Om5ezHTrk.jpg</fanart>
</item>
<item>
	<title>[COLOR=white]Toy Story 3[/COLOR]</title>
	<meta>
	<imdb>tt0435761</imdb>
	<content>movie</content>
	<title>Toy Story 3</title>
	<year>2010</year>
	</meta>
	<link>
	<sublink>search</sublink>
	<sublink>searchsd</sublink>
	</link>
	<thumbnail>https://image.tmdb.org/t/p/w1280/mMltbSxwEdNE4Cv8QYLpzkHWTDo.jpg</thumbnail>
	<fanart>https://image.tmdb.org/t/p/w1280/y2qAjM37QgatWeG84DDtwsZuMW.jpg</fanart>
</item>
<item>
	<title>[COLOR=white]Transformers: Dark of the Moon[/COLOR]</title>
	<meta>
	<imdb>tt1399103</imdb>
	<content>movie</content>
	<title>Transformers: Dark of the Moon</title>
	<year>2011</year>
	</meta>
	<link>
	<sublink>search</sublink>
	<sublink>searchsd</sublink>
	</link>
	<thumbnail>https://image.tmdb.org/t/p/w1280/sZY3ls18QTY0pFBJn2vl2MmauTQ.jpg</thumbnail>
	<fanart>https://image.tmdb.org/t/p/w1280/pFc0IBKfRS16wVmZuZ1mpfP239X.jpg</fanart>
</item>
<item>
	<title>[COLOR=white]Transformers: Revenge of the Fallen[/COLOR]</title>
	<meta>
	<imdb>tt1055369</imdb>
	<content>movie</content>
	<title>Transformers: Revenge of the Fallen</title>
	<year>2009</year>
	</meta>
	<link>
	<sublink>search</sublink>
	<sublink>searchsd</sublink>
	</link>
	<thumbnail>https://image.tmdb.org/t/p/w1280/kVISXAXDYhjQCfu50QZeCCzzbPv.jpg</thumbnail>
	<fanart>https://image.tmdb.org/t/p/w1280/tg7UGXaUROpzY5ppPh7dnvy4l7P.jpg</fanart>
</item>
<item>
	<title>[COLOR=white]Transformers[/COLOR]</title>
	<meta>
	<imdb>tt0418279</imdb>
	<content>movie</content>
	<title>Transformers</title>
	<year>2007</year>
	</meta>
	<link>
	<sublink>search</sublink>
	<sublink>searchsd</sublink>
	</link>
	<thumbnail>https://image.tmdb.org/t/p/w1280/bgSHbGEA1OM6qDs3Qba4VlSZsNG.jpg</thumbnail>
	<fanart>https://image.tmdb.org/t/p/w1280/qMg2eSEnPrqT6uBjrLTzqzP2sHp.jpg</fanart>
</item>
<item>
	<title>[COLOR=white]Up[/COLOR]</title>
	<meta>
	<imdb>tt1049413</imdb>
	<content>movie</content>
	<title>Up</title>
	<year>2009</year>
	</meta>
	<link>
	<sublink>search</sublink>
	<sublink>searchsd</sublink>
	</link>
	<thumbnail>https://image.tmdb.org/t/p/w1280/nk11pvocdb5zbFhX5oq5YiLPYMo.jpg</thumbnail>
	<fanart>https://image.tmdb.org/t/p/w1280/6fX7NF6IUJCTVssei7Shgl9J6LL.jpg</fanart>
</item>
